date,nav,fund_name
2026-07-24,6242.1652,axis_bluechip
2026-07-23,6240.5818,axis_bluechip
2026-07-22,6238.7028,axis_bluechip
2026-07-21,6238.7844,axis_bluechip
2026-07-20,6235.2804,axis_bluechip
2026-07-17,6234.115,axis_bluechip
2026-07-16,6230.8027,axis_bluechip
2026-07-15,6228.0939,axis_bluechip
2026-07-14,6227.1416,axis_bluechip
2026-07-13,6230.5791,axis_bluechip
2026-07-10,6228.9381,axis_bluechip
2026-07-09,6227.9863,axis_bluechip
2026-07-08,6224.3456,axis_bluechip
2026-07-07,6227.8516,axis_bluechip
2026-07-06,6231.476,axis_bluechip
2026-07-03,6229.0236,axis_bluechip
2026-07-02,6229.4422,axis_bluechip
2026-07-01,6225.516,axis_bluechip
2026-06-30,6220.8373,axis_bluechip
2026-06-29,6217.3124,axis_bluechip
2026-06-25,6209.1907,axis_bluechip
2026-06-24,6204.477,axis_bluechip
2026-06-23,6200.8511,axis_bluechip
2026-06-22,6199.4871,axis_bluechip
2026-06-19,6195.7815,axis_bluechip
2026-06-18,6194.652,axis_bluechip
2026-06-17,6193.3504,axis_bluechip
2026-06-16,6191.812,axis_bluechip
2026-06-15,6187.8223,axis_bluechip
2026-06-12,6181.8148,axis_bluechip
2026-06-11,6179.1996,axis_bluechip
2026-06-10,6181.7967,axis_bluechip
2026-06-09,6180.6685,axis_bluechip
2026-06-08,6174.2084,axis_bluechip
2026-06-05,6168.4755,axis_bluechip
2026-06-04,6160.9434,axis_bluechip
2026-06-03,6159.9626,axis_bluechip
2026-06-02,6158.9665,axis_bluechip
2026-06-01,6156.7532,axis_bluechip
2026-05-29,6151.1139,axis_bluechip
2026-05-27,6146.6118,axis_bluechip
2026-05-26,6144.0004,axis_bluechip
2026-05-25,6144.8478,axis_bluechip
2026-05-22,6142.638,axis_bluechip
2026-05-21,6142.8808,axis_bluechip
2026-05-20,6147.5856,axis_bluechip
2026-05-19,6149.7598,axis_bluechip
2026-05-18,6148.4847,axis_bluechip
2026-05-15,6148.3016,axis_bluechip
2026-05-14,6148.9361,axis_bluechip
2026-05-13,6150.1257,axis_bluechip
2026-05-12,6150.5076,axis_bluechip
2026-05-11,6151.8671,axis_bluechip
2026-05-08,6151.3707,axis_bluechip
2026-05-07,6149.9098,axis_bluechip
2026-05-06,6149.0307,axis_bluechip
2026-05-05,6146.0001,axis_bluechip
2026-05-04,6145.7049,axis_bluechip
2026-04-30,6140.1614,axis_bluechip
2026-04-29,6141.8799,axis_bluechip
2026-04-28,6143.001,axis_bluechip
2026-04-27,6142.5902,axis_bluechip
2026-04-24,6142.2018,axis_bluechip
2026-04-23,6141.9603,axis_bluechip
2026-04-22,6143.3663,axis_bluechip
2026-04-21,6142.9601,axis_bluechip
2026-04-20,6142.2537,axis_bluechip
2026-04-17,6139.2351,axis_bluechip
2026-04-16,6139.7004,axis_bluechip
2026-04-15,6137.6962,axis_bluechip
2026-04-13,6133.4071,axis_bluechip
2026-04-10,6129.7674,axis_bluechip
2026-04-09,6126.1544,axis_bluechip
2026-04-08,6119.1243,axis_bluechip
2026-04-07,6110.1834,axis_bluechip
2026-04-06,6107.3346,axis_bluechip
2026-04-02,6104.7264,axis_bluechip
2026-03-31,6102.5131,axis_bluechip
2026-03-30,6101.3858,axis_bluechip
2026-03-27,6095.1859,axis_bluechip
2026-03-25,6090.541,axis_bluechip
2026-03-24,6089.2045,axis_bluechip
2026-03-23,6090.1601,axis_bluechip
2026-03-20,6093.5261,axis_bluechip
2026-03-18,6093.8586,axis_bluechip
2026-03-17,6089.0993,axis_bluechip
2026-03-16,6086.3434,axis_bluechip
2026-03-13,6083.6197,axis_bluechip
2026-03-12,6087.112,axis_bluechip
2026-03-11,6088.3404,axis_bluechip
2026-03-10,6086.6516,axis_bluechip
2026-03-09,6085.2288,axis_bluechip
2026-03-06,6084.2962,axis_bluechip
2026-03-05,6082.3927,axis_bluechip
2026-03-04,6081.0589,axis_bluechip
2026-03-02,6081.764,axis_bluechip
2026-02-27,6079.9195,axis_bluechip
2026-02-26,6078.8123,axis_bluechip
2026-02-25,6077.5886,axis_bluechip
2026-02-24,6076.1758,axis_bluechip
2026-02-23,6074.6388,axis_bluechip
2026-02-20,6071.6571,axis_bluechip
2026-02-18,6069.767,axis_bluechip
2026-02-17,6069.7063,axis_bluechip
2026-02-16,6069.3783,axis_bluechip
2026-02-13,6066.864,axis_bluechip
2026-02-12,6063.705,axis_bluechip
2026-02-11,6061.1204,axis_bluechip
2026-02-10,6058.8643,axis_bluechip
2026-02-09,6057.5032,axis_bluechip
2026-02-06,6054.9686,axis_bluechip
2026-02-05,6055.7449,axis_bluechip
2026-02-04,6053.3313,axis_bluechip
2026-02-03,6050.7733,axis_bluechip
2026-02-02,6047.2159,axis_bluechip
2026-01-30,6043.7838,axis_bluechip
2026-01-29,6041.3173,axis_bluechip
2026-01-28,6040.7842,axis_bluechip
2026-01-27,6041.4977,axis_bluechip
2026-01-23,6037.6453,axis_bluechip
2026-01-22,6037.506,axis_bluechip
2026-01-21,6034.6246,axis_bluechip
2026-01-20,6033.4329,axis_bluechip
2026-01-19,6033.5639,axis_bluechip
2026-01-16,6031.7639,axis_bluechip
2026-01-14,6031.499,axis_bluechip
2026-01-13,6030.9953,axis_bluechip
2026-01-12,6031.2329,axis_bluechip
2026-01-09,6028.4591,axis_bluechip
2026-01-08,6028.086,axis_bluechip
2026-01-07,6028.3846,axis_bluechip
2026-01-06,6028.7271,axis_bluechip
2026-01-05,6027.6905,axis_bluechip
2026-01-02,6025.268,axis_bluechip
2026-01-01,6024.7187,axis_bluechip
2025-12-31,6023.5454,axis_bluechip
2025-12-30,6020.3988,axis_bluechip
2025-12-29,6020.5172,axis_bluechip
2025-12-26,6017.7227,axis_bluechip
2025-12-24,6015.9944,axis_bluechip
2025-12-23,6013.8267,axis_bluechip
2025-12-22,6012.9635,axis_bluechip
2025-12-19,6009.9347,axis_bluechip
2025-12-18,6008.9502,axis_bluechip
2025-12-17,6007.8902,axis_bluechip
2025-12-16,6007.2035,axis_bluechip
2025-12-15,6006.304,axis_bluechip
2025-12-12,6004.0068,axis_bluechip
2025-12-11,6003.0596,axis_bluechip
2025-12-10,6002.278,axis_bluechip
2025-12-09,6002.302,axis_bluechip
2025-12-08,6002.0388,axis_bluechip
2025-12-05,5999.0953,axis_bluechip
2025-12-04,5996.9391,axis_bluechip
2025-12-03,5996.3511,axis_bluechip
2025-12-02,5995.7798,axis_bluechip
2025-12-01,5994.9936,axis_bluechip
2025-11-28,5992.5375,axis_bluechip
2025-11-27,5991.5695,axis_bluechip
2025-11-26,5990.4554,axis_bluechip
2025-11-25,5989.3488,axis_bluechip
2025-11-24,5988.0799,axis_bluechip
2025-11-21,5985.1789,axis_bluechip
2025-11-20,5984.2663,axis_bluechip
2025-11-19,5983.4016,axis_bluechip
2025-11-18,5982.3808,axis_bluechip
2025-11-17,5981.2066,axis_bluechip
2025-11-14,5978.3518,axis_bluechip
2025-11-13,5977.4171,axis_bluechip
2025-11-12,5976.3688,axis_bluechip
2025-11-11,5975.0374,axis_bluechip
2025-11-10,5973.9734,axis_bluechip
2025-11-07,5971.0247,axis_bluechip
2025-11-06,5969.9256,axis_bluechip
2025-11-04,5967.9587,axis_bluechip
2025-11-03,5966.9646,axis_bluechip
2025-10-31,5963.9425,axis_bluechip
2025-10-30,5962.9105,axis_bluechip
2025-10-29,5962.2436,axis_bluechip
2025-10-28,5961.2816,axis_bluechip
2025-10-27,5959.9594,axis_bluechip
2025-10-24,5957.0133,axis_bluechip
2025-10-23,5956.2661,axis_bluechip
2025-10-20,5953.5542,axis_bluechip
2025-10-17,5950.679,axis_bluechip
2025-10-16,5949.9941,axis_bluechip
2025-10-15,5949.6158,axis_bluechip
2025-10-14,5948.725,axis_bluechip
2025-10-13,5947.7955,axis_bluechip
2025-10-10,5944.8495,axis_bluechip
2025-10-09,5943.9808,axis_bluechip
2025-10-08,5943.1699,axis_bluechip
2025-10-07,5942.4446,axis_bluechip
2025-10-06,5941.7936,axis_bluechip
2025-10-03,5938.4748,axis_bluechip
2025-10-01,5935.6,axis_bluechip
2025-09-30,5933.5373,axis_bluechip
2025-09-26,5928.0474,axis_bluechip
2025-09-25,5927.3108,axis_bluechip
2025-09-24,5926.6741,axis_bluechip
2025-09-23,5925.9531,axis_bluechip
2025-09-22,5924.9723,axis_bluechip
2025-09-19,5922.1357,axis_bluechip
2025-09-18,5921.2244,axis_bluechip
2025-09-17,5919.7048,axis_bluechip
2025-09-16,5918.118,axis_bluechip
2025-09-15,5916.611,axis_bluechip
2025-09-12,5913.8365,axis_bluechip
2025-09-11,5913.2938,axis_bluechip
2025-09-10,5912.0041,axis_bluechip
2025-09-09,5911.3924,axis_bluechip
2025-09-05,5908.5683,axis_bluechip
2025-09-04,5907.6123,axis_bluechip
2025-09-03,5906.7644,axis_bluechip
2025-09-02,5905.9868,axis_bluechip
2025-09-01,5905.5718,axis_bluechip
2025-08-29,5902.9876,axis_bluechip
2025-08-28,5902.4099,axis_bluechip
2025-08-26,5900.7107,axis_bluechip
2025-08-25,5899.9888,axis_bluechip
2025-08-22,5897.2374,axis_bluechip
2025-08-21,5896.2147,axis_bluechip
2025-08-20,5895.2164,axis_bluechip
2025-08-19,5894.2742,axis_bluechip
2025-08-18,5892.9896,axis_bluechip
2025-08-14,5889.2636,axis_bluechip
2025-08-13,5888.1247,axis_bluechip
2025-08-12,5887.3908,axis_bluechip
2025-08-11,5887.2286,axis_bluechip
2025-08-08,5884.8484,axis_bluechip
2025-08-07,5884.0837,axis_bluechip
2025-08-06,5883.3045,axis_bluechip
2025-08-05,5883.4482,axis_bluechip
2025-08-04,5882.1589,axis_bluechip
2025-08-01,5878.7932,axis_bluechip
2025-07-31,5877.5109,axis_bluechip
2025-07-30,5876.5092,axis_bluechip
2025-07-29,5875.6626,axis_bluechip
2025-07-28,5875.1043,axis_bluechip
2025-07-25,5872.8052,axis_bluechip
2025-07-24,5872.0366,axis_bluechip
2025-07-23,5871.1828,axis_bluechip
2025-07-22,5869.8417,axis_bluechip
2025-07-21,5869.1171,axis_bluechip
2025-07-18,5866.4951,axis_bluechip
2025-07-17,5865.3853,axis_bluechip
2025-07-16,5864.3753,axis_bluechip
2025-07-15,5863.6201,axis_bluechip
2025-07-14,5862.5908,axis_bluechip
2025-07-11,5858.9296,axis_bluechip
2025-07-10,5858.4766,axis_bluechip
2025-07-09,5857.2164,axis_bluechip
2025-07-08,5856.9332,axis_bluechip
2025-07-07,5856.2977,axis_bluechip
2025-07-04,5853.3606,axis_bluechip
2025-07-03,5852.4845,axis_bluechip
2025-07-02,5851.0981,axis_bluechip
2025-07-01,5847.481,axis_bluechip
2025-06-30,5843.7929,axis_bluechip
2025-06-27,5840.5596,axis_bluechip
2025-06-26,5839.2453,axis_bluechip
2025-06-25,5838.0925,axis_bluechip
2025-06-24,5838.486,axis_bluechip
2025-06-23,5837.2267,axis_bluechip
2025-06-20,5833.9386,axis_bluechip
2025-06-19,5832.8313,axis_bluechip
2025-06-18,5831.6321,axis_bluechip
2025-06-17,5830.1383,axis_bluechip
2025-06-16,5829.3242,axis_bluechip
2025-06-13,5826.4969,axis_bluechip
2025-06-12,5826.0507,axis_bluechip
2025-06-11,5825.4478,axis_bluechip
2025-06-10,5827.1891,axis_bluechip
2025-06-09,5829.1614,axis_bluechip
2025-06-06,5825.1945,axis_bluechip
2025-06-05,5816.4301,axis_bluechip
2025-06-04,5814.4359,axis_bluechip
2025-06-03,5812.5765,axis_bluechip
2025-06-02,5810.056,axis_bluechip
2025-05-30,5806.6169,axis_bluechip
2025-05-29,5805.6326,axis_bluechip
2025-05-28,5803.8799,axis_bluechip
2025-05-27,5801.7666,axis_bluechip
2025-05-26,5800.4584,axis_bluechip
2025-05-23,5797.5783,axis_bluechip
2025-05-22,5795.8073,axis_bluechip
2025-05-21,5795.4048,axis_bluechip
2025-05-20,5793.6894,axis_bluechip
2025-05-19,5791.2421,axis_bluechip
2025-05-16,5787.4816,axis_bluechip
2025-05-15,5784.8317,axis_bluechip
2025-05-14,5783.7466,axis_bluechip
2025-05-13,5780.0491,axis_bluechip
2025-05-09,5773.3156,axis_bluechip
2025-05-08,5774.8342,axis_bluechip
2025-05-07,5776.0155,axis_bluechip
2025-05-06,5774.9972,axis_bluechip
2025-05-05,5773.1211,axis_bluechip
2025-05-02,5769.7362,axis_bluechip
2025-04-30,5767.1752,axis_bluechip
2025-04-29,5766.6546,axis_bluechip
2025-04-28,5765.5012,axis_bluechip
2025-04-25,5762.4356,axis_bluechip
2025-04-24,5762.4655,axis_bluechip
2025-04-23,5760.6599,axis_bluechip
2025-04-22,5759.3888,axis_bluechip
2025-04-21,5758.0083,axis_bluechip
2025-04-17,5751.9598,axis_bluechip
2025-04-16,5750.2512,axis_bluechip
2025-04-15,5749.0705,axis_bluechip
2025-04-11,5744.5695,axis_bluechip
2025-04-09,5740.7071,axis_bluechip
2025-04-08,5736.6882,axis_bluechip
2025-04-07,5735.1937,axis_bluechip
2025-04-04,5732.122,axis_bluechip
2025-04-03,5730.5444,axis_bluechip
2025-04-02,5726.3244,axis_bluechip
2025-03-31,5716.824,axis_bluechip
2025-03-28,5713.7697,axis_bluechip
2025-03-27,5705.1533,axis_bluechip
2025-03-26,5704.2365,axis_bluechip
2025-03-25,5701.1631,axis_bluechip
2025-03-24,5700.1857,axis_bluechip
2025-03-21,5693.8851,axis_bluechip
2025-03-20,5689.694,axis_bluechip
2025-03-19,5687.3531,axis_bluechip
2025-03-18,5685.3043,axis_bluechip
2025-03-17,5683.8145,axis_bluechip
2025-03-13,5679.1086,axis_bluechip
2025-03-12,5677.2615,axis_bluechip
2025-03-11,5676.1432,axis_bluechip
2025-03-10,5675.2614,axis_bluechip
2025-03-07,5671.5,axis_bluechip
2025-03-06,5670.7057,axis_bluechip
2025-03-05,5669.8421,axis_bluechip
2025-03-04,5669.5153,axis_bluechip
2025-03-03,5668.836,axis_bluechip
2025-02-28,5666.3039,axis_bluechip
2025-02-27,5665.5035,axis_bluechip
2025-02-25,5663.4085,axis_bluechip
2025-02-24,5662.8036,axis_bluechip
2025-02-21,5658.526,axis_bluechip
2025-02-20,5657.2867,axis_bluechip
2025-02-18,5655.0607,axis_bluechip
2025-02-17,5654.1189,axis_bluechip
2025-02-14,5651.0746,axis_bluechip
2025-02-13,5650.1659,axis_bluechip
2025-02-12,5648.4814,axis_bluechip
2025-02-11,5647.2714,axis_bluechip
2025-02-10,5646.022,axis_bluechip
2025-02-07,5644.185,axis_bluechip
2025-02-06,5644.1449,axis_bluechip
2025-02-05,5641.2929,axis_bluechip
2025-02-04,5639.5493,axis_bluechip
2025-02-03,5638.0374,axis_bluechip
2025-01-31,5634.8733,axis_bluechip
2025-01-30,5633.6602,axis_bluechip
2025-01-29,5632.2632,axis_bluechip
2025-01-28,5630.4184,axis_bluechip
2025-01-27,5629.0101,axis_bluechip
2025-01-24,5625.5281,axis_bluechip
2025-01-23,5624.5255,axis_bluechip
2025-01-22,5623.6568,axis_bluechip
2025-01-21,5622.9541,axis_bluechip
2025-01-20,5621.8468,axis_bluechip
2025-01-17,5618.584,axis_bluechip
2025-01-16,5617.329,axis_bluechip
2025-01-15,5615.6509,axis_bluechip
2025-01-14,5613.9876,axis_bluechip
2025-01-13,5613.1264,axis_bluechip
2025-01-10,5610.3063,axis_bluechip
2025-01-09,5608.9131,axis_bluechip
2025-01-08,5608.6713,axis_bluechip
2025-01-07,5608.3364,axis_bluechip
2025-01-06,5607.5187,axis_bluechip
2025-01-03,5604.3724,axis_bluechip
2025-01-02,5603.5453,axis_bluechip
2025-01-01,5602.0594,axis_bluechip
2024-12-31,5600.5771,axis_bluechip
2024-12-30,5597.3384,axis_bluechip
2024-12-27,5594.0951,axis_bluechip
2024-12-26,5592.9244,axis_bluechip
2024-12-24,5590.9435,axis_bluechip
2024-12-23,5590.4471,axis_bluechip
2024-12-20,5588.072,axis_bluechip
2024-12-19,5587.01,axis_bluechip
2024-12-18,5586.4179,axis_bluechip
2024-12-17,5585.572,axis_bluechip
2024-12-16,5584.4671,axis_bluechip
2024-12-13,5580.9232,axis_bluechip
2024-12-12,5580.6696,axis_bluechip
2024-12-11,5580.1419,axis_bluechip
2024-12-10,5579.1651,axis_bluechip
2024-12-09,5578.25,axis_bluechip
2024-12-06,5575.0097,axis_bluechip
2024-12-05,5573.6012,axis_bluechip
2024-12-04,5572.0927,axis_bluechip
2024-12-03,5570.896,axis_bluechip
2024-12-02,5569.9305,axis_bluechip
2024-11-29,5566.4874,axis_bluechip
2024-11-28,5565.3431,axis_bluechip
2024-11-27,5564.3652,axis_bluechip
2024-11-26,5563.3251,axis_bluechip
2024-11-25,5562.2563,axis_bluechip
2024-11-22,5559.0282,axis_bluechip
2024-11-21,5557.9843,axis_bluechip
2024-11-19,5556.1305,axis_bluechip
2024-11-18,5555.0635,axis_bluechip
2024-11-14,5550.9097,axis_bluechip
2024-11-13,5549.7643,axis_bluechip
2024-11-12,5548.5622,axis_bluechip
2024-11-11,5547.5341,axis_bluechip
2024-11-08,5544.3048,axis_bluechip
2024-11-07,5543.2316,axis_bluechip
2024-11-06,5541.99,axis_bluechip
2024-11-05,5540.8795,axis_bluechip
2024-11-04,5539.5214,axis_bluechip
2024-10-31,5535.049,axis_bluechip
2024-10-30,5533.6549,axis_bluechip
2024-10-29,5532.5972,axis_bluechip
2024-10-28,5531.4854,axis_bluechip
2024-10-25,5528.4234,axis_bluechip
2024-10-24,5527.3884,axis_bluechip
2024-10-23,5526.2009,axis_bluechip
2024-10-22,5525.1776,axis_bluechip
2024-10-21,5524.1631,axis_bluechip
2024-10-18,5521.333,axis_bluechip
2024-10-17,5520.2522,axis_bluechip
2024-10-16,5519.2375,axis_bluechip
2024-10-15,5518.1759,axis_bluechip
2024-10-14,5517.3612,axis_bluechip
2024-10-11,5514.3907,axis_bluechip
2024-10-10,5512.9468,axis_bluechip
2024-10-09,5511.8431,axis_bluechip
2024-10-08,5510.3208,axis_bluechip
2024-10-07,5509.299,axis_bluechip
2024-10-04,5506.0251,axis_bluechip
2024-10-03,5504.5299,axis_bluechip
2024-10-01,5501.9906,axis_bluechip
2024-09-30,5500.7013,axis_bluechip
2024-09-27,5495.2936,axis_bluechip
2024-09-26,5493.8571,axis_bluechip
2024-09-25,5492.655,axis_bluechip
2024-09-24,5491.7099,axis_bluechip
2024-09-23,5490.5892,axis_bluechip
2024-09-20,5487.3347,axis_bluechip
2024-09-19,5486.1019,axis_bluechip
2024-09-17,5483.7926,axis_bluechip
2024-09-16,5482.4736,axis_bluechip
2024-09-13,5479.344,axis_bluechip
2024-09-12,5477.9222,axis_bluechip
2024-09-11,5477.0398,axis_bluechip
2024-09-10,5475.9756,axis_bluechip
2024-09-09,5475.0575,axis_bluechip
2024-09-06,5471.7431,axis_bluechip
2024-09-05,5470.9194,axis_bluechip
2024-09-04,5469.7871,axis_bluechip
2024-09-03,5468.8173,axis_bluechip
2024-09-02,5467.6346,axis_bluechip
2024-08-30,5464.4471,axis_bluechip
2024-08-29,5463.5324,axis_bluechip
2024-08-28,5462.7689,axis_bluechip
2024-08-27,5461.7292,axis_bluechip
2024-08-26,5461.0959,axis_bluechip
2024-08-23,5458.18,axis_bluechip
2024-08-22,5457.1012,axis_bluechip
2024-08-21,5455.8625,axis_bluechip
2024-08-20,5454.3508,axis_bluechip
2024-08-19,5452.8782,axis_bluechip
2024-08-16,5449.5862,axis_bluechip
2024-08-14,5447.357,axis_bluechip
2024-08-13,5446.294,axis_bluechip
2024-08-12,5445.8783,axis_bluechip
2024-08-09,5442.9315,axis_bluechip
2024-08-08,5441.9641,axis_bluechip
2024-08-07,5441.0345,axis_bluechip
2024-08-06,5439.9349,axis_bluechip
2024-08-05,5439.0651,axis_bluechip
2024-08-02,5435.8684,axis_bluechip
2024-08-01,5434.8589,axis_bluechip
2024-07-31,5433.6933,axis_bluechip
2024-07-30,5432.772,axis_bluechip
2024-07-29,5431.7904,axis_bluechip
2024-07-26,5428.5956,axis_bluechip
2024-07-25,5427.5873,axis_bluechip
2024-07-24,5426.637,axis_bluechip
2024-07-23,5425.4758,axis_bluechip
2024-07-22,5424.1728,axis_bluechip
2024-07-19,5421.0041,axis_bluechip
2024-07-18,5419.9047,axis_bluechip
2024-07-16,5417.6751,axis_bluechip
2024-07-15,5416.6718,axis_bluechip
2024-07-12,5413.3353,axis_bluechip
2024-07-11,5412.4014,axis_bluechip
2024-07-10,5411.1036,axis_bluechip
2024-07-09,5410.0477,axis_bluechip
2024-07-08,5408.9972,axis_bluechip
2024-07-05,5405.9933,axis_bluechip
2024-07-04,5404.8862,axis_bluechip
2024-07-03,5403.6893,axis_bluechip
2024-07-02,5402.0965,axis_bluechip
2024-07-01,5399.8431,axis_bluechip
2024-06-28,5395.8631,axis_bluechip
2024-06-27,5393.747,axis_bluechip
2024-06-26,5392.8702,axis_bluechip
2024-06-25,5392.2884,axis_bluechip
2024-06-24,5391.5451,axis_bluechip
2024-06-21,5388.5437,axis_bluechip
2024-06-20,5387.3667,axis_bluechip
2024-06-19,5386.0054,axis_bluechip
2024-06-18,5384.8341,axis_bluechip
2024-06-14,5380.5567,axis_bluechip
2024-06-13,5379.5388,axis_bluechip
2024-06-12,5378.4232,axis_bluechip
2024-06-11,5377.1007,axis_bluechip
2024-06-10,5375.5307,axis_bluechip
2024-06-07,5372.2291,axis_bluechip
2024-06-06,5371.2112,axis_bluechip
2024-06-05,5369.9555,axis_bluechip
2024-06-04,5369.0379,axis_bluechip
2024-06-03,5369.1209,axis_bluechip
2024-05-31,5365.8097,axis_bluechip
2024-05-30,5364.7137,axis_bluechip
2024-05-29,5363.2902,axis_bluechip
2024-05-28,5362.1042,axis_bluechip
2024-05-27,5361.4316,axis_bluechip
2024-05-24,5358.5147,axis_bluechip
2024-05-22,5356.3608,axis_bluechip
2024-05-21,5355.2502,axis_bluechip
2024-05-17,5350.4153,axis_bluechip
2024-05-16,5349.5038,axis_bluechip
2024-05-15,5348.7106,axis_bluechip
2024-05-14,5347.522,axis_bluechip
2024-05-13,5346.0212,axis_bluechip
2024-05-10,5342.7724,axis_bluechip
2024-05-09,5342.3428,axis_bluechip
2024-05-08,5341.9087,axis_bluechip
2024-05-07,5341.0415,axis_bluechip
2024-05-06,5339.654,axis_bluechip
2024-05-03,5336.1567,axis_bluechip
2024-05-02,5334.9028,axis_bluechip
2024-04-30,5332.5376,axis_bluechip
2024-04-29,5331.6499,axis_bluechip
2024-04-26,5329.7189,axis_bluechip
2024-04-25,5328.7384,axis_bluechip
2024-04-24,5328.1588,axis_bluechip
2024-04-23,5327.986,axis_bluechip
2024-04-22,5326.3075,axis_bluechip
2024-04-19,5323.488,axis_bluechip
2024-04-18,5322.9549,axis_bluechip
2024-04-16,5321.3584,axis_bluechip
2024-04-15,5320.2438,axis_bluechip
2024-04-12,5317.4247,axis_bluechip
2024-04-10,5315.0084,axis_bluechip
2024-04-08,5311.3856,axis_bluechip
2024-04-05,5308.5645,axis_bluechip
2024-04-04,5306.7555,axis_bluechip
2024-04-03,5304.7841,axis_bluechip
2024-04-02,5304.0112,axis_bluechip
2024-03-31,5300.0371,axis_bluechip
2024-03-28,5297.0087,axis_bluechip
2024-03-27,5290.4767,axis_bluechip
2024-03-26,5289.8511,axis_bluechip
2024-03-22,5286.4682,axis_bluechip
2024-03-21,5285.8535,axis_bluechip
2024-03-20,5284.6048,axis_bluechip
2024-03-19,5283.2986,axis_bluechip
2024-03-18,5282.1891,axis_bluechip
2024-03-15,5278.4609,axis_bluechip
2024-03-14,5277.4985,axis_bluechip
2024-03-13,5276.9295,axis_bluechip
2024-03-12,5275.5439,axis_bluechip
2024-03-11,5274.1498,axis_bluechip
2024-03-07,5269.8128,axis_bluechip
2024-03-06,5268.4947,axis_bluechip
2024-03-05,5266.8776,axis_bluechip
2024-03-04,5265.3638,axis_bluechip
2024-03-01,5261.5919,axis_bluechip
2024-02-29,5260.251,axis_bluechip
2024-02-28,5259.1081,axis_bluechip
2024-02-27,5257.5008,axis_bluechip
2024-02-26,5256.6,axis_bluechip
2024-02-23,5253.4712,axis_bluechip
2024-02-22,5252.4138,axis_bluechip
2024-02-21,5250.0855,axis_bluechip
2024-02-20,5248.6377,axis_bluechip
2024-02-16,5244.0761,axis_bluechip
2024-02-15,5242.6289,axis_bluechip
2024-02-14,5241.2555,axis_bluechip
2024-02-13,5240.0332,axis_bluechip
2024-02-12,5239.0724,axis_bluechip
2024-02-09,5236.1159,axis_bluechip
2024-02-08,5235.5175,axis_bluechip
2024-02-07,5234.3976,axis_bluechip
2024-02-06,5233.0702,axis_bluechip
2024-02-05,5232.0589,axis_bluechip
2024-02-02,5228.987,axis_bluechip
2024-02-01,5227.8426,axis_bluechip
2024-01-31,5226.6958,axis_bluechip
2024-01-30,5225.6473,axis_bluechip
2024-01-29,5224.7227,axis_bluechip
2024-01-25,5220.4806,axis_bluechip
2024-01-24,5219.4493,axis_bluechip
2024-01-23,5218.8964,axis_bluechip
2024-01-19,5215.4828,axis_bluechip
2024-01-18,5214.4832,axis_bluechip
2024-01-17,5213.6768,axis_bluechip
2024-01-16,5212.6448,axis_bluechip
2024-01-15,5211.8996,axis_bluechip
2024-01-12,5208.7335,axis_bluechip
2024-01-11,5207.6081,axis_bluechip
2024-01-10,5206.6308,axis_bluechip
2024-01-09,5205.5933,axis_bluechip
2024-01-08,5204.44,axis_bluechip
2024-01-05,5201.3986,axis_bluechip
2024-01-04,5200.3198,axis_bluechip
2024-01-03,5199.3473,axis_bluechip
2024-01-02,5198.237,axis_bluechip
2024-01-01,5197.2106,axis_bluechip
2023-12-29,5193.5766,axis_bluechip
2023-12-28,5191.4852,axis_bluechip
2023-12-27,5190.1856,axis_bluechip
2023-12-26,5189.3786,axis_bluechip
2023-12-22,5185.1321,axis_bluechip
2023-12-21,5184.3051,axis_bluechip
2023-12-20,5183.1792,axis_bluechip
2023-12-19,5182.0673,axis_bluechip
2023-12-18,5180.8939,axis_bluechip
2023-12-15,5178.0931,axis_bluechip
2023-12-14,5177.1524,axis_bluechip
2023-12-13,5176.1125,axis_bluechip
2023-12-12,5175.2278,axis_bluechip
2023-12-11,5174.6676,axis_bluechip
2023-12-08,5171.7529,axis_bluechip
2023-12-07,5170.8441,axis_bluechip
2023-12-06,5169.7717,axis_bluechip
2023-12-05,5168.7266,axis_bluechip
2023-12-04,5167.6094,axis_bluechip
2023-12-01,5164.7124,axis_bluechip
2023-11-30,5163.9629,axis_bluechip
2023-11-29,5163.0656,axis_bluechip
2023-11-28,5162.1408,axis_bluechip
2023-11-24,5158.0903,axis_bluechip
2023-11-23,5157.1238,axis_bluechip
2023-11-22,5156.2053,axis_bluechip
2023-11-21,5155.3252,axis_bluechip
2023-11-20,5154.4694,axis_bluechip
2023-11-17,5151.4842,axis_bluechip
2023-11-16,5150.4705,axis_bluechip
2023-11-15,5149.5885,axis_bluechip
2023-11-13,5147.5146,axis_bluechip
2023-11-10,5144.3649,axis_bluechip
2023-11-09,5143.6261,axis_bluechip
2023-11-08,5142.8513,axis_bluechip
2023-11-07,5141.9136,axis_bluechip
2023-11-06,5140.8425,axis_bluechip
2023-11-03,5137.6592,axis_bluechip
2023-11-02,5136.4273,axis_bluechip
2023-11-01,5135.4541,axis_bluechip
2023-10-31,5134.2875,axis_bluechip
2023-10-30,5133.2666,axis_bluechip
2023-10-27,5130.8988,axis_bluechip
2023-10-26,5129.78,axis_bluechip
2023-10-25,5128.7631,axis_bluechip
2023-10-23,5126.8681,axis_bluechip
2023-10-20,5124.0558,axis_bluechip
2023-10-19,5123.2239,axis_bluechip
2023-10-18,5122.5565,axis_bluechip
2023-10-17,5121.4613,axis_bluechip
2023-10-16,5120.5154,axis_bluechip
2023-10-13,5117.9674,axis_bluechip
2023-10-12,5117.0745,axis_bluechip
2023-10-11,5116.1458,axis_bluechip
2023-10-10,5115.025,axis_bluechip
2023-10-09,5114.2686,axis_bluechip
2023-10-06,5111.5197,axis_bluechip
2023-10-05,5111.21,axis_bluechip
2023-10-04,5110.153,axis_bluechip
2023-10-03,5108.6726,axis_bluechip
2023-09-30,5105.5501,axis_bluechip
2023-09-29,5104.5685,axis_bluechip
2023-09-27,5102.1423,axis_bluechip
2023-09-26,5100.8639,axis_bluechip
2023-09-25,5100.2951,axis_bluechip
2023-09-22,5097.3696,axis_bluechip
2023-09-21,5096.3256,axis_bluechip
2023-09-20,5095.7244,axis_bluechip
2023-09-18,5093.8039,axis_bluechip
2023-09-15,5091.1568,axis_bluechip
2023-09-14,5090.1453,axis_bluechip
2023-09-13,5089.1732,axis_bluechip
2023-09-12,5088.2771,axis_bluechip
2023-09-11,5087.4868,axis_bluechip
2023-09-08,5084.7079,axis_bluechip
2023-09-07,5083.722,axis_bluechip
2023-09-06,5082.772,axis_bluechip
2023-09-05,5081.8207,axis_bluechip
2023-09-04,5080.6577,axis_bluechip
2023-09-01,5077.8025,axis_bluechip
2023-08-31,5076.7648,axis_bluechip
2023-08-30,5075.8053,axis_bluechip
2023-08-29,5074.6012,axis_bluechip
2023-08-28,5073.6043,axis_bluechip
2023-08-25,5070.6754,axis_bluechip
2023-08-24,5069.6703,axis_bluechip
2023-08-23,5068.5481,axis_bluechip
2023-08-22,5067.7783,axis_bluechip
2023-08-21,5066.7137,axis_bluechip
2023-08-18,5063.5186,axis_bluechip
2023-08-17,5062.4447,axis_bluechip
2023-08-14,5060.4159,axis_bluechip
2023-08-11,5057.8363,axis_bluechip
2023-08-10,5057.6916,axis_bluechip
2023-08-09,5057.0763,axis_bluechip
2023-08-08,5056.1337,axis_bluechip
2023-08-07,5055.1632,axis_bluechip
2023-08-04,5052.3465,axis_bluechip
2023-08-03,5051.485,axis_bluechip
2023-08-02,5050.6815,axis_bluechip
2023-08-01,5049.9681,axis_bluechip
2023-07-31,5048.9266,axis_bluechip
2023-07-28,5046.2306,axis_bluechip
2023-07-27,5045.4077,axis_bluechip
2023-07-26,5044.5696,axis_bluechip
2023-07-25,5043.5119,axis_bluechip
2023-07-24,5042.5025,axis_bluechip
2023-07-21,5039.6374,axis_bluechip
2023-07-20,5038.5536,axis_bluechip
2023-07-19,5037.1063,axis_bluechip
2023-07-18,5036.279,axis_bluechip
2023-07-17,5035.2332,axis_bluechip
2023-07-14,5032.5397,axis_bluechip
2023-07-13,5031.2973,axis_bluechip
2023-07-12,5029.9035,axis_bluechip
2023-07-11,5028.798,axis_bluechip
2023-07-10,5027.7619,axis_bluechip
2023-07-07,5025.1711,axis_bluechip
2023-07-06,5024.0604,axis_bluechip
2023-07-05,5023.1911,axis_bluechip
2023-07-04,5022.0079,axis_bluechip
2023-07-03,5020.3836,axis_bluechip
2023-06-30,5016.9921,axis_bluechip
2023-06-28,5014.8176,axis_bluechip
2023-06-27,5013.5975,axis_bluechip
2023-06-26,5012.8809,axis_bluechip
2023-06-23,5010.3598,axis_bluechip
2023-06-22,5009.8954,axis_bluechip
2023-06-21,5008.6614,axis_bluechip
2023-06-20,5007.8745,axis_bluechip
2023-06-19,5006.9865,axis_bluechip
2023-06-16,5003.9814,axis_bluechip
2023-06-15,5002.8186,axis_bluechip
2023-06-14,5001.8616,axis_bluechip
2023-06-13,5000.2152,axis_bluechip
2023-06-12,4998.8233,axis_bluechip
2023-06-09,4996.2044,axis_bluechip
2023-06-08,4995.9409,axis_bluechip
2023-06-07,4995.4622,axis_bluechip
2023-06-06,4994.3002,axis_bluechip
2023-06-05,4993.0346,axis_bluechip
2023-06-02,4990.0511,axis_bluechip
2023-06-01,4988.8385,axis_bluechip
2023-05-31,4987.2829,axis_bluechip
2023-05-30,4986.4929,axis_bluechip
2023-05-29,4985.5343,axis_bluechip
2023-05-26,4983.2404,axis_bluechip
2023-05-25,4982.3941,axis_bluechip
2023-05-24,4981.7631,axis_bluechip
2023-05-23,4981.1777,axis_bluechip
2023-05-22,4981.3721,axis_bluechip
2023-05-19,4975.8054,axis_bluechip
2023-05-18,4974.5789,axis_bluechip
2023-05-17,4973.2457,axis_bluechip
2023-05-16,4971.8411,axis_bluechip
2023-05-15,4969.7348,axis_bluechip
2023-05-12,4966.2931,axis_bluechip
2023-05-11,4965.4888,axis_bluechip
2023-05-10,4964.5985,axis_bluechip
2023-05-09,4963.4563,axis_bluechip
2023-05-08,4962.7655,axis_bluechip
2023-05-04,4958.7909,axis_bluechip
2023-05-03,4957.8892,axis_bluechip
2023-05-02,4956.5376,axis_bluechip
2023-04-28,4953.5802,axis_bluechip
2023-04-27,4952.9107,axis_bluechip
2023-04-26,4952.2917,axis_bluechip
2023-04-25,4951.2321,axis_bluechip
2023-04-24,4950.3,axis_bluechip
2023-04-21,4947.616,axis_bluechip
2023-04-20,4946.6385,axis_bluechip
2023-04-19,4945.6851,axis_bluechip
2023-04-18,4944.4691,axis_bluechip
2023-04-17,4942.8765,axis_bluechip
2023-04-13,4938.9491,axis_bluechip
2023-04-12,4937.7767,axis_bluechip
2023-04-11,4935.9458,axis_bluechip
2023-04-10,4935.0426,axis_bluechip
2023-04-06,4930.1761,axis_bluechip
2023-04-05,4926.3066,axis_bluechip
2023-04-03,4924.5576,axis_bluechip
2023-03-31,4921.7155,axis_bluechip
2023-03-29,4915.7024,axis_bluechip
2023-03-28,4911.9693,axis_bluechip
2023-03-27,4911.3784,axis_bluechip
2023-03-24,4909.7777,axis_bluechip
2023-03-23,4909.366,axis_bluechip
2023-03-21,4906.6467,axis_bluechip
2023-03-20,4904.6736,axis_bluechip
2023-03-17,4900.9665,axis_bluechip
2023-03-16,4900.3,axis_bluechip
2023-03-15,4899.9024,axis_bluechip
2023-03-14,4899.157,axis_bluechip
2023-03-13,4897.8864,axis_bluechip
2023-03-10,4892.7144,axis_bluechip
2023-03-09,4890.7312,axis_bluechip
2023-03-08,4889.4136,axis_bluechip
2023-03-06,4887.7219,axis_bluechip
2023-03-03,4884.9987,axis_bluechip
2023-03-02,4884.191,axis_bluechip
2023-03-01,4883.7542,axis_bluechip
2023-02-28,4883.0447,axis_bluechip
2023-02-27,4881.9457,axis_bluechip
2023-02-24,4879.8682,axis_bluechip
2023-02-23,4879.256,axis_bluechip
2023-02-22,4878.6066,axis_bluechip
2023-02-21,4878.2092,axis_bluechip
2023-02-20,4877.4781,axis_bluechip
2023-02-17,4875.0045,axis_bluechip
2023-02-16,4874.1626,axis_bluechip
2023-02-15,4873.2698,axis_bluechip
2023-02-14,4872.3521,axis_bluechip
2023-02-13,4871.84,axis_bluechip
2023-02-10,4868.889,axis_bluechip
2023-02-09,4867.6435,axis_bluechip
2023-02-08,4867.0541,axis_bluechip
2023-02-07,4866.7645,axis_bluechip
2023-02-06,4865.8858,axis_bluechip
2023-02-03,4863.0655,axis_bluechip
2023-02-02,4862.0712,axis_bluechip
2023-02-01,4860.9087,axis_bluechip
2023-01-31,4859.608,axis_bluechip
2023-01-30,4858.6105,axis_bluechip
2023-01-27,4856.2499,axis_bluechip
2023-01-25,4854.3406,axis_bluechip
2023-01-24,4853.5428,axis_bluechip
2023-01-23,4852.3769,axis_bluechip
2023-01-20,4850.3717,axis_bluechip
2023-01-19,4849.4433,axis_bluechip
2023-01-18,4848.4779,axis_bluechip
2023-01-17,4847.748,axis_bluechip
2023-01-16,4846.8968,axis_bluechip
2023-01-13,4844.4447,axis_bluechip
2023-01-12,4843.8117,axis_bluechip
2023-01-11,4842.8852,axis_bluechip
2023-01-10,4842.2513,axis_bluechip
2023-01-09,4841.5665,axis_bluechip
2023-01-06,4839.1205,axis_bluechip
2023-01-05,4838.2055,axis_bluechip
2023-01-04,4837.2825,axis_bluechip
2023-01-03,4836.6654,axis_bluechip
2023-01-02,4835.6726,axis_bluechip
2022-12-30,4832.4416,axis_bluechip
2022-12-29,4830.6366,axis_bluechip
2022-12-28,4829.6393,axis_bluechip
2022-12-27,4828.4262,axis_bluechip
2022-12-26,4827.4361,axis_bluechip
2022-12-23,4824.8666,axis_bluechip
2022-12-22,4823.8607,axis_bluechip
2022-12-21,4822.8082,axis_bluechip
2022-12-20,4821.9236,axis_bluechip
2022-12-19,4821.0899,axis_bluechip
2022-12-16,4818.3944,axis_bluechip
2022-12-15,4817.6496,axis_bluechip
2022-12-14,4816.8856,axis_bluechip
2022-12-13,4815.7694,axis_bluechip
2022-12-12,4814.8064,axis_bluechip
2022-12-09,4812.0976,axis_bluechip
2022-12-08,4810.9594,axis_bluechip
2022-12-07,4809.8806,axis_bluechip
2022-12-06,4809.7359,axis_bluechip
2022-12-05,4808.5531,axis_bluechip
2022-12-02,4805.6153,axis_bluechip
2022-12-01,4804.6714,axis_bluechip
2022-11-30,4803.702,axis_bluechip
2022-11-29,4802.6233,axis_bluechip
2022-11-28,4801.6441,axis_bluechip
2022-11-25,4798.8306,axis_bluechip
2022-11-24,4797.8653,axis_bluechip
2022-11-23,4797.0432,axis_bluechip
2022-11-22,4796.1731,axis_bluechip
2022-11-21,4795.592,axis_bluechip
2022-11-18,4792.9297,axis_bluechip
2022-11-17,4792.1498,axis_bluechip
2022-11-16,4790.8597,axis_bluechip
2022-11-15,4789.6235,axis_bluechip
2022-11-14,4788.6422,axis_bluechip
2022-11-11,4785.9519,axis_bluechip
2022-11-10,4784.6486,axis_bluechip
2022-11-09,4783.6951,axis_bluechip
2022-11-07,4782.0135,axis_bluechip
2022-11-04,4779.3106,axis_bluechip
2022-11-03,4778.3629,axis_bluechip
2022-11-02,4777.494,axis_bluechip
2022-11-01,4776.3935,axis_bluechip
2022-10-31,4775.3215,axis_bluechip
2022-10-28,4772.4939,axis_bluechip
2022-10-27,4771.9116,axis_bluechip
2022-10-25,4769.6382,axis_bluechip
2022-10-21,4766.0779,axis_bluechip
2022-10-20,4765.9275,axis_bluechip
2022-10-19,4765.3101,axis_bluechip
2022-10-18,4764.8776,axis_bluechip
2022-10-17,4763.8856,axis_bluechip
2022-10-14,4761.2049,axis_bluechip
2022-10-13,4760.9857,axis_bluechip
2022-10-12,4760.2893,axis_bluechip
2022-10-11,4759.9544,axis_bluechip
2022-10-10,4760.9666,axis_bluechip
2022-10-07,4759.8123,axis_bluechip
2022-10-06,4759.7043,axis_bluechip
2022-10-04,4758.2177,axis_bluechip
2022-10-03,4756.8968,axis_bluechip
2022-09-30,4753.1669,axis_bluechip
2022-09-29,4751.0903,axis_bluechip
2022-09-28,4748.7921,axis_bluechip
2022-09-27,4747.9878,axis_bluechip
2022-09-26,4748.9929,axis_bluechip
2022-09-23,4748.4249,axis_bluechip
2022-09-22,4748.3794,axis_bluechip
2022-09-21,4748.1439,axis_bluechip
2022-09-20,4748.1787,axis_bluechip
2022-09-19,4748.6951,axis_bluechip
2022-09-16,4746.4594,axis_bluechip
2022-09-15,4746.1608,axis_bluechip
2022-09-14,4746.0148,axis_bluechip
2022-09-13,4746.1654,axis_bluechip
2022-09-12,4745.6667,axis_bluechip
2022-09-09,4743.7475,axis_bluechip
2022-09-08,4743.0082,axis_bluechip
2022-09-07,4742.3355,axis_bluechip
2022-09-06,4741.5332,axis_bluechip
2022-09-05,4740.6276,axis_bluechip
2022-09-02,4738.0271,axis_bluechip
2022-09-01,4737.0132,axis_bluechip
2022-08-30,4735.4654,axis_bluechip
2022-08-29,4734.7974,axis_bluechip
2022-08-26,4732.6881,axis_bluechip
2022-08-25,4732.2661,axis_bluechip
2022-08-24,4731.7676,axis_bluechip
2022-08-23,4730.9164,axis_bluechip
2022-08-22,4730.0494,axis_bluechip
2022-08-19,4727.9443,axis_bluechip
2022-08-18,4727.0674,axis_bluechip
2022-08-17,4726.2839,axis_bluechip
2022-08-12,4722.2678,axis_bluechip
2022-08-11,4721.6218,axis_bluechip
2022-08-10,4720.8499,axis_bluechip
2022-08-08,4719.2694,axis_bluechip
2022-08-05,4717.2189,axis_bluechip
2022-08-04,4717.3196,axis_bluechip
2022-08-03,4716.4678,axis_bluechip
2022-08-02,4715.8905,axis_bluechip
2022-08-01,4714.5361,axis_bluechip
2022-07-29,4711.2872,axis_bluechip
2022-07-28,4710.3011,axis_bluechip
2022-07-27,4709.4904,axis_bluechip
2022-07-26,4709.6138,axis_bluechip
2022-07-25,4709.8015,axis_bluechip
2022-07-22,4707.6646,axis_bluechip
2022-07-21,4707.005,axis_bluechip
2022-07-20,4707.0615,axis_bluechip
2022-07-19,4706.7889,axis_bluechip
2022-07-18,4706.4281,axis_bluechip
2022-07-15,4704.6836,axis_bluechip
2022-07-14,4703.9887,axis_bluechip
2022-07-13,4703.3254,axis_bluechip
2022-07-12,4702.207,axis_bluechip
2022-07-11,4701.8292,axis_bluechip
2022-07-08,4699.9447,axis_bluechip
2022-07-07,4699.4328,axis_bluechip
2022-07-06,4698.6958,axis_bluechip
2022-07-05,4697.1427,axis_bluechip
2022-07-04,4695.8615,axis_bluechip
2022-07-01,4693.1419,axis_bluechip
2022-06-30,4691.8689,axis_bluechip
2022-06-29,4690.6171,axis_bluechip
2022-06-28,4690.0126,axis_bluechip
2022-06-27,4689.5122,axis_bluechip
2022-06-24,4687.3746,axis_bluechip
2022-06-23,4686.3543,axis_bluechip
2022-06-22,4685.4043,axis_bluechip
2022-06-21,4684.3607,axis_bluechip
2022-06-20,4683.6357,axis_bluechip
2022-06-17,4681.5415,axis_bluechip
2022-06-16,4681.3669,axis_bluechip
2022-06-15,4681.0599,axis_bluechip
2022-06-14,4680.7705,axis_bluechip
2022-06-13,4680.1182,axis_bluechip
2022-06-10,4678.9235,axis_bluechip
2022-06-09,4678.2477,axis_bluechip
2022-06-08,4677.4139,axis_bluechip
2022-06-07,4674.5003,axis_bluechip
2022-06-06,4675.7967,axis_bluechip
2022-06-03,4674.391,axis_bluechip
2022-06-02,4673.7496,axis_bluechip
2022-06-01,4673.3433,axis_bluechip
2022-05-31,4672.3555,axis_bluechip
2022-05-30,4671.509,axis_bluechip
2022-05-27,4669.7316,axis_bluechip
2022-05-26,4669.0501,axis_bluechip
2022-05-25,4668.4291,axis_bluechip
2022-05-24,4667.5383,axis_bluechip
2022-05-23,4666.596,axis_bluechip
2022-05-20,4664.2514,axis_bluechip
2022-05-19,4663.7603,axis_bluechip
2022-05-18,4663.6769,axis_bluechip
2022-05-17,4663.1568,axis_bluechip
2022-05-13,4660.4211,axis_bluechip
2022-05-12,4661.152,axis_bluechip
2022-05-11,4661.465,axis_bluechip
2022-05-10,4661.6695,axis_bluechip
2022-05-09,4661.0231,axis_bluechip
2022-05-06,4659.6753,axis_bluechip
2022-05-05,4659.8157,axis_bluechip
2022-05-04,4663.213,axis_bluechip
2022-05-02,4670.3438,axis_bluechip
2022-04-29,4668.6368,axis_bluechip
2022-04-28,4668.3986,axis_bluechip
2022-04-27,4667.9813,axis_bluechip
2022-04-26,4667.5017,axis_bluechip
2022-04-25,4667.0374,axis_bluechip
2022-04-22,4665.5094,axis_bluechip
2022-04-21,4665.1007,axis_bluechip
2022-04-20,4664.1992,axis_bluechip
2022-04-19,4663.0264,axis_bluechip
2022-04-18,4661.7632,axis_bluechip
2022-04-13,4658.6761,axis_bluechip
2022-04-12,4659.2025,axis_bluechip
2022-04-11,4658.4514,axis_bluechip
2022-04-08,4657.34,axis_bluechip
2022-04-07,4659.715,axis_bluechip
2022-04-06,4658.9033,axis_bluechip
2022-04-05,4657.8426,axis_bluechip
2022-04-04,4657.4126,axis_bluechip
2022-03-31,4654.7981,axis_bluechip
2022-03-30,4653.235,axis_bluechip
2022-03-29,4652.382,axis_bluechip
2022-03-28,4651.7928,axis_bluechip
2022-03-25,4649.9585,axis_bluechip
2022-03-24,4649.185,axis_bluechip
2022-03-23,4648.1251,axis_bluechip
2022-03-22,4647.284,axis_bluechip
2022-03-21,4646.9229,axis_bluechip
2022-03-17,4644.4722,axis_bluechip
2022-03-16,4643.7689,axis_bluechip
2022-03-15,4642.8394,axis_bluechip
2022-03-14,4641.6497,axis_bluechip
2022-03-11,4639.5085,axis_bluechip
2022-03-10,4638.5529,axis_bluechip
2022-03-09,4637.9572,axis_bluechip
2022-03-08,4637.4429,axis_bluechip
2022-03-07,4637.2965,axis_bluechip
2022-03-04,4635.9975,axis_bluechip
2022-03-03,4635.5449,axis_bluechip
2022-03-02,4636.0196,axis_bluechip
2022-02-28,4635.194,axis_bluechip
2022-02-25,4633.8466,axis_bluechip
2022-02-24,4633.3979,axis_bluechip
2022-02-23,4632.8729,axis_bluechip
2022-02-22,4632.2755,axis_bluechip
2022-02-21,4631.8507,axis_bluechip
2022-02-18,4630.4697,axis_bluechip
2022-02-17,4630.1005,axis_bluechip
2022-02-16,4629.5429,axis_bluechip
2022-02-15,4628.7003,axis_bluechip
2022-02-14,4627.9324,axis_bluechip
2022-02-11,4625.8896,axis_bluechip
2022-02-10,4625.1949,axis_bluechip
2022-02-09,4623.3864,axis_bluechip
2022-02-08,4622.9825,axis_bluechip
2022-02-04,4620.8555,axis_bluechip
2022-02-03,4620.4475,axis_bluechip
2022-02-02,4619.9429,axis_bluechip
2022-02-01,4620.5663,axis_bluechip
2022-01-31,4620.7865,axis_bluechip
2022-01-28,4619.2857,axis_bluechip
2022-01-27,4618.7539,axis_bluechip
2022-01-25,4618.0168,axis_bluechip
2022-01-24,4617.7111,axis_bluechip
2022-01-21,4616.2092,axis_bluechip
2022-01-20,4615.744,axis_bluechip
2022-01-19,4615.2395,axis_bluechip
2022-01-18,4615.3083,axis_bluechip
2022-01-17,4614.8942,axis_bluechip
2022-01-14,4613.4875,axis_bluechip
2022-01-13,4612.896,axis_bluechip
2022-01-12,4612.1668,axis_bluechip
2022-01-11,4611.553,axis_bluechip
2022-01-10,4611.0181,axis_bluechip
2022-01-07,4609.615,axis_bluechip
2022-01-06,4609.1648,axis_bluechip
2022-01-05,4608.5927,axis_bluechip
2022-01-04,4607.9349,axis_bluechip
2022-01-03,4607.4503,axis_bluechip
2021-12-31,4605.4674,axis_bluechip
2021-12-30,4604.8427,axis_bluechip
2021-12-29,4604.2224,axis_bluechip
2021-12-28,4603.583,axis_bluechip
2021-12-27,4603.0952,axis_bluechip
2021-12-24,4601.4172,axis_bluechip
2021-12-23,4600.6583,axis_bluechip
2021-12-22,4600.4721,axis_bluechip
2021-12-21,4600.15,axis_bluechip
2021-12-20,4599.9703,axis_bluechip
2021-12-17,4598.6221,axis_bluechip
2021-12-16,4598.1818,axis_bluechip
2021-12-15,4598.1811,axis_bluechip
2021-12-14,4597.7966,axis_bluechip
2021-12-13,4597.4011,axis_bluechip
2021-12-10,4595.9446,axis_bluechip
2021-12-09,4595.4849,axis_bluechip
2021-12-08,4595.1205,axis_bluechip
2021-12-07,4594.1589,axis_bluechip
2021-12-06,4593.7536,axis_bluechip
2021-12-03,4592.389,axis_bluechip
2021-12-02,4591.9844,axis_bluechip
2021-12-01,4591.4405,axis_bluechip
2021-11-30,4590.8319,axis_bluechip
2021-11-29,4590.1587,axis_bluechip
2021-11-26,4588.7366,axis_bluechip
2021-11-25,4588.3537,axis_bluechip
2021-11-24,4587.9394,axis_bluechip
2021-11-23,4587.4715,axis_bluechip
2021-11-22,4586.9664,axis_bluechip
2021-11-18,4585.2098,axis_bluechip
2021-11-17,4584.6403,axis_bluechip
2021-11-16,4584.2467,axis_bluechip
2021-11-15,4583.8046,axis_bluechip
2021-11-12,4582.2852,axis_bluechip
2021-11-11,4581.6809,axis_bluechip
2021-11-10,4581.0272,axis_bluechip
2021-11-09,4580.4955,axis_bluechip
2021-11-08,4579.5727,axis_bluechip
2021-11-03,4576.4689,axis_bluechip
2021-11-02,4575.5992,axis_bluechip
2021-11-01,4574.986,axis_bluechip
2021-10-29,4573.74,axis_bluechip
2021-10-28,4573.4098,axis_bluechip
2021-10-27,4573.0305,axis_bluechip
2021-10-26,4573.5217,axis_bluechip
2021-10-25,4573.4961,axis_bluechip
2021-10-22,4572.6342,axis_bluechip
2021-10-21,4572.1817,axis_bluechip
2021-10-20,4571.9803,axis_bluechip
2021-10-18,4571.3598,axis_bluechip
2021-10-14,4569.9784,axis_bluechip
2021-10-13,4569.5195,axis_bluechip
2021-10-12,4568.8408,axis_bluechip
2021-10-11,4568.1669,axis_bluechip
2021-10-08,4566.5165,axis_bluechip
2021-10-07,4565.7022,axis_bluechip
2021-10-06,4565.1852,axis_bluechip
2021-10-05,4565.2211,axis_bluechip
2021-10-04,4564.9696,axis_bluechip
2021-10-01,4563.6192,axis_bluechip
2021-09-30,4563.0293,axis_bluechip
2021-09-29,4562.4166,axis_bluechip
2021-09-28,4562.483,axis_bluechip
2021-09-27,4562.3518,axis_bluechip
2021-09-24,4561.1966,axis_bluechip
2021-09-23,4561.2573,axis_bluechip
2021-09-22,4560.91,axis_bluechip
2021-09-21,4560.6421,axis_bluechip
2021-09-20,4560.2789,axis_bluechip
2021-09-17,4559.0493,axis_bluechip
2021-09-16,4558.655,axis_bluechip
2021-09-15,4558.2018,axis_bluechip
2021-09-14,4557.8197,axis_bluechip
2021-09-13,4557.4219,axis_bluechip
2021-09-09,4555.6384,axis_bluechip
2021-09-08,4555.4089,axis_bluechip
2021-09-07,4555.0241,axis_bluechip
2021-09-06,4554.5542,axis_bluechip
2021-09-03,4553.2738,axis_bluechip
2021-09-02,4552.8055,axis_bluechip
2021-09-01,4552.2255,axis_bluechip
2021-08-31,4551.4992,axis_bluechip
2021-08-30,4550.9194,axis_bluechip
2021-08-27,4549.409,axis_bluechip
2021-08-26,4548.8911,axis_bluechip
2021-08-25,4548.137,axis_bluechip
2021-08-24,4547.5631,axis_bluechip
2021-08-23,4547.064,axis_bluechip
2021-08-20,4545.6082,axis_bluechip
2021-08-18,4544.369,axis_bluechip
2021-08-17,4543.6675,axis_bluechip
2021-08-13,4541.514,axis_bluechip
2021-08-12,4540.6884,axis_bluechip
2021-08-11,4540.0409,axis_bluechip
2021-08-10,4539.454,axis_bluechip
2021-08-09,4538.8371,axis_bluechip
2021-08-06,4537.4717,axis_bluechip
2021-08-05,4537.1769,axis_bluechip
2021-08-04,4536.662,axis_bluechip
2021-08-03,4536.3556,axis_bluechip
2021-08-02,4535.6836,axis_bluechip
2021-07-30,4534.3983,axis_bluechip
2021-07-29,4533.9504,axis_bluechip
2021-07-28,4533.5097,axis_bluechip
2021-07-27,4533.1232,axis_bluechip
2021-07-26,4532.5506,axis_bluechip
2021-07-23,4531.0993,axis_bluechip
2021-07-22,4530.3651,axis_bluechip
2021-07-20,4529.3921,axis_bluechip
2021-07-19,4528.742,axis_bluechip
2021-07-16,4527.471,axis_bluechip
2021-07-15,4526.8605,axis_bluechip
2021-07-14,4526.2224,axis_bluechip
2021-07-13,4525.6012,axis_bluechip
2021-07-12,4524.9864,axis_bluechip
2021-07-09,4523.1592,axis_bluechip
2021-07-08,4522.7454,axis_bluechip
2021-07-07,4522.0571,axis_bluechip
2021-07-06,4521.2033,axis_bluechip
2021-07-05,4520.9592,axis_bluechip
2021-07-02,4519.4941,axis_bluechip
2021-07-01,4518.9259,axis_bluechip
2021-06-30,4518.1507,axis_bluechip
2021-06-29,4517.5694,axis_bluechip
2021-06-28,4517.0898,axis_bluechip
2021-06-25,4515.6842,axis_bluechip
2021-06-24,4515.3187,axis_bluechip
2021-06-23,4514.7703,axis_bluechip
2021-06-22,4514.3497,axis_bluechip
2021-06-21,4513.9233,axis_bluechip
2021-06-18,4512.2908,axis_bluechip
2021-06-17,4511.8824,axis_bluechip
2021-06-16,4511.8944,axis_bluechip
2021-06-15,4511.9268,axis_bluechip
2021-06-14,4511.535,axis_bluechip
2021-06-11,4510.308,axis_bluechip
2021-06-10,4509.6472,axis_bluechip
2021-06-09,4508.9667,axis_bluechip
2021-06-08,4508.225,axis_bluechip
2021-06-07,4507.6293,axis_bluechip
2021-06-04,4506.0013,axis_bluechip
2021-06-03,4505.6101,axis_bluechip
2021-06-02,4505.1471,axis_bluechip
2021-06-01,4504.7396,axis_bluechip
2021-05-31,4504.3495,axis_bluechip
2021-05-28,4502.9636,axis_bluechip
2021-05-27,4502.2382,axis_bluechip
2021-05-25,4501.4732,axis_bluechip
2021-05-24,4501.066,axis_bluechip
2021-05-21,4499.7996,axis_bluechip
2021-05-20,4499.0528,axis_bluechip
2021-05-19,4498.6005,axis_bluechip
2021-05-18,4498.0406,axis_bluechip
2021-05-17,4497.5124,axis_bluechip
2021-05-14,4496.1837,axis_bluechip
2021-05-12,4495.2501,axis_bluechip
2021-05-11,4494.945,axis_bluechip
2021-05-10,4494.3427,axis_bluechip
2021-05-07,4493.4725,axis_bluechip
2021-05-06,4493.103,axis_bluechip
2021-05-05,4492.6502,axis_bluechip
2021-05-04,4492.1951,axis_bluechip
2021-05-03,4492.0127,axis_bluechip
2021-04-30,4490.4089,axis_bluechip
2021-04-29,4489.9035,axis_bluechip
2021-04-28,4489.4762,axis_bluechip
2021-04-27,4488.2324,axis_bluechip
2021-04-26,4487.6174,axis_bluechip
2021-04-23,4485.6071,axis_bluechip
2021-04-22,4485.0802,axis_bluechip
2021-04-20,4483.5807,axis_bluechip
2021-04-19,4482.8,axis_bluechip
2021-04-16,4481.1175,axis_bluechip
2021-04-15,4480.5651,axis_bluechip
2021-04-12,4479.0713,axis_bluechip
2021-04-09,4478.2206,axis_bluechip
2021-04-08,4478.0318,axis_bluechip
2021-04-07,4478.1117,axis_bluechip
2021-04-06,4477.6359,axis_bluechip
2021-04-05,4476.1675,axis_bluechip
2021-03-31,4473.9244,axis_bluechip
2021-03-30,4472.8737,axis_bluechip
2021-03-26,4469.9225,axis_bluechip
2021-03-25,4468.9404,axis_bluechip
2021-03-24,4468.1462,axis_bluechip
2021-03-23,4466.5438,axis_bluechip
2021-03-22,4465.6383,axis_bluechip
2021-03-19,4463.914,axis_bluechip
2021-03-18,4462.2661,axis_bluechip
2021-03-17,4461.5584,axis_bluechip
2021-03-16,4461.0828,axis_bluechip
2021-03-15,4460.4413,axis_bluechip
2021-03-12,4459.6068,axis_bluechip
2021-03-10,4458.656,axis_bluechip
2021-03-09,4458.0172,axis_bluechip
2021-03-08,4457.7421,axis_bluechip
2021-03-05,4456.5838,axis_bluechip
2021-03-04,4456.1148,axis_bluechip
2021-03-03,4455.677,axis_bluechip
2021-03-02,4455.2571,axis_bluechip
2021-03-01,4454.8733,axis_bluechip
2021-02-26,4453.6563,axis_bluechip
2021-02-25,4453.3035,axis_bluechip
2021-02-24,4452.953,axis_bluechip
2021-02-23,4452.2577,axis_bluechip
2021-02-22,4451.8057,axis_bluechip
2021-02-18,4450.5729,axis_bluechip
2021-02-17,4449.9012,axis_bluechip
2021-02-16,4449.1908,axis_bluechip
2021-02-15,4448.4874,axis_bluechip
2021-02-12,4447.0261,axis_bluechip
2021-02-11,4446.5639,axis_bluechip
2021-02-10,4446.1385,axis_bluechip
2021-02-09,4445.4434,axis_bluechip
2021-02-08,4445.1846,axis_bluechip
2021-02-05,4443.9176,axis_bluechip
2021-02-04,4443.3787,axis_bluechip
2021-02-03,4443.0069,axis_bluechip
2021-02-02,4442.9783,axis_bluechip
2021-02-01,4442.5021,axis_bluechip
2021-01-29,4441.4099,axis_bluechip
2021-01-28,4440.9624,axis_bluechip
2021-01-27,4440.4967,axis_bluechip
2021-01-25,4439.8445,axis_bluechip
2021-01-22,4438.5359,axis_bluechip
2021-01-21,4438.1325,axis_bluechip
2021-01-20,4437.6557,axis_bluechip
2021-01-19,4437.2276,axis_bluechip
2021-01-18,4437.2077,axis_bluechip
2021-01-15,4436.2347,axis_bluechip
2021-01-14,4435.8973,axis_bluechip
2021-01-13,4436.0023,axis_bluechip
2021-01-12,4435.5524,axis_bluechip
2021-01-11,4435.3463,axis_bluechip
2021-01-08,4434.766,axis_bluechip
2021-01-07,4434.4073,axis_bluechip
2021-01-06,4434.2321,axis_bluechip
2021-01-05,4434.0473,axis_bluechip
2021-01-04,4433.6173,axis_bluechip
2021-01-01,4432.2723,axis_bluechip
2020-12-31,4431.6311,axis_bluechip
2020-12-30,4431.1016,axis_bluechip
2020-12-29,4430.3893,axis_bluechip
2020-12-28,4429.8268,axis_bluechip
2020-12-24,4428.2037,axis_bluechip
2020-12-23,4427.7459,axis_bluechip
2020-12-22,4427.3621,axis_bluechip
2020-12-21,4426.9505,axis_bluechip
2020-12-18,4425.6665,axis_bluechip
2020-12-17,4425.2074,axis_bluechip
2020-12-16,4424.8852,axis_bluechip
2020-12-15,4424.5835,axis_bluechip
2020-12-14,4424.3118,axis_bluechip
2020-12-11,4423.1467,axis_bluechip
2020-12-10,4422.6387,axis_bluechip
2020-12-09,4422.082,axis_bluechip
2020-12-08,4421.9973,axis_bluechip
2020-12-07,4421.93,axis_bluechip
2020-12-04,4420.5672,axis_bluechip
2020-12-03,4419.9119,axis_bluechip
2020-12-02,4419.5547,axis_bluechip
2020-12-01,4419.9359,axis_bluechip
2020-11-27,4418.6432,axis_bluechip
2020-11-26,4418.0768,axis_bluechip
2020-11-25,4417.2969,axis_bluechip
2020-11-24,4416.7467,axis_bluechip
2020-11-23,4416.5255,axis_bluechip
2020-11-20,4415.3233,axis_bluechip
2020-11-19,4414.744,axis_bluechip
2020-11-18,4413.7605,axis_bluechip
2020-11-17,4413.0101,axis_bluechip
2020-11-13,4411.2065,axis_bluechip
2020-11-12,4410.5149,axis_bluechip
2020-11-11,4409.8311,axis_bluechip
2020-11-10,4409.1968,axis_bluechip
2020-11-09,4408.6502,axis_bluechip
2020-11-06,4407.199,axis_bluechip
2020-11-05,4406.7614,axis_bluechip
2020-11-04,4406.2541,axis_bluechip
2020-11-03,4405.5861,axis_bluechip
2020-11-02,4405.1472,axis_bluechip
2020-10-29,4403.6062,axis_bluechip
2020-10-28,4403.2058,axis_bluechip
2020-10-27,4402.6028,axis_bluechip
2020-10-26,4402.2426,axis_bluechip
2020-10-23,4400.7309,axis_bluechip
2020-10-22,4400.195,axis_bluechip
2020-10-21,4399.7853,axis_bluechip
2020-10-20,4399.2865,axis_bluechip
2020-10-19,4398.6908,axis_bluechip
2020-10-16,4397.261,axis_bluechip
2020-10-15,4396.7317,axis_bluechip
2020-10-14,4396.2372,axis_bluechip
2020-10-13,4395.391,axis_bluechip
2020-10-12,4395.1137,axis_bluechip
2020-10-09,4393.6484,axis_bluechip
2020-10-08,4393.0146,axis_bluechip
2020-10-07,4392.2027,axis_bluechip
2020-10-06,4390.6895,axis_bluechip
2020-10-05,4389.4847,axis_bluechip
2020-10-01,4386.904,axis_bluechip
2020-09-30,4386.1231,axis_bluechip
2020-09-29,4385.4487,axis_bluechip
2020-09-28,4384.6086,axis_bluechip
2020-09-25,4383.1713,axis_bluechip
2020-09-24,4382.6886,axis_bluechip
2020-09-23,4382.387,axis_bluechip
2020-09-22,4382.1581,axis_bluechip
2020-09-21,4381.6926,axis_bluechip
2020-09-18,4380.2814,axis_bluechip
2020-09-17,4379.9396,axis_bluechip
2020-09-16,4379.3179,axis_bluechip
2020-09-15,4379.0681,axis_bluechip
2020-09-14,4378.5847,axis_bluechip
2020-09-11,4377.2109,axis_bluechip
2020-09-10,4376.749,axis_bluechip
2020-09-09,4376.598,axis_bluechip
2020-09-08,4376.2118,axis_bluechip
2020-09-07,4375.9053,axis_bluechip
2020-09-04,4374.4488,axis_bluechip
2020-09-03,4373.9936,axis_bluechip
2020-09-02,4373.5889,axis_bluechip
2020-09-01,4373.4455,axis_bluechip
2020-08-31,4372.3045,axis_bluechip
2020-08-28,4370.9404,axis_bluechip
2020-08-27,4370.2899,axis_bluechip
2020-08-26,4369.8086,axis_bluechip
2020-08-25,4369.0401,axis_bluechip
2020-08-24,4369.1162,axis_bluechip
2020-08-21,4368.2559,axis_bluechip
2020-08-20,4367.337,axis_bluechip
2020-08-19,4366.3028,axis_bluechip
2020-08-18,4365.6229,axis_bluechip
2020-08-17,4363.6971,axis_bluechip
2020-08-14,4362.347,axis_bluechip
2020-08-13,4361.8782,axis_bluechip
2020-08-12,4361.3494,axis_bluechip
2020-08-11,4360.7977,axis_bluechip
2020-08-10,4360.0294,axis_bluechip
2020-08-07,4358.6338,axis_bluechip
2020-08-06,4359.1377,axis_bluechip
2020-08-05,4358.5009,axis_bluechip
2020-08-04,4357.4592,axis_bluechip
2020-08-03,4356.3316,axis_bluechip
2020-07-31,4355.1666,axis_bluechip
2020-07-30,4354.5685,axis_bluechip
2020-07-29,4353.8404,axis_bluechip
2020-07-28,4353.6483,axis_bluechip
2020-07-27,4353.5207,axis_bluechip
2020-07-24,4351.8154,axis_bluechip
2020-07-23,4351.7062,axis_bluechip
2020-07-22,4351.1503,axis_bluechip
2020-07-21,4350.8257,axis_bluechip
2020-07-20,4349.7322,axis_bluechip
2020-07-17,4348.386,axis_bluechip
2020-07-16,4347.9358,axis_bluechip
2020-07-15,4347.4749,axis_bluechip
2020-07-14,4346.9559,axis_bluechip
2020-07-13,4348.2801,axis_bluechip
2020-07-10,4345.9608,axis_bluechip
2020-07-09,4344.087,axis_bluechip
2020-07-08,4343.2338,axis_bluechip
2020-07-07,4341.1793,axis_bluechip
2020-07-06,4339.2371,axis_bluechip
2020-07-03,4336.8755,axis_bluechip
2020-07-02,4333.5809,axis_bluechip
2020-07-01,4332.0976,axis_bluechip
2020-06-30,4330.1984,axis_bluechip
2020-06-29,4329.6449,axis_bluechip
2020-06-26,4329.9344,axis_bluechip
2020-06-25,4328.6429,axis_bluechip
2020-06-24,4327.9788,axis_bluechip
2020-06-23,4327.428,axis_bluechip
2020-06-22,4325.789,axis_bluechip
2020-06-19,4326.3408,axis_bluechip
2020-06-18,4324.4248,axis_bluechip
2020-06-17,4318.5464,axis_bluechip
2020-06-16,4317.8417,axis_bluechip
2020-06-15,4315.1713,axis_bluechip
2020-06-12,4311.2397,axis_bluechip
2020-06-11,4310.1565,axis_bluechip
2020-06-10,4307.0927,axis_bluechip
2020-06-09,4305.7632,axis_bluechip
2020-06-08,4305.6172,axis_bluechip
2020-06-05,4303.6425,axis_bluechip
2020-06-04,4302.9475,axis_bluechip
2020-06-03,4303.7694,axis_bluechip
2020-06-02,4303.0421,axis_bluechip
2020-06-01,4303.6551,axis_bluechip
2020-05-29,4301.7625,axis_bluechip
2020-05-28,4305.9734,axis_bluechip
2020-05-27,4306.1167,axis_bluechip
2020-05-26,4306.032,axis_bluechip
2020-05-22,4299.3833,axis_bluechip
2020-05-21,4294.3552,axis_bluechip
2020-05-20,4289.6827,axis_bluechip
2020-05-19,4288.6721,axis_bluechip
2020-05-18,4284.9352,axis_bluechip
2020-05-15,4275.9992,axis_bluechip
2020-05-14,4271.4229,axis_bluechip
2020-05-13,4270.8111,axis_bluechip
2020-05-12,4271.4274,axis_bluechip
2020-05-11,4265.7032,axis_bluechip
2020-05-08,4264.2386,axis_bluechip
2020-05-06,4260.1611,axis_bluechip
2020-05-05,4257.3671,axis_bluechip
2020-05-04,4254.1526,axis_bluechip
2020-04-30,4250.8578,axis_bluechip
2020-04-29,4246.2017,axis_bluechip
2020-04-28,4245.0076,axis_bluechip
2020-04-27,4250.8959,axis_bluechip
2020-04-24,4253.9022,axis_bluechip
2020-04-23,4257.8975,axis_bluechip
2020-04-22,4251.0201,axis_bluechip
2020-04-21,4248.4573,axis_bluechip
2020-04-20,4241.9107,axis_bluechip
2020-04-17,4235.9524,axis_bluechip
2020-04-16,4224.6042,axis_bluechip
2020-04-15,4223.0994,axis_bluechip
2020-04-13,4222.2748,axis_bluechip
2020-04-09,4221.4016,axis_bluechip
2020-04-08,4225.2022,axis_bluechip
2020-04-07,4228.7396,axis_bluechip
2020-04-03,4223.1814,axis_bluechip
2020-03-31,4219.8368,axis_bluechip
2020-03-30,4218.4355,axis_bluechip
2020-03-27,4212.5014,axis_bluechip
2020-03-26,4156.2809,axis_bluechip
2020-03-24,4144.3512,axis_bluechip
2020-03-23,4152.1616,axis_bluechip
2020-03-20,4163.0671,axis_bluechip
2020-03-19,4164.2442,axis_bluechip
2020-03-18,4186.9181,axis_bluechip
2020-03-17,4193.9895,axis_bluechip
2020-03-16,4195.5139,axis_bluechip
2020-03-13,4195.2449,axis_bluechip
2020-03-12,4199.1631,axis_bluechip
2020-03-11,4202.8702,axis_bluechip
2020-03-09,4202.7078,axis_bluechip
2020-03-06,4200.6749,axis_bluechip
2020-03-05,4200.1656,axis_bluechip
2020-03-04,4198.9729,axis_bluechip
2020-03-03,4195.0644,axis_bluechip
2020-03-02,4194.6776,axis_bluechip
2020-02-28,4192.8719,axis_bluechip
2020-02-27,4192.7871,axis_bluechip
2020-02-26,4192.2986,axis_bluechip
2020-02-25,4191.6676,axis_bluechip
2020-02-24,4190.8455,axis_bluechip
2020-02-20,4188.3871,axis_bluechip
2020-02-18,4187.2739,axis_bluechip
2020-02-17,4186.7668,axis_bluechip
2020-02-14,4184.71,axis_bluechip
2020-02-13,4184.0904,axis_bluechip
2020-02-12,4182.7922,axis_bluechip
2020-02-11,4182.0429,axis_bluechip
2020-02-10,4181.1499,axis_bluechip
2020-02-07,4178.8921,axis_bluechip
2020-02-06,4178.0239,axis_bluechip
2020-02-05,4175.5676,axis_bluechip
2020-02-04,4174.93,axis_bluechip
2020-02-03,4174.2552,axis_bluechip
2020-01-31,4172.3693,axis_bluechip
2020-01-30,4171.7595,axis_bluechip
2020-01-29,4171.1131,axis_bluechip
2020-01-28,4170.5021,axis_bluechip
2020-01-27,4169.8989,axis_bluechip
2020-01-24,4168.047,axis_bluechip
2020-01-23,4167.2712,axis_bluechip
2020-01-22,4166.5799,axis_bluechip
2020-01-21,4165.9471,axis_bluechip
2020-01-20,4165.2638,axis_bluechip
2020-01-17,4163.4425,axis_bluechip
2020-01-16,4162.7975,axis_bluechip
2020-01-15,4162.2102,axis_bluechip
2020-01-14,4161.7101,axis_bluechip
2020-01-13,4161.2805,axis_bluechip
2020-01-10,4159.6197,axis_bluechip
2020-01-09,4159.2962,axis_bluechip
2020-01-08,4158.7589,axis_bluechip
2020-01-07,4158.2403,axis_bluechip
2020-01-06,4157.6608,axis_bluechip
2020-01-03,4155.873,axis_bluechip
2020-01-02,4155.3529,axis_bluechip
2020-01-01,4154.2506,axis_bluechip
2019-12-31,4153.5751,axis_bluechip
2019-12-30,4152.9985,axis_bluechip
2019-12-27,4151.2058,axis_bluechip
2019-12-26,4150.4387,axis_bluechip
2019-12-24,4149.2295,axis_bluechip
2019-12-23,4148.6422,axis_bluechip
2019-12-20,4146.8586,axis_bluechip
2019-12-19,4146.3861,axis_bluechip
2019-12-18,4145.708,axis_bluechip
2019-12-17,4145.1513,axis_bluechip
2019-12-16,4144.5725,axis_bluechip
2019-12-13,4142.7981,axis_bluechip
2019-12-12,4142.2277,axis_bluechip
2019-12-11,4141.6075,axis_bluechip
2019-12-10,4140.8362,axis_bluechip
2019-12-09,4140.0144,axis_bluechip
2019-12-06,4137.8932,axis_bluechip
2019-12-05,4137.1591,axis_bluechip
2019-12-04,4138.0105,axis_bluechip
2019-12-03,4137.4286,axis_bluechip
2019-12-02,4136.7004,axis_bluechip
2019-11-29,4134.6499,axis_bluechip
2019-11-28,4133.5488,axis_bluechip
2019-11-27,4132.7466,axis_bluechip
2019-11-26,4131.7613,axis_bluechip
2019-11-25,4131.1444,axis_bluechip
2019-11-22,4129.247,axis_bluechip
2019-11-21,4128.5649,axis_bluechip
2019-11-20,4127.8978,axis_bluechip
2019-11-19,4127.0449,axis_bluechip
2019-11-18,4126.3854,axis_bluechip
2019-11-15,4124.4226,axis_bluechip
2019-11-14,4123.4278,axis_bluechip
2019-11-13,4122.6082,axis_bluechip
2019-11-11,4120.8564,axis_bluechip
2019-11-08,4118.4667,axis_bluechip
2019-11-07,4117.7945,axis_bluechip
2019-11-06,4117.083,axis_bluechip
2019-11-05,4117.7223,axis_bluechip
2019-11-04,4117.1046,axis_bluechip
2019-11-01,4115.088,axis_bluechip
2019-10-31,4114.4383,axis_bluechip
2019-10-30,4113.437,axis_bluechip
2019-10-29,4111.1441,axis_bluechip
2019-10-25,4108.466,axis_bluechip
2019-10-24,4107.7561,axis_bluechip
2019-10-23,4106.5247,axis_bluechip
2019-10-22,4105.7837,axis_bluechip
2019-10-18,4103.1342,axis_bluechip
2019-10-17,4102.4534,axis_bluechip
2019-10-16,4101.6695,axis_bluechip
2019-10-15,4100.5496,axis_bluechip
2019-10-14,4099.607,axis_bluechip
2019-10-11,4097.3811,axis_bluechip
2019-10-10,4095.9991,axis_bluechip
2019-10-09,4095.094,axis_bluechip
2019-10-07,4093.774,axis_bluechip
2019-10-04,4091.1895,axis_bluechip
2019-10-03,4089.831,axis_bluechip
2019-10-01,4088.1697,axis_bluechip
2019-09-30,4086.2243,axis_bluechip
2019-09-27,4082.6786,axis_bluechip
2019-09-26,4081.9192,axis_bluechip
2019-09-25,4080.2472,axis_bluechip
2019-09-24,4079.35,axis_bluechip
2019-09-23,4079.1253,axis_bluechip
2019-09-20,4076.9678,axis_bluechip
2019-09-19,4079.2646,axis_bluechip
2019-09-18,4078.329,axis_bluechip
2019-09-17,4077.6242,axis_bluechip
2019-09-16,4077.8292,axis_bluechip
2019-09-13,4075.4083,axis_bluechip
2019-09-12,4074.3909,axis_bluechip
2019-09-11,4073.3738,axis_bluechip
2019-09-09,4072.1616,axis_bluechip
2019-09-06,4069.7611,axis_bluechip
2019-09-05,4069.0835,axis_bluechip
2019-09-04,4068.5983,axis_bluechip
2019-09-03,4067.1216,axis_bluechip
2019-08-30,4063.3999,axis_bluechip
2019-08-29,4062.6035,axis_bluechip
2019-08-28,4061.6488,axis_bluechip
2019-08-27,4060.9955,axis_bluechip
2019-08-26,4059.444,axis_bluechip
2019-08-23,4056.744,axis_bluechip
2019-08-22,4056.0057,axis_bluechip
2019-08-21,4055.4582,axis_bluechip
2019-08-20,4054.3711,axis_bluechip
2019-08-19,4053.5466,axis_bluechip
2019-08-16,4051.0235,axis_bluechip
2019-08-14,4049.1588,axis_bluechip
2019-08-13,4049.2676,axis_bluechip
2019-08-09,4047.4181,axis_bluechip
2019-08-08,4046.3973,axis_bluechip
2019-08-07,4043.2485,axis_bluechip
2019-08-06,4040.4543,axis_bluechip
2019-08-05,4040.2626,axis_bluechip
2019-08-02,4037.5492,axis_bluechip
2019-08-01,4036.5393,axis_bluechip
2019-07-31,4033.0479,axis_bluechip
2019-07-30,4030.8535,axis_bluechip
2019-07-29,4028.5247,axis_bluechip
2019-07-26,4026.2347,axis_bluechip
2019-07-25,4025.5358,axis_bluechip
2019-07-24,4024.7885,axis_bluechip
2019-07-23,4024.3809,axis_bluechip
2019-07-22,4024.4143,axis_bluechip
2019-07-19,4023.1439,axis_bluechip
2019-07-18,4023.3581,axis_bluechip
2019-07-17,4022.5023,axis_bluechip
2019-07-16,4018.8422,axis_bluechip
2019-07-15,4015.4835,axis_bluechip
2019-07-12,4012.4738,axis_bluechip
2019-07-11,4010.9502,axis_bluechip
2019-07-10,4009.7207,axis_bluechip
2019-07-09,4006.8852,axis_bluechip
2019-07-08,4005.3821,axis_bluechip
2019-07-05,4002.7573,axis_bluechip
2019-07-04,4001.4002,axis_bluechip
2019-07-03,3999.3038,axis_bluechip
2019-07-02,3996.3465,axis_bluechip
2019-07-01,3995.6093,axis_bluechip
2019-06-28,3993.2622,axis_bluechip
2019-06-27,3992.0176,axis_bluechip
2019-06-26,3990.5061,axis_bluechip
2019-06-25,3991.5578,axis_bluechip
2019-06-24,3991.2496,axis_bluechip
2019-06-21,3989.0576,axis_bluechip
2019-06-20,3988.4023,axis_bluechip
2019-06-19,3987.7899,axis_bluechip
2019-06-18,3986.5235,axis_bluechip
2019-06-17,3985.4552,axis_bluechip
2019-06-14,3982.7966,axis_bluechip
2019-06-13,3982.1122,axis_bluechip
2019-06-12,3981.3277,axis_bluechip
2019-06-11,3981.148,axis_bluechip
2019-06-10,3981.1174,axis_bluechip
2019-06-07,3979.4257,axis_bluechip
2019-06-06,3981.171,axis_bluechip
2019-06-04,3978.8906,axis_bluechip
2019-06-03,3977.9948,axis_bluechip
2019-05-31,3972.7088,axis_bluechip
2019-05-30,3971.0054,axis_bluechip
2019-05-29,3969.0534,axis_bluechip
2019-05-28,3968.2518,axis_bluechip
2019-05-27,3967.6125,axis_bluechip
2019-05-24,3964.3316,axis_bluechip
2019-05-23,3963.3894,axis_bluechip
2019-05-22,3959.9007,axis_bluechip
2019-05-21,3959.2603,axis_bluechip
2019-05-20,3958.6948,axis_bluechip
2019-05-17,3955.6152,axis_bluechip
2019-05-16,3952.2548,axis_bluechip
2019-05-15,3950.5061,axis_bluechip
2019-05-14,3949.6951,axis_bluechip
2019-05-13,3948.1583,axis_bluechip
2019-05-10,3945.6736,axis_bluechip
2019-05-09,3944.3106,axis_bluechip
2019-05-08,3943.5199,axis_bluechip
2019-05-07,3941.5665,axis_bluechip
2019-05-06,3939.3791,axis_bluechip
2019-05-03,3935.9902,axis_bluechip
2019-05-02,3935.9636,axis_bluechip
2019-04-30,3935.0437,axis_bluechip
2019-04-26,3933.077,axis_bluechip
2019-04-25,3932.7681,axis_bluechip
2019-04-24,3932.5059,axis_bluechip
2019-04-23,3933.8348,axis_bluechip
2019-04-22,3934.6565,axis_bluechip
2019-04-18,3931.8145,axis_bluechip
2019-04-16,3930.3122,axis_bluechip
2019-04-15,3930.2687,axis_bluechip
2019-04-12,3929.1923,axis_bluechip
2019-04-11,3928.679,axis_bluechip
2019-04-10,3929.382,axis_bluechip
2019-04-09,3929.5232,axis_bluechip
2019-04-08,3929.8635,axis_bluechip
2019-04-05,3928.9971,axis_bluechip
2019-04-04,3928.3556,axis_bluechip
2019-04-03,3927.7307,axis_bluechip
2019-04-02,3927.3237,axis_bluechip
2019-03-29,3919.3189,axis_bluechip
2019-03-28,3911.0154,axis_bluechip
2019-03-27,3909.9343,axis_bluechip
2019-03-26,3908.667,axis_bluechip
2019-03-25,3907.9094,axis_bluechip
2019-03-22,3905.4787,axis_bluechip
2019-03-20,3904.9666,axis_bluechip
2019-03-19,3906.2956,axis_bluechip
2019-03-18,3904.6634,axis_bluechip
2019-03-15,3902.4571,axis_bluechip
2019-03-14,3901.3532,axis_bluechip
2019-03-13,3896.9455,axis_bluechip
2019-03-12,3895.3984,axis_bluechip
2019-03-11,3893.6488,axis_bluechip
2019-03-08,3891.2395,axis_bluechip
2019-03-07,3889.6642,axis_bluechip
2019-03-06,3888.9141,axis_bluechip
2019-03-05,3886.7391,axis_bluechip
2019-03-01,3883.6677,axis_bluechip
2019-02-28,3882.523,axis_bluechip
2019-02-27,3881.6892,axis_bluechip
2019-02-26,3880.9587,axis_bluechip
2019-02-25,3880.433,axis_bluechip
2019-02-22,3878.2128,axis_bluechip
2019-02-21,3877.9373,axis_bluechip
2019-02-20,3877.1511,axis_bluechip
2019-02-18,3875.6324,axis_bluechip
2019-02-15,3873.3615,axis_bluechip
2019-02-14,3874.0483,axis_bluechip
2019-02-13,3873.2535,axis_bluechip
2019-02-12,3870.5686,axis_bluechip
2019-02-11,3869.8269,axis_bluechip
2019-02-08,3867.5916,axis_bluechip
2019-02-07,3866.0939,axis_bluechip
2019-02-06,3863.4747,axis_bluechip
2019-02-05,3862.7741,axis_bluechip
2019-02-04,3862.0595,axis_bluechip
2019-02-01,3860.3437,axis_bluechip
2019-01-31,3859.7657,axis_bluechip
2019-01-30,3859.0136,axis_bluechip
2019-01-29,3858.252,axis_bluechip
2019-01-28,3857.2653,axis_bluechip
2019-01-25,3854.7565,axis_bluechip
2019-01-24,3854.028,axis_bluechip
2019-01-23,3853.2079,axis_bluechip
2019-01-22,3853.1078,axis_bluechip
2019-01-21,3852.0237,axis_bluechip
2019-01-18,3849.614,axis_bluechip
2019-01-17,3848.8256,axis_bluechip
2019-01-16,3847.9891,axis_bluechip
2019-01-15,3847.0881,axis_bluechip
2019-01-14,3846.1704,axis_bluechip
2019-01-11,3843.8171,axis_bluechip
2019-01-10,3843.0364,axis_bluechip
2019-01-09,3842.2348,axis_bluechip
2019-01-08,3841.3584,axis_bluechip
2019-01-07,3840.3604,axis_bluechip
2019-01-04,3838.1051,axis_bluechip
2019-01-03,3837.309,axis_bluechip
2019-01-02,3836.7889,axis_bluechip
2019-01-01,3835.6478,axis_bluechip
2018-12-31,3834.7032,axis_bluechip
2018-12-28,3831.9643,axis_bluechip
2018-12-27,3830.6661,axis_bluechip
2018-12-26,3829.7516,axis_bluechip
2018-12-24,3828.269,axis_bluechip
2018-12-21,3825.9596,axis_bluechip
2018-12-20,3825.3474,axis_bluechip
2018-12-19,3824.8182,axis_bluechip
2018-12-18,3823.5918,axis_bluechip
2018-12-17,3822.6796,axis_bluechip
2018-12-14,3820.3688,axis_bluechip
2018-12-13,3819.3159,axis_bluechip
2018-12-12,3818.0154,axis_bluechip
2018-12-11,3816.9776,axis_bluechip
2018-12-10,3816.3984,axis_bluechip
2018-12-07,3814.3908,axis_bluechip
2018-12-06,3813.4412,axis_bluechip
2018-12-05,3812.0229,axis_bluechip
2018-12-04,3810.26,axis_bluechip
2018-12-03,3809.1775,axis_bluechip
2018-11-30,3806.5323,axis_bluechip
2018-11-29,3805.8394,axis_bluechip
2018-11-28,3804.9872,axis_bluechip
2018-11-27,3804.1093,axis_bluechip
2018-11-26,3803.0898,axis_bluechip
2018-11-22,3799.8589,axis_bluechip
2018-11-20,3798.2437,axis_bluechip
2018-11-19,3797.4247,axis_bluechip
2018-11-16,3795.0452,axis_bluechip
2018-11-15,3794.0432,axis_bluechip
2018-11-14,3792.7523,axis_bluechip
2018-11-13,3791.6315,axis_bluechip
2018-11-12,3790.7416,axis_bluechip
2018-11-09,3788.195,axis_bluechip
2018-11-06,3785.8486,axis_bluechip
2018-11-05,3784.9644,axis_bluechip
2018-11-02,3782.6099,axis_bluechip
2018-11-01,3781.7547,axis_bluechip
2018-10-31,3780.8573,axis_bluechip
2018-10-30,3780.0643,axis_bluechip
2018-10-29,3779.3355,axis_bluechip
2018-10-26,3777.1107,axis_bluechip
2018-10-25,3776.3141,axis_bluechip
2018-10-24,3775.5104,axis_bluechip
2018-10-23,3774.7256,axis_bluechip
2018-10-22,3774.0249,axis_bluechip
2018-10-19,3771.7561,axis_bluechip
2018-10-17,3770.336,axis_bluechip
2018-10-16,3769.507,axis_bluechip
2018-10-15,3768.6624,axis_bluechip
2018-10-12,3766.5512,axis_bluechip
2018-10-11,3765.8843,axis_bluechip
2018-10-10,3765.1782,axis_bluechip
2018-10-09,3764.4199,axis_bluechip
2018-10-08,3763.7318,axis_bluechip
2018-10-05,3761.4006,axis_bluechip
2018-10-04,3758.624,axis_bluechip
2018-10-03,3758.1588,axis_bluechip
2018-10-01,3756.8327,axis_bluechip
2018-09-28,3754.1776,axis_bluechip
2018-09-27,3752.2921,axis_bluechip
2018-09-26,3749.3624,axis_bluechip
2018-09-25,3748.5485,axis_bluechip
2018-09-24,3750.4164,axis_bluechip
2018-09-21,3749.0203,axis_bluechip
2018-09-19,3747.5204,axis_bluechip
2018-09-18,3746.8412,axis_bluechip
2018-09-17,3745.8106,axis_bluechip
2018-09-14,3743.6318,axis_bluechip
2018-09-12,3742.3052,axis_bluechip
2018-09-11,3741.621,axis_bluechip
2018-09-10,3741.6037,axis_bluechip
2018-09-07,3740.0724,axis_bluechip
2018-09-06,3739.3085,axis_bluechip
2018-09-05,3738.5233,axis_bluechip
2018-09-04,3737.9052,axis_bluechip
2018-09-03,3737.1712,axis_bluechip
2018-08-31,3734.7722,axis_bluechip
2018-08-30,3733.9957,axis_bluechip
2018-08-29,3733.2403,axis_bluechip
2018-08-28,3732.179,axis_bluechip
2018-08-27,3731.4211,axis_bluechip
2018-08-24,3729.2354,axis_bluechip
2018-08-23,3728.6055,axis_bluechip
2018-08-21,3727.2407,axis_bluechip
2018-08-20,3726.5822,axis_bluechip
2018-08-16,3723.6676,axis_bluechip
2018-08-14,3722.2147,axis_bluechip
2018-08-13,3721.5141,axis_bluechip
2018-08-10,3719.3725,axis_bluechip
2018-08-09,3718.6457,axis_bluechip
2018-08-08,3717.8237,axis_bluechip
2018-08-07,3717.0545,axis_bluechip
2018-08-06,3716.2854,axis_bluechip
2018-08-03,3714.0635,axis_bluechip
2018-08-02,3713.1986,axis_bluechip
2018-08-01,3712.2854,axis_bluechip
2018-07-31,3711.5296,axis_bluechip
2018-07-30,3710.7551,axis_bluechip
2018-07-27,3708.5793,axis_bluechip
2018-07-26,3707.6921,axis_bluechip
2018-07-25,3707.0207,axis_bluechip
2018-07-24,3706.3373,axis_bluechip
2018-07-23,3705.8583,axis_bluechip
2018-07-20,3703.8209,axis_bluechip
2018-07-19,3703.1936,axis_bluechip
2018-07-18,3702.5496,axis_bluechip
2018-07-17,3701.7623,axis_bluechip
2018-07-16,3701.0161,axis_bluechip
2018-07-13,3698.9137,axis_bluechip
2018-07-12,3698.1859,axis_bluechip
2018-07-11,3697.3895,axis_bluechip
2018-07-10,3696.726,axis_bluechip
2018-07-09,3695.9951,axis_bluechip
2018-07-06,3693.6113,axis_bluechip
2018-07-05,3692.8716,axis_bluechip
2018-07-04,3692.0381,axis_bluechip
2018-07-03,3690.9285,axis_bluechip
2018-07-02,3690.1901,axis_bluechip
2018-06-29,3687.607,axis_bluechip
2018-06-28,3686.4049,axis_bluechip
2018-06-27,3685.6369,axis_bluechip
2018-06-26,3684.9108,axis_bluechip
2018-06-25,3684.2275,axis_bluechip
2018-06-22,3681.9541,axis_bluechip
2018-06-21,3681.283,axis_bluechip
2018-06-20,3680.5289,axis_bluechip
2018-06-19,3679.6877,axis_bluechip
2018-06-18,3678.745,axis_bluechip
2018-06-15,3676.4459,axis_bluechip
2018-06-14,3675.6996,axis_bluechip
2018-06-13,3674.9731,axis_bluechip
2018-06-12,3674.2557,axis_bluechip
2018-06-11,3673.5316,axis_bluechip
2018-06-08,3671.3584,axis_bluechip
2018-06-07,3670.6413,axis_bluechip
2018-06-06,3669.9188,axis_bluechip
2018-06-05,3669.0214,axis_bluechip
2018-06-04,3668.204,axis_bluechip
2018-06-01,3666.0448,axis_bluechip
2018-05-31,3665.3407,axis_bluechip
2018-05-30,3664.6508,axis_bluechip
2018-05-29,3663.9097,axis_bluechip
2018-05-28,3663.1364,axis_bluechip
2018-05-27,3662.439,axis_bluechip
2018-05-25,3660.977,axis_bluechip
2018-05-24,3660.2814,axis_bluechip
2018-05-23,3659.6033,axis_bluechip
2018-05-22,3658.9296,axis_bluechip
2018-05-21,3658.2341,axis_bluechip
2018-05-20,3657.6351,axis_bluechip
2018-05-18,3656.2124,axis_bluechip
2018-05-17,3655.5548,axis_bluechip
2018-05-16,3654.9359,axis_bluechip
2018-05-15,3654.3493,axis_bluechip
2018-05-14,3653.8744,axis_bluechip
2018-05-13,3653.2387,axis_bluechip
2018-05-11,3651.8417,axis_bluechip
2018-05-10,3651.1807,axis_bluechip
2018-05-09,3650.6892,axis_bluechip
2018-05-08,3650.0968,axis_bluechip
2018-05-07,3649.4832,axis_bluechip
2018-05-06,3648.8176,axis_bluechip
2018-05-04,3647.4455,axis_bluechip
2018-05-03,3646.8796,axis_bluechip
2018-05-02,3646.2495,axis_bluechip
2018-05-01,3645.6219,axis_bluechip
2018-04-27,3642.8498,axis_bluechip
2018-04-26,3642.1652,axis_bluechip
2018-04-25,3641.4727,axis_bluechip
2018-04-24,3640.8015,axis_bluechip
2018-04-23,3640.1528,axis_bluechip
2018-04-22,3639.5464,axis_bluechip
2018-04-20,3638.1565,axis_bluechip
2018-04-19,3637.6273,axis_bluechip
2018-04-18,3636.9573,axis_bluechip
2018-04-17,3636.2486,axis_bluechip
2018-04-16,3635.6015,axis_bluechip
2018-04-15,3634.9082,axis_bluechip
2018-04-13,3633.52,axis_bluechip
2018-04-12,3632.833,axis_bluechip
2018-04-11,3632.1726,axis_bluechip
2018-04-10,3631.5028,axis_bluechip
2018-04-09,3630.831,axis_bluechip
2018-04-08,3630.1161,axis_bluechip
2018-04-06,3628.7427,axis_bluechip
2018-04-05,3628.0483,axis_bluechip
2018-04-04,3627.3585,axis_bluechip
2018-04-03,3626.587,axis_bluechip
2018-04-02,3625.8417,axis_bluechip
2018-03-31,3624.4209,axis_bluechip
2018-03-28,3622.3038,axis_bluechip
2018-03-27,3620.0415,axis_bluechip
2018-03-26,3619.302,axis_bluechip
2018-03-25,3618.7356,axis_bluechip
2018-03-23,3617.299,axis_bluechip
2018-03-22,3616.823,axis_bluechip
2018-03-21,3616.2006,axis_bluechip
2018-03-20,3615.6278,axis_bluechip
2018-03-19,3614.9855,axis_bluechip
2018-03-18,3614.2642,axis_bluechip
2018-03-16,3612.8496,axis_bluechip
2018-03-15,3611.6945,axis_bluechip
2018-03-14,3610.8811,axis_bluechip
2018-03-13,3610.1864,axis_bluechip
2018-03-12,3609.4878,axis_bluechip
2018-03-11,3608.7393,axis_bluechip
2018-03-09,3607.3635,axis_bluechip
2018-03-08,3606.6961,axis_bluechip
2018-03-07,3606.0523,axis_bluechip
2018-03-06,3605.2029,axis_bluechip
2018-03-05,3604.5069,axis_bluechip
2018-03-04,3603.8577,axis_bluechip
2018-03-01,3601.76,axis_bluechip
2018-02-28,3601.0493,axis_bluechip
2018-02-27,3600.3825,axis_bluechip
2018-02-26,3599.7169,axis_bluechip
2018-02-25,3599.0464,axis_bluechip
2018-02-23,3597.7262,axis_bluechip
2018-02-22,3597.0718,axis_bluechip
2018-02-21,3596.4411,axis_bluechip
2018-02-20,3595.768,axis_bluechip
2018-02-19,3595.1452,axis_bluechip
2018-02-16,3593.1606,axis_bluechip
2018-02-15,3592.5023,axis_bluechip
2018-02-14,3591.8457,axis_bluechip
2018-02-13,3591.185,axis_bluechip
2018-02-12,3590.5319,axis_bluechip
2018-02-11,3589.8896,axis_bluechip
2018-02-09,3588.5597,axis_bluechip
2018-02-08,3587.8768,axis_bluechip
2018-02-07,3587.2406,axis_bluechip
2018-02-06,3586.5624,axis_bluechip
2018-02-05,3585.91,axis_bluechip
2018-02-04,3585.2874,axis_bluechip
2018-02-02,3583.9712,axis_bluechip
2018-02-01,3583.3151,axis_bluechip
2018-01-31,3582.7053,axis_bluechip
2018-01-30,3582.0546,axis_bluechip
2018-01-29,3581.3825,axis_bluechip
2018-01-28,3580.73,axis_bluechip
2018-01-25,3578.7968,axis_bluechip
2018-01-24,3578.159,axis_bluechip
2018-01-23,3577.5242,axis_bluechip
2018-01-22,3576.887,axis_bluechip
2018-01-21,3576.2535,axis_bluechip
2018-01-19,3574.9524,axis_bluechip
2018-01-18,3574.3341,axis_bluechip
2018-01-17,3573.6985,axis_bluechip
2018-01-16,3573.0813,axis_bluechip
2018-01-15,3572.4517,axis_bluechip
2018-01-14,3571.8037,axis_bluechip
2018-01-12,3570.5428,axis_bluechip
2018-01-11,3569.9336,axis_bluechip
2018-01-10,3569.3069,axis_bluechip
2018-01-09,3568.6921,axis_bluechip
2018-01-08,3568.0726,axis_bluechip
2018-01-07,3567.4437,axis_bluechip
2018-01-05,3566.1723,axis_bluechip
2018-01-04,3565.5403,axis_bluechip
2018-01-03,3564.9531,axis_bluechip
2018-01-02,3564.3398,axis_bluechip
2018-01-01,3563.7227,axis_bluechip
2017-12-31,3563.0394,axis_bluechip
2017-12-29,3561.7674,axis_bluechip
2017-12-28,3560.9847,axis_bluechip
2017-12-27,3560.3213,axis_bluechip
2017-12-26,3559.6842,axis_bluechip
2017-12-25,3559.0987,axis_bluechip
2017-12-22,3557.2266,axis_bluechip
2017-12-21,3556.5746,axis_bluechip
2017-12-20,3556.0288,axis_bluechip
2017-12-19,3555.4996,axis_bluechip
2017-12-18,3554.8994,axis_bluechip
2017-12-17,3554.2968,axis_bluechip
2017-12-15,3553.0779,axis_bluechip
2017-12-14,3552.4995,axis_bluechip
2017-12-13,3551.9114,axis_bluechip
2017-12-12,3551.3086,axis_bluechip
2017-12-11,3550.7104,axis_bluechip
2017-12-10,3550.1024,axis_bluechip
2017-12-08,3548.8589,axis_bluechip
2017-12-07,3548.2344,axis_bluechip
2017-12-06,3547.5998,axis_bluechip
2017-12-05,3546.9882,axis_bluechip
2017-12-04,3546.3997,axis_bluechip
2017-12-03,3545.7868,axis_bluechip
2017-11-30,3543.9693,axis_bluechip
2017-11-29,3543.3719,axis_bluechip
2017-11-28,3542.7641,axis_bluechip
2017-11-27,3542.15,axis_bluechip
2017-11-26,3541.5561,axis_bluechip
2017-11-24,3540.3302,axis_bluechip
2017-11-23,3539.7227,axis_bluechip
2017-11-22,3539.1201,axis_bluechip
2017-11-21,3538.5166,axis_bluechip
2017-11-20,3537.9161,axis_bluechip
2017-11-19,3537.2944,axis_bluechip
2017-11-17,3536.0914,axis_bluechip
2017-11-16,3535.4928,axis_bluechip
2017-11-15,3534.8827,axis_bluechip
2017-11-14,3534.2681,axis_bluechip
2017-11-13,3533.6697,axis_bluechip
2017-11-12,3533.0683,axis_bluechip
2017-11-10,3531.8502,axis_bluechip
2017-11-09,3531.2451,axis_bluechip
2017-11-08,3530.6387,axis_bluechip
2017-11-07,3530.0342,axis_bluechip
2017-11-06,3529.4068,axis_bluechip
2017-11-05,3528.798,axis_bluechip
2017-11-03,3527.601,axis_bluechip
2017-11-02,3527.0105,axis_bluechip
2017-11-01,3526.408,axis_bluechip
2017-10-31,3525.8116,axis_bluechip
2017-10-30,3525.2191,axis_bluechip
2017-10-29,3524.6227,axis_bluechip
2017-10-27,3523.411,axis_bluechip
2017-10-26,3522.8018,axis_bluechip
2017-10-25,3522.221,axis_bluechip
2017-10-24,3521.5948,axis_bluechip
2017-10-23,3521.011,axis_bluechip
2017-10-22,3520.3989,axis_bluechip
2017-10-18,3518.0043,axis_bluechip
2017-10-17,3517.4036,axis_bluechip
2017-10-16,3516.8144,axis_bluechip
2017-10-15,3516.1886,axis_bluechip
2017-10-13,3514.9665,axis_bluechip
2017-10-12,3514.3437,axis_bluechip
2017-10-11,3513.7349,axis_bluechip
2017-10-10,3513.115,axis_bluechip
2017-10-09,3512.5321,axis_bluechip
2017-10-08,3511.9282,axis_bluechip
2017-10-06,3510.7308,axis_bluechip
2017-10-05,3510.1388,axis_bluechip
2017-10-04,3509.5354,axis_bluechip
2017-10-03,3508.956,axis_bluechip
2017-10-02,3508.3081,axis_bluechip
2017-09-29,3506.5189,axis_bluechip
2017-09-28,3505.8793,axis_bluechip
2017-09-27,3505.2812,axis_bluechip
2017-09-26,3504.6901,axis_bluechip
2017-09-25,3504.023,axis_bluechip
2017-09-24,3503.3869,axis_bluechip
2017-09-22,3502.1914,axis_bluechip
2017-09-21,3501.6227,axis_bluechip
2017-09-20,3501.0242,axis_bluechip
2017-09-19,3500.4063,axis_bluechip
2017-09-18,3499.8105,axis_bluechip
2017-09-17,3499.2095,axis_bluechip
2017-09-15,3497.9925,axis_bluechip
2017-09-14,3497.3672,axis_bluechip
2017-09-13,3496.7768,axis_bluechip
2017-09-12,3496.1883,axis_bluechip
2017-09-11,3495.5739,axis_bluechip
2017-09-10,3494.9759,axis_bluechip
2017-09-08,3493.8069,axis_bluechip
2017-09-07,3493.227,axis_bluechip
2017-09-06,3492.6349,axis_bluechip
2017-09-05,3492.0355,axis_bluechip
2017-09-04,3491.4433,axis_bluechip
2017-09-03,3490.8296,axis_bluechip
2017-09-01,3489.6208,axis_bluechip
2017-08-31,3489.0178,axis_bluechip
2017-08-30,3488.4005,axis_bluechip
2017-08-29,3487.8157,axis_bluechip
2017-08-28,3487.2089,axis_bluechip
2017-08-27,3486.6244,axis_bluechip
2017-08-24,3484.8561,axis_bluechip
2017-08-23,3484.2725,axis_bluechip
2017-08-22,3483.6659,axis_bluechip
2017-08-21,3483.0632,axis_bluechip
2017-08-20,3482.474,axis_bluechip
2017-08-18,3481.2819,axis_bluechip
2017-08-17,3480.6884,axis_bluechip
2017-08-16,3480.0686,axis_bluechip
2017-08-15,3479.4987,axis_bluechip
2017-08-14,3478.9037,axis_bluechip
2017-08-13,3478.3021,axis_bluechip
2017-08-11,3477.1149,axis_bluechip
2017-08-10,3476.5118,axis_bluechip
2017-08-09,3475.9185,axis_bluechip
2017-08-08,3475.3099,axis_bluechip
2017-08-07,3474.7115,axis_bluechip
2017-08-06,3474.1128,axis_bluechip
2017-08-04,3472.9164,axis_bluechip
2017-08-03,3472.3171,axis_bluechip
2017-08-02,3471.702,axis_bluechip
2017-08-01,3471.0974,axis_bluechip
2017-07-31,3470.5092,axis_bluechip
2017-07-30,3469.9106,axis_bluechip
2017-07-28,3468.7047,axis_bluechip
2017-07-27,3468.107,axis_bluechip
2017-07-26,3467.5183,axis_bluechip
2017-07-25,3466.8883,axis_bluechip
2017-07-24,3466.2928,axis_bluechip
2017-07-23,3465.6748,axis_bluechip
2017-07-21,3464.4634,axis_bluechip
2017-07-20,3463.8272,axis_bluechip
2017-07-19,3463.2174,axis_bluechip
2017-07-18,3462.5699,axis_bluechip
2017-07-17,3461.952,axis_bluechip
2017-07-16,3461.3384,axis_bluechip
2017-07-14,3460.1391,axis_bluechip
2017-07-13,3459.5201,axis_bluechip
2017-07-12,3458.8728,axis_bluechip
2017-07-11,3458.2367,axis_bluechip
2017-07-10,3457.6327,axis_bluechip
2017-07-09,3456.9857,axis_bluechip
2017-07-07,3455.7809,axis_bluechip
2017-07-06,3455.1129,axis_bluechip
2017-07-05,3454.4816,axis_bluechip
2017-07-04,3453.8592,axis_bluechip
2017-07-03,3453.207,axis_bluechip
2017-07-02,3452.5884,axis_bluechip
2017-06-30,3451.246,axis_bluechip
2017-06-29,3450.5748,axis_bluechip
2017-06-28,3449.9969,axis_bluechip
2017-06-27,3449.4114,axis_bluechip
2017-06-26,3448.7966,axis_bluechip
2017-06-23,3446.9477,axis_bluechip
2017-06-22,3446.3278,axis_bluechip
2017-06-21,3445.7205,axis_bluechip
2017-06-20,3445.115,axis_bluechip
2017-06-19,3444.5165,axis_bluechip
2017-06-18,3443.908,axis_bluechip
2017-06-16,3442.7067,axis_bluechip
2017-06-15,3442.1103,axis_bluechip
2017-06-14,3441.5029,axis_bluechip
2017-06-13,3440.9013,axis_bluechip
2017-06-12,3440.2725,axis_bluechip
2017-06-11,3439.6816,axis_bluechip
2017-06-09,3438.4636,axis_bluechip
2017-06-08,3437.8295,axis_bluechip
2017-06-07,3437.2181,axis_bluechip
2017-06-06,3436.5893,axis_bluechip
2017-06-05,3436.0053,axis_bluechip
2017-06-04,3435.3928,axis_bluechip
2017-06-02,3434.1943,axis_bluechip
2017-06-01,3433.557,axis_bluechip
2017-05-31,3432.9463,axis_bluechip
2017-05-30,3432.3465,axis_bluechip
2017-05-29,3431.7449,axis_bluechip
2017-05-28,3431.1415,axis_bluechip
2017-05-26,3429.9237,axis_bluechip
2017-05-25,3429.3081,axis_bluechip
2017-05-24,3428.6965,axis_bluechip
2017-05-23,3428.0849,axis_bluechip
2017-05-22,3427.4639,axis_bluechip
2017-05-21,3426.8536,axis_bluechip
2017-05-19,3425.6616,axis_bluechip
2017-05-18,3425.0538,axis_bluechip
2017-05-17,3424.4451,axis_bluechip
2017-05-16,3423.8348,axis_bluechip
2017-05-15,3423.2162,axis_bluechip
2017-05-14,3422.6103,axis_bluechip
2017-05-12,3421.3996,axis_bluechip
2017-05-11,3420.811,axis_bluechip
2017-05-10,3420.1978,axis_bluechip
2017-05-09,3419.6046,axis_bluechip
2017-05-08,3419.0012,axis_bluechip
2017-05-07,3418.3994,axis_bluechip
2017-05-05,3417.1956,axis_bluechip
2017-05-04,3416.5907,axis_bluechip
2017-05-03,3415.9934,axis_bluechip
2017-05-02,3415.3902,axis_bluechip
2017-05-01,3414.787,axis_bluechip
2017-04-28,3412.9483,axis_bluechip
2017-04-27,3412.3377,axis_bluechip
2017-04-26,3411.7395,axis_bluechip
2017-04-25,3411.1644,axis_bluechip
2017-04-24,3410.5636,axis_bluechip
2017-04-23,3409.9717,axis_bluechip
2017-04-21,3408.7567,axis_bluechip
2017-04-20,3408.1668,axis_bluechip
2017-04-19,3407.5716,axis_bluechip
2017-04-18,3406.9751,axis_bluechip
2017-04-17,3406.3729,axis_bluechip
2017-04-16,3405.7759,axis_bluechip
2017-04-13,3403.8668,axis_bluechip
2017-04-12,3403.3109,axis_bluechip
2017-04-11,3402.6946,axis_bluechip
2017-04-10,3402.0715,axis_bluechip
2017-04-09,3401.4509,axis_bluechip
2017-04-07,3400.28,axis_bluechip
2017-04-06,3399.6978,axis_bluechip
2017-04-05,3399.1106,axis_bluechip
2017-04-04,3398.5121,axis_bluechip
2017-04-03,3397.9286,axis_bluechip
2017-04-02,3397.3563,axis_bluechip
2017-03-31,3395.8471,axis_bluechip
2017-03-30,3394.8801,axis_bluechip
2017-03-29,3394.2784,axis_bluechip
2017-03-28,3393.6617,axis_bluechip
2017-03-27,3393.0739,axis_bluechip
2017-03-26,3392.4825,axis_bluechip
2017-03-24,3391.2272,axis_bluechip
2017-03-23,3390.6252,axis_bluechip
2017-03-22,3390.0157,axis_bluechip
2017-03-21,3389.3605,axis_bluechip
2017-03-20,3388.6912,axis_bluechip
2017-03-19,3388.0524,axis_bluechip
2017-03-17,3386.6985,axis_bluechip
2017-03-16,3386.1096,axis_bluechip
2017-03-15,3385.499,axis_bluechip
2017-03-14,3384.8697,axis_bluechip
2017-03-13,3384.2804,axis_bluechip
2017-03-10,3382.4619,axis_bluechip
2017-03-09,3381.8949,axis_bluechip
2017-03-08,3381.3211,axis_bluechip
2017-03-07,3380.7249,axis_bluechip
2017-03-06,3380.131,axis_bluechip
2017-03-05,3379.5549,axis_bluechip
2017-03-03,3378.2907,axis_bluechip
2017-03-02,3377.7013,axis_bluechip
2017-03-01,3377.1059,axis_bluechip
2017-02-28,3376.5187,axis_bluechip
2017-02-27,3375.9059,axis_bluechip
2017-02-26,3375.2892,axis_bluechip
2017-02-23,3373.4434,axis_bluechip
2017-02-22,3372.8098,axis_bluechip
2017-02-21,3372.1964,axis_bluechip
2017-02-20,3371.5929,axis_bluechip
2017-02-19,3370.9916,axis_bluechip
2017-02-17,3369.7884,axis_bluechip
2017-02-16,3369.1393,axis_bluechip
2017-02-15,3368.5395,axis_bluechip
2017-02-14,3367.9234,axis_bluechip
2017-02-13,3367.2951,axis_bluechip
2017-02-12,3366.6653,axis_bluechip
2017-02-10,3365.4149,axis_bluechip
2017-02-09,3364.7957,axis_bluechip
2017-02-08,3364.1948,axis_bluechip
2017-02-07,3363.8316,axis_bluechip
2017-02-06,3363.2356,axis_bluechip
2017-02-05,3362.6327,axis_bluechip
2017-02-03,3361.3876,axis_bluechip
2017-02-02,3360.7552,axis_bluechip
2017-02-01,3360.1553,axis_bluechip
2017-01-31,3359.5364,axis_bluechip
2017-01-30,3358.9266,axis_bluechip
2017-01-29,3358.3187,axis_bluechip
2017-01-27,3357.1171,axis_bluechip
2017-01-26,3356.5187,axis_bluechip
2017-01-25,3355.8844,axis_bluechip
2017-01-24,3355.331,axis_bluechip
2017-01-23,3354.7281,axis_bluechip
2017-01-22,3354.1307,axis_bluechip
2017-01-20,3352.9119,axis_bluechip
2017-01-19,3352.3153,axis_bluechip
2017-01-18,3351.7146,axis_bluechip
2017-01-17,3351.1052,axis_bluechip
2017-01-16,3350.5195,axis_bluechip
2017-01-15,3349.9292,axis_bluechip
2017-01-13,3348.7321,axis_bluechip
2017-01-12,3348.1344,axis_bluechip
2017-01-11,3347.5491,axis_bluechip
2017-01-10,3346.9752,axis_bluechip
2017-01-09,3346.3857,axis_bluechip
2017-01-08,3345.8006,axis_bluechip
2017-01-06,3344.6377,axis_bluechip
2017-01-05,3344.0332,axis_bluechip
2017-01-04,3343.4504,axis_bluechip
2017-01-03,3342.8581,axis_bluechip
2017-01-02,3342.2468,axis_bluechip
2017-01-01,3341.6261,axis_bluechip
2016-12-30,3340.3831,axis_bluechip
2016-12-29,3339.7057,axis_bluechip
2016-12-28,3339.1087,axis_bluechip
2016-12-27,3338.4742,axis_bluechip
2016-12-26,3337.8844,axis_bluechip
2016-12-25,3337.3036,axis_bluechip
2016-12-23,3335.9415,axis_bluechip
2016-12-22,3335.4822,axis_bluechip
2016-12-21,3334.9395,axis_bluechip
2016-12-20,3334.3649,axis_bluechip
2016-12-19,3333.7658,axis_bluechip
2016-12-18,3333.202,axis_bluechip
2016-12-16,3331.9311,axis_bluechip
2016-12-15,3331.4481,axis_bluechip
2016-12-14,3330.8499,axis_bluechip
2016-12-13,3330.2177,axis_bluechip
2016-12-12,3329.6099,axis_bluechip
2016-12-09,3327.8721,axis_bluechip
2016-12-08,3327.206,axis_bluechip
2016-12-07,3326.6282,axis_bluechip
2016-12-06,3326.5241,axis_bluechip
2016-12-05,3325.9363,axis_bluechip
2016-12-04,3325.3068,axis_bluechip
2016-12-02,3324.091,axis_bluechip
2016-12-01,3323.7685,axis_bluechip
2016-11-30,3323.183,axis_bluechip
2016-11-29,3322.5491,axis_bluechip
2016-11-28,3321.9533,axis_bluechip
2016-11-27,3321.4727,axis_bluechip
2016-11-25,3320.2845,axis_bluechip
2016-11-24,3319.7674,axis_bluechip
2016-11-23,3318.9476,axis_bluechip
2016-11-22,3318.3199,axis_bluechip
2016-11-21,3317.7077,axis_bluechip
2016-11-20,3317.0768,axis_bluechip
2016-11-18,3315.833,axis_bluechip
2016-11-17,3315.2236,axis_bluechip
2016-11-16,3314.6059,axis_bluechip
2016-11-15,3313.9608,axis_bluechip
2016-11-14,3313.2632,axis_bluechip
2016-11-11,3311.4206,axis_bluechip
2016-11-10,3310.7985,axis_bluechip
2016-11-09,3310.1841,axis_bluechip
2016-11-08,3309.568,axis_bluechip
2016-11-07,3308.9568,axis_bluechip
2016-11-06,3308.346,axis_bluechip
2016-11-04,3307.1195,axis_bluechip
2016-11-03,3306.5054,axis_bluechip
2016-11-02,3305.8902,axis_bluechip
2016-11-01,3305.2766,axis_bluechip
2016-10-31,3304.6573,axis_bluechip
2016-10-28,3302.8225,axis_bluechip
2016-10-27,3302.2025,axis_bluechip
2016-10-26,3301.5958,axis_bluechip
2016-10-25,3300.9863,axis_bluechip
2016-10-24,3300.377,axis_bluechip
2016-10-23,3299.7659,axis_bluechip
2016-10-21,3298.5155,axis_bluechip
2016-10-20,3297.9555,axis_bluechip
2016-10-19,3297.3496,axis_bluechip
2016-10-18,3296.7442,axis_bluechip
2016-10-17,3296.1379,axis_bluechip
2016-10-16,3295.5288,axis_bluechip
2016-10-14,3294.2376,axis_bluechip
2016-10-13,3293.6862,axis_bluechip
2016-10-12,3293.0718,axis_bluechip
2016-10-10,3291.8892,axis_bluechip
2016-10-09,3291.3016,axis_bluechip
2016-10-07,3290.0718,axis_bluechip
2016-10-06,3289.4548,axis_bluechip
2016-10-05,3288.8341,axis_bluechip
2016-10-04,3288.2173,axis_bluechip
2016-10-03,3287.5974,axis_bluechip
2016-10-02,3286.984,axis_bluechip
2016-09-30,3285.5718,axis_bluechip
2016-09-29,3284.7643,axis_bluechip
2016-09-28,3284.1669,axis_bluechip
2016-09-27,3283.5518,axis_bluechip
2016-09-26,3282.9408,axis_bluechip
2016-09-25,3282.3437,axis_bluechip
2016-09-23,3281.1054,axis_bluechip
2016-09-22,3280.4814,axis_bluechip
2016-09-21,3279.876,axis_bluechip
2016-09-20,3279.2752,axis_bluechip
2016-09-19,3278.663,axis_bluechip
2016-09-18,3278.0521,axis_bluechip
2016-09-16,3276.801,axis_bluechip
2016-09-15,3276.2065,axis_bluechip
2016-09-14,3275.5936,axis_bluechip
2016-09-13,3274.9709,axis_bluechip
2016-09-12,3274.3642,axis_bluechip
2016-09-11,3273.7481,axis_bluechip
2016-09-09,3272.5127,axis_bluechip
2016-09-08,3271.9333,axis_bluechip
2016-09-07,3271.3271,axis_bluechip
2016-09-06,3270.7148,axis_bluechip
2016-09-05,3270.1044,axis_bluechip
2016-09-02,3268.2219,axis_bluechip
2016-09-01,3267.6127,axis_bluechip
2016-08-31,3267.016,axis_bluechip
2016-08-30,3266.3862,axis_bluechip
2016-08-29,3265.8052,axis_bluechip
2016-08-28,3265.1935,axis_bluechip
2016-08-26,3263.9616,axis_bluechip
2016-08-25,3263.3265,axis_bluechip
2016-08-24,3262.7101,axis_bluechip
2016-08-23,3262.0914,axis_bluechip
2016-08-22,3261.4735,axis_bluechip
2016-08-21,3260.8526,axis_bluechip
2016-08-19,3259.5958,axis_bluechip
2016-08-18,3258.9676,axis_bluechip
2016-08-17,3258.3493,axis_bluechip
2016-08-16,3257.7361,axis_bluechip
2016-08-15,3257.1109,axis_bluechip
2016-08-12,3255.189,axis_bluechip
2016-08-11,3254.5885,axis_bluechip
2016-08-10,3253.9374,axis_bluechip
2016-08-09,3253.3384,axis_bluechip
2016-08-08,3252.7127,axis_bluechip
2016-08-07,3252.0719,axis_bluechip
2016-08-05,3250.7934,axis_bluechip
2016-08-04,3250.169,axis_bluechip
2016-08-03,3249.5571,axis_bluechip
2016-08-02,3248.8641,axis_bluechip
2016-08-01,3248.2477,axis_bluechip
2016-07-31,3247.6269,axis_bluechip
2016-07-29,3246.4186,axis_bluechip
2016-07-28,3245.7931,axis_bluechip
2016-07-27,3245.1498,axis_bluechip
2016-07-26,3244.5138,axis_bluechip
2016-07-25,3243.8699,axis_bluechip
2016-07-24,3243.2429,axis_bluechip
2016-07-22,3241.9722,axis_bluechip
2016-07-21,3241.3324,axis_bluechip
2016-07-20,3240.6932,axis_bluechip
2016-07-19,3240.0509,axis_bluechip
2016-07-18,3239.418,axis_bluechip
2016-07-17,3238.7807,axis_bluechip
2016-07-15,3237.4948,axis_bluechip
2016-07-14,3236.8338,axis_bluechip
2016-07-13,3236.1354,axis_bluechip
2016-07-12,3235.4789,axis_bluechip
2016-07-11,3234.8239,axis_bluechip
2016-07-10,3234.1729,axis_bluechip
2016-07-08,3232.8805,axis_bluechip
2016-07-07,3232.2341,axis_bluechip
2016-07-06,3231.5512,axis_bluechip
2016-07-05,3230.9013,axis_bluechip
2016-07-04,3230.2398,axis_bluechip
2016-07-03,3229.5843,axis_bluechip
2016-07-01,3228.2491,axis_bluechip
2016-06-30,3227.4877,axis_bluechip
2016-06-29,3226.6535,axis_bluechip
2016-06-28,3225.9881,axis_bluechip
2016-06-27,3225.3149,axis_bluechip
2016-06-26,3224.6494,axis_bluechip
2016-06-24,3223.2605,axis_bluechip
2016-06-23,3222.6357,axis_bluechip
2016-06-22,3221.9762,axis_bluechip
2016-06-21,3221.3228,axis_bluechip
2016-06-20,3220.6629,axis_bluechip
2016-06-19,3220.0235,axis_bluechip
2016-06-17,3218.6867,axis_bluechip
2016-06-16,3218.0488,axis_bluechip
2016-06-15,3217.3867,axis_bluechip
2016-06-14,3216.6962,axis_bluechip
2016-06-13,3216.0085,axis_bluechip
2016-06-12,3215.3314,axis_bluechip
2016-06-10,3213.9764,axis_bluechip
2016-06-09,3213.2888,axis_bluechip
2016-06-08,3212.6384,axis_bluechip
2016-06-07,3211.9477,axis_bluechip
2016-06-06,3211.27,axis_bluechip
2016-06-05,3210.5478,axis_bluechip
2016-06-03,3209.248,axis_bluechip
2016-06-02,3208.578,axis_bluechip
2016-06-01,3207.8852,axis_bluechip
2016-05-31,3207.1892,axis_bluechip
2016-05-30,3206.47,axis_bluechip
2016-05-29,3205.8183,axis_bluechip
2016-05-27,3204.4825,axis_bluechip
2016-05-26,3203.8147,axis_bluechip
2016-05-25,3203.1676,axis_bluechip
2016-05-24,3202.4885,axis_bluechip
2016-05-23,3201.822,axis_bluechip
2016-05-22,3201.1418,axis_bluechip
2016-05-20,3199.7975,axis_bluechip
2016-05-19,3199.0833,axis_bluechip
2016-05-18,3198.4011,axis_bluechip
2016-05-17,3197.6936,axis_bluechip
2016-05-16,3197.0099,axis_bluechip
2016-05-15,3196.3182,axis_bluechip
2016-05-13,3194.928,axis_bluechip
2016-05-12,3194.2406,axis_bluechip
2016-05-11,3193.5508,axis_bluechip
2016-05-10,3192.864,axis_bluechip
2016-05-09,3192.1855,axis_bluechip
2016-05-08,3191.5075,axis_bluechip
2016-05-06,3190.0927,axis_bluechip
2016-05-05,3189.4069,axis_bluechip
2016-05-04,3188.7163,axis_bluechip
2016-05-03,3188.0279,axis_bluechip
2016-05-02,3187.328,axis_bluechip
2016-05-01,3186.6296,axis_bluechip
2016-04-29,3185.241,axis_bluechip
2016-04-28,3184.5522,axis_bluechip
2016-04-27,3183.8524,axis_bluechip
2016-04-26,3183.167,axis_bluechip
2016-04-25,3182.4759,axis_bluechip
2016-04-24,3181.7971,axis_bluechip
2016-04-22,3180.3791,axis_bluechip
2016-04-21,3179.6725,axis_bluechip
2016-04-20,3178.9937,axis_bluechip
2016-04-19,3178.2989,axis_bluechip
2016-04-18,3177.6109,axis_bluechip
2016-04-17,3176.9229,axis_bluechip
2016-04-13,3174.0609,axis_bluechip
2016-04-12,3173.3481,axis_bluechip
2016-04-11,3172.6688,axis_bluechip
2016-04-10,3171.9299,axis_bluechip
2016-04-07,3169.7482,axis_bluechip
2016-04-06,3169.0079,axis_bluechip
2016-04-05,3168.3416,axis_bluechip
2016-04-04,3167.5146,axis_bluechip
2016-04-03,3166.6893,axis_bluechip
2016-03-31,3163.9749,axis_bluechip
2016-03-30,3161.7279,axis_bluechip
2016-03-29,3160.7439,axis_bluechip
2016-03-28,3159.9847,axis_bluechip
2016-03-27,3159.3598,axis_bluechip
2016-03-23,3156.4726,axis_bluechip
2016-03-22,3155.9923,axis_bluechip
2016-03-21,3155.2912,axis_bluechip
2016-03-20,3154.5758,axis_bluechip
2016-03-18,3153.1528,axis_bluechip
2016-03-17,3152.4093,axis_bluechip
2016-03-16,3151.6748,axis_bluechip
2016-03-15,3150.9635,axis_bluechip
2016-03-14,3150.2227,axis_bluechip
2016-03-13,3149.4017,axis_bluechip
2016-03-11,3147.9784,axis_bluechip
2016-03-10,3147.2584,axis_bluechip
2016-03-09,3146.6036,axis_bluechip
2016-03-08,3145.9221,axis_bluechip
2016-03-07,3145.2805,axis_bluechip
2016-03-04,3143.2208,axis_bluechip
2016-03-03,3142.5577,axis_bluechip
2016-03-02,3141.8721,axis_bluechip
2016-03-01,3141.1679,axis_bluechip
2016-02-29,3140.4691,axis_bluechip
2016-02-28,3139.7574,axis_bluechip
2016-02-26,3138.3921,axis_bluechip
2016-02-25,3137.7835,axis_bluechip
2016-02-24,3137.1609,axis_bluechip
2016-02-23,3136.5331,axis_bluechip
2016-02-22,3135.8917,axis_bluechip
2016-02-21,3135.2388,axis_bluechip
2016-02-18,3133.2112,axis_bluechip
2016-02-17,3132.5846,axis_bluechip
2016-02-16,3131.9276,axis_bluechip
2016-02-15,3131.2698,axis_bluechip
2016-02-14,3130.6152,axis_bluechip
2016-02-12,3129.2884,axis_bluechip
2016-02-11,3128.6196,axis_bluechip
2016-02-10,3127.9645,axis_bluechip
2016-02-09,3127.2983,axis_bluechip
2016-02-08,3126.6269,axis_bluechip
2016-02-07,3125.9741,axis_bluechip
2016-02-05,3124.6154,axis_bluechip
2016-02-04,3124.0179,axis_bluechip
2016-02-03,3123.3797,axis_bluechip
2016-02-02,3122.7447,axis_bluechip
2016-02-01,3122.1056,axis_bluechip
2016-01-31,3121.4624,axis_bluechip
2016-01-29,3120.1605,axis_bluechip
2016-01-28,3119.5284,axis_bluechip
2016-01-27,3118.8894,axis_bluechip
2016-01-26,3118.2575,axis_bluechip
2016-01-25,3117.612,axis_bluechip
2016-01-24,3116.9944,axis_bluechip
2016-01-22,3115.7175,axis_bluechip
2016-01-21,3115.0846,axis_bluechip
2016-01-20,3114.4613,axis_bluechip
2016-01-19,3113.8248,axis_bluechip
2016-01-18,3113.2147,axis_bluechip
2016-01-17,3112.5858,axis_bluechip
2016-01-15,3111.2911,axis_bluechip
2016-01-14,3110.6499,axis_bluechip
2016-01-13,3110.017,axis_bluechip
2016-01-12,3109.3768,axis_bluechip
2016-01-11,3108.7484,axis_bluechip
2016-01-10,3108.1152,axis_bluechip
2016-01-08,3106.8293,axis_bluechip
2016-01-07,3106.1847,axis_bluechip
2016-01-06,3105.5455,axis_bluechip
2016-01-05,3104.8751,axis_bluechip
2016-01-04,3104.225,axis_bluechip
2016-01-03,3103.5954,axis_bluechip
2016-01-01,3102.3838,axis_bluechip
2015-12-31,3101.6925,axis_bluechip
2015-12-30,3100.9072,axis_bluechip
2015-12-29,3100.264,axis_bluechip
2015-12-28,3099.6221,axis_bluechip
2015-12-27,3098.9965,axis_bluechip
2015-12-23,3096.3937,axis_bluechip
2015-12-22,3095.7407,axis_bluechip
2015-12-21,3095.1029,axis_bluechip
2015-12-20,3094.4618,axis_bluechip
2015-12-18,3093.1513,axis_bluechip
2015-12-17,3092.5023,axis_bluechip
2015-12-16,3091.8707,axis_bluechip
2015-12-15,3091.2349,axis_bluechip
2015-12-14,3090.5792,axis_bluechip
2015-12-13,3089.9734,axis_bluechip
2015-12-11,3088.6927,axis_bluechip
2015-12-10,3088.0813,axis_bluechip
2015-12-09,3087.4736,axis_bluechip
2015-12-08,3086.8712,axis_bluechip
2015-12-07,3086.2556,axis_bluechip
2015-12-06,3085.6465,axis_bluechip
2015-12-04,3084.3877,axis_bluechip
2015-12-03,3083.7681,axis_bluechip
2015-12-02,3083.1525,axis_bluechip
2015-12-01,3082.5388,axis_bluechip
2015-11-30,3081.933,axis_bluechip
2015-11-29,3081.3229,axis_bluechip
2015-11-27,3080.137,axis_bluechip
2015-11-26,3079.5045,axis_bluechip
2015-11-25,3078.8659,axis_bluechip
2015-11-24,3078.2189,axis_bluechip
2015-11-23,3077.5969,axis_bluechip
2015-11-22,3076.982,axis_bluechip
2015-11-20,3075.6872,axis_bluechip
2015-11-19,3075.1328,axis_bluechip
2015-11-18,3074.5085,axis_bluechip
2015-11-17,3073.8901,axis_bluechip
2015-11-16,3073.2585,axis_bluechip
2015-11-15,3072.6355,axis_bluechip
2015-11-13,3071.3642,axis_bluechip
2015-11-12,3070.7243,axis_bluechip
2015-11-10,3069.476,axis_bluechip
2015-11-09,3068.8375,axis_bluechip
2015-11-08,3068.2149,axis_bluechip
2015-11-06,3066.9314,axis_bluechip
2015-11-05,3066.2883,axis_bluechip
2015-11-04,3065.6646,axis_bluechip
2015-11-03,3065.0468,axis_bluechip
2015-11-02,3064.428,axis_bluechip
2015-11-01,3063.8107,axis_bluechip
2015-10-30,3062.5204,axis_bluechip
2015-10-29,3061.871,axis_bluechip
2015-10-28,3061.2513,axis_bluechip
2015-10-27,3060.6123,axis_bluechip
2015-10-26,3059.9919,axis_bluechip
2015-10-25,3059.3499,axis_bluechip
2015-10-23,3058.104,axis_bluechip
2015-10-22,3057.4803,axis_bluechip
2015-10-21,3056.838,axis_bluechip
2015-10-20,3056.1957,axis_bluechip
2015-10-19,3055.572,axis_bluechip
2015-10-18,3054.9508,axis_bluechip
2015-10-16,3053.6683,axis_bluechip
2015-10-15,3053.0272,axis_bluechip
2015-10-14,3052.405,axis_bluechip
2015-10-13,3051.7763,axis_bluechip
2015-10-12,3051.1526,axis_bluechip
2015-10-11,3050.5247,axis_bluechip
2015-10-09,3049.2565,axis_bluechip
2015-10-08,3048.6109,axis_bluechip
2015-10-07,3047.9811,axis_bluechip
2015-10-06,3047.348,axis_bluechip
2015-10-05,3046.7171,axis_bluechip
2015-10-04,3046.0815,axis_bluechip
2015-10-01,3044.1152,axis_bluechip
2015-09-30,3043.4443,axis_bluechip
2015-09-29,3042.6718,axis_bluechip
2015-09-28,3041.805,axis_bluechip
2015-09-27,3041.1659,axis_bluechip
2015-09-24,3039.2221,axis_bluechip
2015-09-23,3038.592,axis_bluechip
2015-09-22,3037.9614,axis_bluechip
2015-09-21,3037.3316,axis_bluechip
2015-09-20,3036.6963,axis_bluechip
2015-09-18,3035.4112,axis_bluechip
2015-09-17,3034.7669,axis_bluechip
2015-09-16,3034.1444,axis_bluechip
2015-09-15,3033.5229,axis_bluechip
2015-09-14,3032.8914,axis_bluechip
2015-09-13,3032.2699,axis_bluechip
2015-09-11,3030.9723,axis_bluechip
2015-09-10,3030.3753,axis_bluechip
2015-09-09,3029.7792,axis_bluechip
2015-09-08,3029.156,axis_bluechip
2015-09-07,3028.5349,axis_bluechip
2015-09-06,3027.9099,axis_bluechip
2015-09-04,3026.5983,axis_bluechip
2015-09-03,3025.9735,axis_bluechip
2015-09-02,3025.3461,axis_bluechip
2015-09-01,3024.7217,axis_bluechip
2015-08-31,3024.094,axis_bluechip
2015-08-30,3023.47,axis_bluechip
2015-08-28,30.2219,axis_bluechip
2015-08-27,30.2156,axis_bluechip
2015-08-26,30.2093,axis_bluechip
2015-08-25,30.203,axis_bluechip
2015-08-24,30.1967,axis_bluechip
2015-08-23,30.1905,axis_bluechip
2015-08-21,30.1777,axis_bluechip
2015-08-20,30.1712,axis_bluechip
2015-08-19,30.1649,axis_bluechip
2015-08-18,30.1587,axis_bluechip
2015-08-17,30.1524,axis_bluechip
2015-08-16,30.1463,axis_bluechip
2015-08-14,30.1332,axis_bluechip
2015-08-13,30.1267,axis_bluechip
2015-08-12,30.1204,axis_bluechip
2015-08-11,30.1139,axis_bluechip
2015-08-10,30.1076,axis_bluechip
2015-08-09,30.1011,axis_bluechip
2015-08-07,30.0879,axis_bluechip
2015-08-06,30.0813,axis_bluechip
2015-08-05,30.075,axis_bluechip
2015-08-04,30.0685,axis_bluechip
2015-08-03,30.062,axis_bluechip
2015-08-02,30.0556,axis_bluechip
2015-07-31,30.0425,axis_bluechip
2015-07-30,30.0361,axis_bluechip
2015-07-29,30.0296,axis_bluechip
2015-07-28,30.0231,axis_bluechip
2015-07-27,30.0166,axis_bluechip
2015-07-26,30.0102,axis_bluechip
2015-07-24,29.997,axis_bluechip
2015-07-23,29.9904,axis_bluechip
2015-07-22,29.9839,axis_bluechip
2015-07-21,29.9774,axis_bluechip
2015-07-20,29.9708,axis_bluechip
2015-07-19,29.9643,axis_bluechip
2015-07-17,29.9511,axis_bluechip
2015-07-16,29.9445,axis_bluechip
2015-07-15,29.938,axis_bluechip
2015-07-14,29.9315,axis_bluechip
2015-07-13,29.9249,axis_bluechip
2015-07-12,29.9184,axis_bluechip
2015-07-10,29.9052,axis_bluechip
2015-07-09,29.8986,axis_bluechip
2015-07-08,29.8921,axis_bluechip
2015-07-07,29.8856,axis_bluechip
2015-07-06,29.8791,axis_bluechip
2015-07-05,29.8724,axis_bluechip
2015-07-03,29.8595,axis_bluechip
2015-07-02,29.8528,axis_bluechip
2015-07-01,29.8462,axis_bluechip
2015-06-30,29.8396,axis_bluechip
2015-06-29,29.8317,axis_bluechip
2015-06-28,29.8251,axis_bluechip
2015-06-26,29.8121,axis_bluechip
2015-06-25,29.8054,axis_bluechip
2015-06-24,29.7989,axis_bluechip
2015-06-23,29.7923,axis_bluechip
2015-06-22,29.7858,axis_bluechip
2015-06-21,29.7793,axis_bluechip
2015-06-19,29.7664,axis_bluechip
2015-06-18,29.7597,axis_bluechip
2015-06-17,29.7532,axis_bluechip
2015-06-16,29.7466,axis_bluechip
2015-06-15,29.7401,axis_bluechip
2015-06-14,29.7336,axis_bluechip
2015-06-12,29.7203,axis_bluechip
2015-06-11,29.7137,axis_bluechip
2015-06-10,29.7071,axis_bluechip
2015-06-09,29.7004,axis_bluechip
2015-06-08,29.6937,axis_bluechip
2015-06-07,29.6871,axis_bluechip
2015-06-05,29.6739,axis_bluechip
2015-06-04,29.6673,axis_bluechip
2015-06-03,29.6605,axis_bluechip
2015-06-02,29.6537,axis_bluechip
2015-06-01,29.647,axis_bluechip
2015-05-31,29.64,axis_bluechip
2015-05-29,29.6269,axis_bluechip
2015-05-28,29.6199,axis_bluechip
2015-05-27,29.6131,axis_bluechip
2015-05-26,29.6063,axis_bluechip
2015-05-25,29.5994,axis_bluechip
2015-05-24,29.5925,axis_bluechip
2015-05-22,29.5794,axis_bluechip
2015-05-21,29.5726,axis_bluechip
2015-05-20,29.5655,axis_bluechip
2015-05-19,29.5588,axis_bluechip
2015-05-18,29.5519,axis_bluechip
2015-05-17,29.5448,axis_bluechip
2015-05-15,29.531,axis_bluechip
2015-05-14,29.5243,axis_bluechip
2015-05-13,29.5174,axis_bluechip
2015-05-12,29.5106,axis_bluechip
2015-05-11,29.5038,axis_bluechip
2015-05-10,29.497,axis_bluechip
2015-05-08,29.4835,axis_bluechip
2015-05-07,29.4768,axis_bluechip
2015-05-06,29.4702,axis_bluechip
2015-05-05,29.4635,axis_bluechip
2015-05-04,29.4569,axis_bluechip
2015-04-30,29.4294,axis_bluechip
2015-04-29,29.4227,axis_bluechip
2015-04-28,29.4158,axis_bluechip
2015-04-27,29.409,axis_bluechip
2015-04-26,29.4023,axis_bluechip
2015-04-24,29.3887,axis_bluechip
2015-04-23,29.3819,axis_bluechip
2015-04-22,29.3751,axis_bluechip
2015-04-21,29.3684,axis_bluechip
2015-04-20,29.3616,axis_bluechip
2015-04-19,29.3548,axis_bluechip
2015-04-17,29.3411,axis_bluechip
2015-04-16,29.3343,axis_bluechip
2015-04-15,29.3276,axis_bluechip
2015-04-14,29.3208,axis_bluechip
2015-04-13,29.314,axis_bluechip
2015-04-12,29.3073,axis_bluechip
2015-04-10,29.2936,axis_bluechip
2015-04-09,29.2871,axis_bluechip
2015-04-08,29.2801,axis_bluechip
2015-04-07,29.2735,axis_bluechip
2015-04-06,29.2665,axis_bluechip
2015-04-05,29.2588,axis_bluechip
2015-03-31,29.2191,axis_bluechip
2015-03-30,29.2056,axis_bluechip
2015-03-29,29.1978,axis_bluechip
2015-03-27,29.1838,axis_bluechip
2015-03-26,29.1768,axis_bluechip
2015-03-25,29.1698,axis_bluechip
2015-03-24,29.1631,axis_bluechip
2015-03-23,29.1566,axis_bluechip
2015-03-22,29.15,axis_bluechip
2015-03-20,29.1361,axis_bluechip
2015-03-19,29.1293,axis_bluechip
2015-03-18,29.1225,axis_bluechip
2015-03-17,29.1157,axis_bluechip
2015-03-16,29.1089,axis_bluechip
2015-03-15,29.1021,axis_bluechip
2015-03-13,29.0881,axis_bluechip
2015-03-12,29.0813,axis_bluechip
2015-03-11,29.0746,axis_bluechip
2015-03-10,29.068,axis_bluechip
2015-03-09,29.0612,axis_bluechip
2015-03-08,29.0546,axis_bluechip
2015-03-05,29.034,axis_bluechip
2015-03-04,29.0269,axis_bluechip
2015-03-03,29.0196,axis_bluechip
2015-03-02,29.0128,axis_bluechip
2015-03-01,29.0062,axis_bluechip
2015-02-27,28.9925,axis_bluechip
2015-02-26,28.9857,axis_bluechip
2015-02-25,28.9789,axis_bluechip
2015-02-24,28.9723,axis_bluechip
2015-02-23,28.9657,axis_bluechip
2015-02-22,28.9591,axis_bluechip
2015-02-20,28.9458,axis_bluechip
2015-02-19,28.9392,axis_bluechip
2015-02-18,28.9326,axis_bluechip
2015-02-17,28.926,axis_bluechip
2015-02-16,28.9195,axis_bluechip
2015-02-15,28.9129,axis_bluechip
2015-02-13,28.8997,axis_bluechip
2015-02-12,28.8931,axis_bluechip
2015-02-11,28.8865,axis_bluechip
2015-02-10,28.8799,axis_bluechip
2015-02-09,28.8733,axis_bluechip
2015-02-08,28.8667,axis_bluechip
2015-02-06,28.8535,axis_bluechip
2015-02-05,28.8469,axis_bluechip
2015-02-04,28.8403,axis_bluechip
2015-02-03,28.8337,axis_bluechip
2015-02-02,28.8272,axis_bluechip
2015-02-01,28.8206,axis_bluechip
2015-01-30,28.8074,axis_bluechip
2015-01-29,28.8007,axis_bluechip
2015-01-28,28.7941,axis_bluechip
2015-01-27,28.7875,axis_bluechip
2015-01-26,28.7808,axis_bluechip
2015-01-23,28.7612,axis_bluechip
2015-01-22,28.7546,axis_bluechip
2015-01-21,28.748,axis_bluechip
2015-01-20,28.7414,axis_bluechip
2015-01-19,28.7348,axis_bluechip
2015-01-18,28.7282,axis_bluechip
2015-01-16,28.715,axis_bluechip
2015-01-15,28.7084,axis_bluechip
2015-01-14,28.7017,axis_bluechip
2015-01-13,28.6951,axis_bluechip
2015-01-12,28.6885,axis_bluechip
2015-01-11,28.6819,axis_bluechip
2015-01-09,28.6687,axis_bluechip
2015-01-08,28.6621,axis_bluechip
2015-01-07,28.6555,axis_bluechip
2015-01-06,28.6489,axis_bluechip
2015-01-05,28.6423,axis_bluechip
2015-01-04,28.6357,axis_bluechip
2015-01-02,28.6226,axis_bluechip
2015-01-01,28.616,axis_bluechip
2014-12-31,28.6091,axis_bluechip
2014-12-30,28.6019,axis_bluechip
2014-12-29,28.5952,axis_bluechip
2014-12-28,28.5886,axis_bluechip
2014-12-26,28.5754,axis_bluechip
2014-12-25,28.569,axis_bluechip
2014-12-24,28.5624,axis_bluechip
2014-12-23,28.5559,axis_bluechip
2014-12-22,28.5493,axis_bluechip
2014-12-21,28.543,axis_bluechip
2014-12-19,28.5299,axis_bluechip
2014-12-18,28.5234,axis_bluechip
2014-12-17,28.5169,axis_bluechip
2014-12-16,28.5104,axis_bluechip
2014-12-15,28.5039,axis_bluechip
2014-12-14,28.4975,axis_bluechip
2014-12-12,28.4846,axis_bluechip
2014-12-11,28.4779,axis_bluechip
2014-12-10,28.4713,axis_bluechip
2014-12-09,28.4648,axis_bluechip
2014-12-08,28.4582,axis_bluechip
2014-12-07,28.4517,axis_bluechip
2014-12-05,28.4387,axis_bluechip
2014-12-04,28.4321,axis_bluechip
2014-12-03,28.4256,axis_bluechip
2014-12-02,28.419,axis_bluechip
2014-12-01,28.4124,axis_bluechip
2014-11-30,28.4057,axis_bluechip
2014-11-28,28.3926,axis_bluechip
2014-11-27,28.3861,axis_bluechip
2014-11-26,28.3795,axis_bluechip
2014-11-25,28.373,axis_bluechip
2014-11-24,28.3664,axis_bluechip
2014-11-23,28.3598,axis_bluechip
2014-11-21,28.3465,axis_bluechip
2014-11-20,28.3398,axis_bluechip
2014-11-19,28.3332,axis_bluechip
2014-11-18,28.3265,axis_bluechip
2014-11-17,28.3199,axis_bluechip
2014-11-16,28.3132,axis_bluechip
2014-11-14,28.3,axis_bluechip
2014-11-13,28.2934,axis_bluechip
2014-11-12,28.2868,axis_bluechip
2014-11-11,28.2802,axis_bluechip
2014-11-10,28.2736,axis_bluechip
2014-11-09,28.2669,axis_bluechip
2014-11-07,28.2538,axis_bluechip
2014-11-06,28.247,axis_bluechip
2014-11-05,28.2404,axis_bluechip
2014-11-04,28.2336,axis_bluechip
2014-11-03,28.227,axis_bluechip
2014-11-02,28.2203,axis_bluechip
2014-10-31,28.2069,axis_bluechip
2014-10-30,28.2001,axis_bluechip
2014-10-29,28.1934,axis_bluechip
2014-10-28,28.1867,axis_bluechip
2014-10-27,28.1801,axis_bluechip
2014-10-26,28.1734,axis_bluechip
2014-10-22,28.1466,axis_bluechip
2014-10-21,28.1404,axis_bluechip
2014-10-20,28.1338,axis_bluechip
2014-10-19,28.1272,axis_bluechip
2014-10-17,28.114,axis_bluechip
2014-10-16,28.1073,axis_bluechip
2014-10-15,28.1006,axis_bluechip
2014-10-14,28.094,axis_bluechip
2014-10-13,28.0873,axis_bluechip
2014-10-12,28.0806,axis_bluechip
2014-10-10,28.0674,axis_bluechip
2014-10-09,28.0608,axis_bluechip
2014-10-08,28.0542,axis_bluechip
2014-10-07,28.0473,axis_bluechip
2014-10-06,28.0406,axis_bluechip
2014-10-01,28.006,axis_bluechip
2014-09-30,28.0002,axis_bluechip
2014-09-29,27.9924,axis_bluechip
2014-09-28,27.9858,axis_bluechip
2014-09-26,27.9727,axis_bluechip
2014-09-25,27.9661,axis_bluechip
2014-09-24,27.9595,axis_bluechip
2014-09-23,27.9528,axis_bluechip
2014-09-22,27.9461,axis_bluechip
2014-09-21,27.9395,axis_bluechip
2014-09-19,27.9262,axis_bluechip
2014-09-18,27.9195,axis_bluechip
2014-09-17,27.9128,axis_bluechip
2014-09-16,27.9062,axis_bluechip
2014-09-15,27.8996,axis_bluechip
2014-09-14,27.893,axis_bluechip
2014-09-12,27.8799,axis_bluechip
2014-09-11,27.8734,axis_bluechip
2014-09-10,27.8669,axis_bluechip
2014-09-09,27.8603,axis_bluechip
2014-09-08,27.8538,axis_bluechip
2014-09-07,27.8472,axis_bluechip
2014-09-05,27.8342,axis_bluechip
2014-09-04,27.8277,axis_bluechip
2014-09-03,27.8211,axis_bluechip
2014-09-02,27.8146,axis_bluechip
2014-09-01,27.8081,axis_bluechip
2014-08-31,27.8016,axis_bluechip
2014-08-28,27.7821,axis_bluechip
2014-08-27,27.7754,axis_bluechip
2014-08-26,27.769,axis_bluechip
2014-08-25,27.7624,axis_bluechip
2014-08-24,27.7559,axis_bluechip
2014-08-22,27.7431,axis_bluechip
2014-08-21,27.7366,axis_bluechip
2014-08-20,27.7301,axis_bluechip
2014-08-19,27.7237,axis_bluechip
2014-08-18,27.7173,axis_bluechip
2014-08-14,27.6915,axis_bluechip
2014-08-13,27.6851,axis_bluechip
2014-08-12,27.6787,axis_bluechip
2014-08-11,27.6723,axis_bluechip
2014-08-10,27.6659,axis_bluechip
2014-08-08,27.6531,axis_bluechip
2014-08-07,27.6468,axis_bluechip
2014-08-06,27.6404,axis_bluechip
2014-08-05,27.6341,axis_bluechip
2014-08-04,27.6277,axis_bluechip
2014-08-03,27.6213,axis_bluechip
2014-08-01,27.6086,axis_bluechip
2014-07-31,27.6022,axis_bluechip
2014-07-30,27.5959,axis_bluechip
2014-07-29,27.5895,axis_bluechip
2014-07-28,27.5832,axis_bluechip
2014-07-27,27.5769,axis_bluechip
2014-07-25,27.5643,axis_bluechip
2014-07-24,27.5579,axis_bluechip
2014-07-23,27.5517,axis_bluechip
2014-07-22,27.5456,axis_bluechip
2014-07-21,27.5394,axis_bluechip
2014-07-20,27.533,axis_bluechip
2014-07-18,27.5205,axis_bluechip
2014-07-17,27.5141,axis_bluechip
2014-07-16,27.5077,axis_bluechip
2014-07-15,27.5014,axis_bluechip
2014-07-14,27.495,axis_bluechip
2014-07-13,27.4888,axis_bluechip
2014-07-11,27.4762,axis_bluechip
2014-07-10,27.4701,axis_bluechip
2014-07-09,27.4639,axis_bluechip
2014-07-08,27.4576,axis_bluechip
2014-07-07,27.4513,axis_bluechip
2014-07-06,27.4449,axis_bluechip
2014-07-04,27.4323,axis_bluechip
2014-07-03,27.426,axis_bluechip
2014-07-02,27.4196,axis_bluechip
2014-07-01,27.4131,axis_bluechip
2014-06-30,27.4057,axis_bluechip
2014-06-29,27.3987,axis_bluechip
2014-06-27,27.386,axis_bluechip
2014-06-26,27.3796,axis_bluechip
2014-06-25,27.3732,axis_bluechip
2014-06-24,27.3668,axis_bluechip
2014-06-23,27.3605,axis_bluechip
2014-06-22,27.3542,axis_bluechip
2014-06-20,27.3415,axis_bluechip
2014-06-19,27.3352,axis_bluechip
2014-06-18,27.3286,axis_bluechip
2014-06-17,27.3222,axis_bluechip
2014-06-16,27.3157,axis_bluechip
2014-06-15,27.3094,axis_bluechip
2014-06-13,27.2963,axis_bluechip
2014-06-12,27.2902,axis_bluechip
2014-06-11,27.2838,axis_bluechip
2014-06-10,27.2773,axis_bluechip
2014-06-09,27.2708,axis_bluechip
2014-06-08,27.2643,axis_bluechip
2014-06-06,27.2514,axis_bluechip
2014-06-05,27.2449,axis_bluechip
2014-06-04,27.2385,axis_bluechip
2014-06-03,27.2319,axis_bluechip
2014-06-02,27.2252,axis_bluechip
2014-06-01,27.2189,axis_bluechip
2014-05-30,27.206,axis_bluechip
2014-05-29,27.1994,axis_bluechip
2014-05-28,27.1928,axis_bluechip
2014-05-27,27.1863,axis_bluechip
2014-05-26,27.1798,axis_bluechip
2014-05-25,27.1733,axis_bluechip
2014-05-23,27.1604,axis_bluechip
2014-05-22,27.154,axis_bluechip
2014-05-21,27.1474,axis_bluechip
2014-05-20,27.1406,axis_bluechip
2014-05-19,27.1338,axis_bluechip
2014-05-18,27.1274,axis_bluechip
2014-05-16,27.1137,axis_bluechip
2014-05-15,27.1077,axis_bluechip
2014-05-14,27.1012,axis_bluechip
2014-05-13,27.0947,axis_bluechip
2014-05-12,27.0881,axis_bluechip
2014-05-11,27.0815,axis_bluechip
2014-05-09,27.0686,axis_bluechip
2014-05-08,27.0619,axis_bluechip
2014-05-07,27.0553,axis_bluechip
2014-05-06,27.0488,axis_bluechip
2014-05-05,27.0422,axis_bluechip
2014-05-04,27.0356,axis_bluechip
2014-05-02,27.0224,axis_bluechip
2014-05-01,27.0157,axis_bluechip
2014-04-30,27.009,axis_bluechip
2014-04-29,27.0024,axis_bluechip
2014-04-28,26.9958,axis_bluechip
2014-04-27,26.9891,axis_bluechip
2014-04-25,26.9753,axis_bluechip
2014-04-24,26.9691,axis_bluechip
2014-04-23,26.9624,axis_bluechip
2014-04-22,26.9557,axis_bluechip
2014-04-21,26.949,axis_bluechip
2014-04-20,26.9423,axis_bluechip
2014-04-17,26.9221,axis_bluechip
2014-04-16,26.9154,axis_bluechip
2014-04-15,26.9086,axis_bluechip
2014-04-14,26.9019,axis_bluechip
2014-04-11,26.8814,axis_bluechip
2014-04-10,26.8747,axis_bluechip
2014-04-09,26.8678,axis_bluechip
2014-04-08,26.8612,axis_bluechip
2014-04-07,26.8542,axis_bluechip
2014-04-06,26.8477,axis_bluechip
2014-04-04,26.8337,axis_bluechip
2014-04-03,26.8272,axis_bluechip
2014-04-02,26.8201,axis_bluechip
2014-04-01,26.8131,axis_bluechip
2014-03-31,26.805,axis_bluechip
2014-03-28,26.7777,axis_bluechip
2014-03-27,26.7694,axis_bluechip
2014-03-26,26.7624,axis_bluechip
2014-03-25,26.7554,axis_bluechip
2014-03-24,26.7484,axis_bluechip
2014-03-23,26.7409,axis_bluechip
2014-03-21,26.727,axis_bluechip
2014-03-20,26.7201,axis_bluechip
2014-03-19,26.7131,axis_bluechip
2014-03-18,26.7062,axis_bluechip
2014-03-17,26.6993,axis_bluechip
2014-03-14,26.6792,axis_bluechip
2014-03-13,26.6724,axis_bluechip
2014-03-12,26.6656,axis_bluechip
2014-03-11,26.6589,axis_bluechip
2014-03-10,26.6523,axis_bluechip
2014-03-09,26.6458,axis_bluechip
2014-03-07,26.6326,axis_bluechip
2014-03-06,26.626,axis_bluechip
2014-03-05,26.6196,axis_bluechip
2014-03-04,26.6132,axis_bluechip
2014-03-03,26.6068,axis_bluechip
2014-03-02,26.6005,axis_bluechip
2014-02-28,26.5879,axis_bluechip
2014-02-27,26.5816,axis_bluechip
2014-02-26,26.5753,axis_bluechip
2014-02-25,26.569,axis_bluechip
2014-02-24,26.5625,axis_bluechip
2014-02-23,26.5563,axis_bluechip
2014-02-21,26.5438,axis_bluechip
2014-02-20,26.5376,axis_bluechip
2014-02-19,26.5314,axis_bluechip
2014-02-18,26.5252,axis_bluechip
2014-02-17,26.5189,axis_bluechip
2014-02-16,26.5127,axis_bluechip
2014-02-14,26.5002,axis_bluechip
2014-02-13,26.494,axis_bluechip
2014-02-12,26.4878,axis_bluechip
2014-02-11,26.4816,axis_bluechip
2014-02-10,26.4754,axis_bluechip
2014-02-09,26.4692,axis_bluechip
2014-02-07,26.4568,axis_bluechip
2014-02-06,26.4505,axis_bluechip
2014-02-05,26.4443,axis_bluechip
2014-02-04,26.4381,axis_bluechip
2014-02-03,26.4319,axis_bluechip
2014-02-02,26.4258,axis_bluechip
2014-01-31,26.4134,axis_bluechip
2014-01-30,26.4072,axis_bluechip
2014-01-29,26.4011,axis_bluechip
2014-01-28,26.3949,axis_bluechip
2014-01-27,26.3887,axis_bluechip
2014-01-26,26.3823,axis_bluechip
2014-01-24,26.3696,axis_bluechip
2014-01-23,26.3633,axis_bluechip
2014-01-22,26.357,axis_bluechip
2014-01-21,26.3506,axis_bluechip
2014-01-20,26.3443,axis_bluechip
2014-01-19,26.3379,axis_bluechip
2014-01-17,26.3252,axis_bluechip
2014-01-16,26.3189,axis_bluechip
2014-01-15,26.3125,axis_bluechip
2014-01-14,26.3061,axis_bluechip
2014-01-13,26.2998,axis_bluechip
2014-01-12,26.2934,axis_bluechip
2014-01-10,26.2807,axis_bluechip
2014-01-09,26.2744,axis_bluechip
2014-01-08,26.2681,axis_bluechip
2014-01-07,26.2617,axis_bluechip
2014-01-06,26.2553,axis_bluechip
2014-01-05,26.2489,axis_bluechip
2014-01-03,26.2362,axis_bluechip
2014-01-02,26.2298,axis_bluechip
2014-01-01,26.2235,axis_bluechip
2013-12-31,26.2169,axis_bluechip
2013-12-30,26.2093,axis_bluechip
2013-12-29,26.2029,axis_bluechip
2013-12-27,26.19,axis_bluechip
2013-12-26,26.1837,axis_bluechip
2013-12-25,26.1774,axis_bluechip
2013-12-24,26.1709,axis_bluechip
2013-12-23,26.1645,axis_bluechip
2013-12-22,26.1582,axis_bluechip
2013-12-20,26.1455,axis_bluechip
2013-12-19,26.1391,axis_bluechip
2013-12-18,26.1328,axis_bluechip
2013-12-17,26.1264,axis_bluechip
2013-12-16,26.1199,axis_bluechip
2013-12-15,26.1136,axis_bluechip
2013-12-13,26.1007,axis_bluechip
2013-12-12,26.0942,axis_bluechip
2013-12-11,26.0879,axis_bluechip
2013-12-10,26.0815,axis_bluechip
2013-12-09,26.0751,axis_bluechip
2013-12-08,26.0686,axis_bluechip
2013-12-06,26.0558,axis_bluechip
2013-12-05,26.0494,axis_bluechip
2013-12-04,26.0431,axis_bluechip
2013-12-03,26.0368,axis_bluechip
2013-12-02,26.03,axis_bluechip
2013-12-01,26.0236,axis_bluechip
2013-11-29,26.0108,axis_bluechip
2013-11-28,26.0044,axis_bluechip
2013-11-27,25.9979,axis_bluechip
2013-11-26,25.9914,axis_bluechip
2013-11-25,25.985,axis_bluechip
2013-11-24,25.9785,axis_bluechip
2013-11-22,25.9656,axis_bluechip
2013-11-21,25.9591,axis_bluechip
2013-11-20,25.9525,axis_bluechip
2013-11-19,25.946,axis_bluechip
2013-11-18,25.9394,axis_bluechip
2013-11-17,25.9329,axis_bluechip
2013-11-14,25.9133,axis_bluechip
2013-11-13,25.9068,axis_bluechip
2013-11-12,25.8999,axis_bluechip
2013-11-11,25.8933,axis_bluechip
2013-11-10,25.8867,axis_bluechip
2013-11-08,25.8733,axis_bluechip
2013-11-07,25.8666,axis_bluechip
2013-11-06,25.8599,axis_bluechip
2013-11-05,25.8532,axis_bluechip
2013-11-04,25.8466,axis_bluechip
2013-11-01,25.8264,axis_bluechip
2013-10-31,25.8195,axis_bluechip
2013-10-30,25.8127,axis_bluechip
2013-10-29,25.8056,axis_bluechip
2013-10-28,25.7986,axis_bluechip
2013-10-27,25.7917,axis_bluechip
2013-10-25,25.7779,axis_bluechip
2013-10-24,25.771,axis_bluechip
2013-10-23,25.764,axis_bluechip
2013-10-22,25.757,axis_bluechip
2013-10-21,25.75,axis_bluechip
2013-10-20,25.743,axis_bluechip
2013-10-18,25.7294,axis_bluechip
2013-10-17,25.7225,axis_bluechip
2013-10-16,25.7154,axis_bluechip
2013-10-15,25.7083,axis_bluechip
2013-10-14,25.7011,axis_bluechip
2013-10-13,25.694,axis_bluechip
2013-10-11,25.6801,axis_bluechip
2013-10-10,25.673,axis_bluechip
2013-10-09,25.6659,axis_bluechip
2013-10-08,25.6587,axis_bluechip
2013-10-07,25.6508,axis_bluechip
2013-10-06,25.6434,axis_bluechip
2013-10-04,25.629,axis_bluechip
2013-10-03,25.6214,axis_bluechip
2013-10-02,25.6141,axis_bluechip
2013-10-01,25.6067,axis_bluechip
2013-09-30,25.5987,axis_bluechip
2013-09-29,25.5911,axis_bluechip
2013-09-27,25.5767,axis_bluechip
2013-09-26,25.5691,axis_bluechip
2013-09-25,25.5616,axis_bluechip
2013-09-24,25.5544,axis_bluechip
2013-09-23,25.5472,axis_bluechip
2013-09-22,25.5398,axis_bluechip
2013-09-20,25.5251,axis_bluechip
2013-09-19,25.5168,axis_bluechip
2013-09-18,25.5079,axis_bluechip
2013-09-17,25.5003,axis_bluechip
2013-09-16,25.4927,axis_bluechip
2013-09-15,25.4852,axis_bluechip
2013-09-13,25.4707,axis_bluechip
2013-09-12,25.4632,axis_bluechip
2013-09-11,25.4558,axis_bluechip
2013-09-10,25.4483,axis_bluechip
2013-09-09,25.4408,axis_bluechip
2013-09-06,25.4198,axis_bluechip
2013-09-05,25.4121,axis_bluechip
2013-09-04,25.403,axis_bluechip
2013-09-03,25.3949,axis_bluechip
2013-09-02,25.3877,axis_bluechip
2013-09-01,25.3804,axis_bluechip
2013-08-30,25.3659,axis_bluechip
2013-08-29,25.3581,axis_bluechip
2013-08-28,25.3507,axis_bluechip
2013-08-27,25.3433,axis_bluechip
2013-08-26,25.3361,axis_bluechip
2013-08-25,25.3289,axis_bluechip
2013-08-23,25.3141,axis_bluechip
2013-08-22,25.3066,axis_bluechip
2013-08-21,25.2993,axis_bluechip
2013-08-20,25.2918,axis_bluechip
2013-08-19,25.2847,axis_bluechip
2013-08-18,25.2777,axis_bluechip
2013-08-16,25.263,axis_bluechip
2013-08-15,25.2559,axis_bluechip
2013-08-14,25.2486,axis_bluechip
2013-08-13,25.2414,axis_bluechip
2013-08-12,25.2342,axis_bluechip
2013-08-11,25.2278,axis_bluechip
2013-08-08,25.2051,axis_bluechip
2013-08-07,25.1974,axis_bluechip
2013-08-06,25.1904,axis_bluechip
2013-08-05,25.1832,axis_bluechip
2013-08-04,25.1748,axis_bluechip
2013-08-02,25.1607,axis_bluechip
2013-08-01,25.1536,axis_bluechip
2013-07-31,25.146,axis_bluechip
2013-07-30,25.1385,axis_bluechip
2013-07-29,25.131,axis_bluechip
2013-07-28,25.1236,axis_bluechip
2013-07-26,25.109,axis_bluechip
2013-07-25,25.1012,axis_bluechip
2013-07-24,25.0935,axis_bluechip
2013-07-23,25.12,axis_bluechip
2013-07-22,25.1157,axis_bluechip
2013-07-21,25.1088,axis_bluechip
2013-07-19,25.0951,axis_bluechip
2013-07-18,25.0859,axis_bluechip
2013-07-17,25.0747,axis_bluechip
2013-07-16,25.0654,axis_bluechip
2013-07-15,25.1225,axis_bluechip
2013-07-14,25.117,axis_bluechip
2013-07-12,25.1064,axis_bluechip
2013-07-11,25.1004,axis_bluechip
2013-07-10,25.0948,axis_bluechip
2013-07-09,25.0893,axis_bluechip
2013-07-08,25.0838,axis_bluechip
2013-07-07,25.0783,axis_bluechip
2013-07-05,25.0681,axis_bluechip
2013-07-04,25.0619,axis_bluechip
2013-07-03,25.0562,axis_bluechip
2013-07-02,25.0506,axis_bluechip
2013-07-01,25.0444,axis_bluechip
2013-06-28,25.0257,axis_bluechip
2013-06-27,25.0177,axis_bluechip
2013-06-26,25.0121,axis_bluechip
2013-06-25,25.0065,axis_bluechip
2013-06-24,25.0009,axis_bluechip
2013-06-23,24.9955,axis_bluechip
2013-06-21,24.9844,axis_bluechip
2013-06-20,24.9788,axis_bluechip
2013-06-19,24.9733,axis_bluechip
2013-06-18,24.9678,axis_bluechip
2013-06-17,24.9622,axis_bluechip
2013-06-16,24.9567,axis_bluechip
2013-06-14,24.9455,axis_bluechip
2013-06-13,24.9402,axis_bluechip
2013-06-12,24.9347,axis_bluechip
2013-06-11,24.9292,axis_bluechip
2013-06-10,24.9237,axis_bluechip
2013-06-09,24.9182,axis_bluechip
2013-06-07,24.907,axis_bluechip
2013-06-06,24.9014,axis_bluechip
2013-06-05,24.8958,axis_bluechip
2013-06-04,24.8903,axis_bluechip
2013-06-03,24.8847,axis_bluechip
2013-06-02,24.8791,axis_bluechip
2013-05-31,24.8679,axis_bluechip
2013-05-30,24.8624,axis_bluechip
2013-05-29,24.8568,axis_bluechip
2013-05-28,24.8511,axis_bluechip
2013-05-27,24.8455,axis_bluechip
2013-05-26,24.8398,axis_bluechip
2013-05-24,24.8285,axis_bluechip
2013-05-23,24.823,axis_bluechip
2013-05-22,24.8174,axis_bluechip
2013-05-21,24.8118,axis_bluechip
2013-05-20,24.8061,axis_bluechip
2013-05-19,24.8004,axis_bluechip
2013-05-17,24.7891,axis_bluechip
2013-05-16,24.7833,axis_bluechip
2013-05-15,24.7776,axis_bluechip
2013-05-14,24.7718,axis_bluechip
2013-05-13,24.7661,axis_bluechip
2013-05-12,24.7604,axis_bluechip
2013-05-10,24.7491,axis_bluechip
2013-05-09,24.7432,axis_bluechip
2013-05-08,24.7375,axis_bluechip
2013-05-07,24.7318,axis_bluechip
2013-05-06,24.726,axis_bluechip
2013-05-05,24.7203,axis_bluechip
2013-05-03,24.7088,axis_bluechip
2013-05-02,24.7029,axis_bluechip
2013-05-01,24.6971,axis_bluechip
2013-04-30,24.6913,axis_bluechip
2013-04-29,24.6855,axis_bluechip
2013-04-28,24.6796,axis_bluechip
2013-04-26,24.6681,axis_bluechip
2013-04-25,24.6623,axis_bluechip
2013-04-24,24.6565,axis_bluechip
2013-04-23,24.6507,axis_bluechip
2013-04-22,24.645,axis_bluechip
2013-04-21,24.6392,axis_bluechip
2013-04-18,24.6219,axis_bluechip
2013-04-17,24.6161,axis_bluechip
2013-04-16,24.6103,axis_bluechip
2013-04-15,24.6045,axis_bluechip
2013-04-14,24.5986,axis_bluechip
2013-04-12,24.5872,axis_bluechip
2013-04-11,24.5815,axis_bluechip
2013-04-10,24.5758,axis_bluechip
2013-04-09,24.5702,axis_bluechip
2013-04-08,24.5645,axis_bluechip
2013-04-07,24.559,axis_bluechip
2013-04-05,24.548,axis_bluechip
2013-04-04,24.5419,axis_bluechip
2013-04-03,24.5363,axis_bluechip
2013-04-02,24.5294,axis_bluechip
2013-04-01,24.5163,axis_bluechip
2013-03-28,24.4795,axis_bluechip
2013-03-27,24.4699,axis_bluechip
2013-03-26,24.464,axis_bluechip
2013-03-25,24.4577,axis_bluechip
2013-03-24,24.4518,axis_bluechip
2013-03-22,24.4402,axis_bluechip
2013-03-21,24.4344,axis_bluechip
2013-03-20,24.4287,axis_bluechip
2013-03-19,24.423,axis_bluechip
2013-03-18,24.4172,axis_bluechip
2013-03-17,24.4112,axis_bluechip
2013-03-15,24.3995,axis_bluechip
2013-03-14,24.3939,axis_bluechip
2013-03-13,24.3882,axis_bluechip
2013-03-12,24.3827,axis_bluechip
2013-03-11,24.377,axis_bluechip
2013-03-10,24.3714,axis_bluechip
2013-03-08,24.3601,axis_bluechip
2013-03-07,24.3546,axis_bluechip
2013-03-06,24.3489,axis_bluechip
2013-03-05,24.3433,axis_bluechip
2013-03-04,24.3377,axis_bluechip
2013-03-03,24.3322,axis_bluechip
2013-03-01,24.3212,axis_bluechip
2013-02-28,24.3157,axis_bluechip
2013-02-27,24.3102,axis_bluechip
2013-02-26,24.3047,axis_bluechip
2013-02-25,24.2993,axis_bluechip
2013-02-24,24.2938,axis_bluechip
2013-02-22,24.2828,axis_bluechip
2013-02-21,24.2773,axis_bluechip
2013-02-20,24.2719,axis_bluechip
2013-02-19,24.2664,axis_bluechip
2013-02-18,24.2609,axis_bluechip
2013-02-17,24.2554,axis_bluechip
2013-02-15,24.2446,axis_bluechip
2013-02-14,24.2392,axis_bluechip
2013-02-13,24.2338,axis_bluechip
2013-02-12,24.2284,axis_bluechip
2013-02-11,24.223,axis_bluechip
2013-02-10,24.2174,axis_bluechip
2013-02-08,24.2067,axis_bluechip
2013-02-07,24.2013,axis_bluechip
2013-02-06,24.1959,axis_bluechip
2013-02-05,24.1903,axis_bluechip
2013-02-04,24.1849,axis_bluechip
2013-02-03,24.1795,axis_bluechip
2013-02-01,24.1686,axis_bluechip
2013-01-31,24.1631,axis_bluechip
2013-01-30,24.1577,axis_bluechip
2013-01-29,24.1522,axis_bluechip
2013-01-28,24.1468,axis_bluechip
2013-01-27,24.1413,axis_bluechip
2013-01-24,24.1249,axis_bluechip
2013-01-23,24.1194,axis_bluechip
2013-01-22,24.1139,axis_bluechip
2013-01-21,24.1084,axis_bluechip
2013-01-20,24.1028,axis_bluechip
2013-01-18,24.0918,axis_bluechip
2013-01-17,24.0863,axis_bluechip
2013-01-16,24.0809,axis_bluechip
2013-01-15,24.0754,axis_bluechip
2013-01-14,24.0698,axis_bluechip
2013-01-13,24.0643,axis_bluechip
2013-01-11,24.0534,axis_bluechip
2013-01-10,24.0479,axis_bluechip
2013-01-09,24.0424,axis_bluechip
2013-01-08,24.0369,axis_bluechip
2013-01-07,24.0314,axis_bluechip
2013-01-06,24.0258,axis_bluechip
2013-01-04,24.0147,axis_bluechip
2013-01-03,24.0092,axis_bluechip
2013-01-02,24.0036,axis_bluechip
2013-01-01,23.9979,axis_bluechip
2012-12-31,23.992,axis_bluechip
2026-07-24,204.8535,hdfc_top100
2026-07-23,205.5539,hdfc_top100
2026-07-22,207.6748,hdfc_top100
2026-07-21,210.09,hdfc_top100
2026-07-20,209.4466,hdfc_top100
2026-07-17,208.9152,hdfc_top100
2026-07-16,208.7624,hdfc_top100
2026-07-15,209.4506,hdfc_top100
2026-07-14,207.3738,hdfc_top100
2026-07-13,208.1546,hdfc_top100
2026-07-10,208.3518,hdfc_top100
2026-07-09,206.8141,hdfc_top100
2026-07-08,204.4035,hdfc_top100
2026-07-07,206.4025,hdfc_top100
2026-07-06,207.3912,hdfc_top100
2026-07-03,207.3461,hdfc_top100
2026-07-02,208.5373,hdfc_top100
2026-07-01,206.4778,hdfc_top100
2026-06-30,206.8355,hdfc_top100
2026-06-29,205.1035,hdfc_top100
2026-06-25,203.9157,hdfc_top100
2026-06-24,205.0655,hdfc_top100
2026-06-23,203.5443,hdfc_top100
2026-06-22,204.1263,hdfc_top100
2026-06-19,202.0761,hdfc_top100
2026-06-18,200.9565,hdfc_top100
2026-06-17,199.8302,hdfc_top100
2026-06-16,198.6152,hdfc_top100
2026-06-15,198.032,hdfc_top100
2026-06-12,196.5577,hdfc_top100
2026-06-11,192.6722,hdfc_top100
2026-06-10,193.4371,hdfc_top100
2026-06-09,194.3813,hdfc_top100
2026-06-08,191.9092,hdfc_top100
2026-06-05,194.7547,hdfc_top100
2026-06-04,194.522,hdfc_top100
2026-06-03,194.081,hdfc_top100
2026-06-02,193.1295,hdfc_top100
2026-06-01,192.3195,hdfc_top100
2026-05-31,193.6836,hdfc_top100
2026-05-29,193.6848,hdfc_top100
2026-05-27,195.0501,hdfc_top100
2026-05-26,194.2258,hdfc_top100
2026-05-25,193.5599,hdfc_top100
2026-05-22,192.1227,hdfc_top100
2026-05-21,191.7575,hdfc_top100
2026-05-20,189.8661,hdfc_top100
2026-05-19,189.5553,hdfc_top100
2026-05-18,187.9126,hdfc_top100
2026-05-15,190.2405,hdfc_top100
2026-05-14,189.9345,hdfc_top100
2026-05-13,190.464,hdfc_top100
2026-05-12,190.6152,hdfc_top100
2026-05-11,195.586,hdfc_top100
2026-05-08,196.8821,hdfc_top100
2026-05-07,197.4753,hdfc_top100
2026-05-06,196.0036,hdfc_top100
2026-05-05,194.5618,hdfc_top100
2026-05-04,195.4469,hdfc_top100
2026-04-30,193.4131,hdfc_top100
2026-04-29,194.1523,hdfc_top100
2026-04-28,193.4843,hdfc_top100
2026-04-27,193.8317,hdfc_top100
2026-04-24,191.0425,hdfc_top100
2026-04-23,193.0317,hdfc_top100
2026-04-22,194.1928,hdfc_top100
2026-04-21,192.6397,hdfc_top100
2026-04-20,191.0583,hdfc_top100
2026-04-17,190.5242,hdfc_top100
2026-04-16,188.3316,hdfc_top100
2026-04-15,187.2786,hdfc_top100
2026-04-13,184.3491,hdfc_top100
2026-04-10,184.6967,hdfc_top100
2026-04-09,181.2455,hdfc_top100
2026-04-08,180.5783,hdfc_top100
2026-04-07,174.8342,hdfc_top100
2026-04-06,174.9151,hdfc_top100
2026-04-02,173.8471,hdfc_top100
2026-04-01,173.782,hdfc_top100
2026-03-31,169.3706,hdfc_top100
2026-03-30,169.3708,hdfc_top100
2026-03-27,172.4739,hdfc_top100
2026-03-25,175.4211,hdfc_top100
2026-03-24,172.0049,hdfc_top100
2026-03-23,169.1091,hdfc_top100
2026-03-20,174.6205,hdfc_top100
2026-03-19,173.9004,hdfc_top100
2026-03-18,177.4908,hdfc_top100
2026-03-17,174.0628,hdfc_top100
2026-03-16,173.8198,hdfc_top100
2026-03-13,173.9754,hdfc_top100
2026-03-12,177.9888,hdfc_top100
2026-03-11,178.3891,hdfc_top100
2026-03-10,178.8419,hdfc_top100
2026-03-09,175.7742,hdfc_top100
2026-03-06,178.9784,hdfc_top100
2026-03-05,179.3239,hdfc_top100
2026-03-04,177.9961,hdfc_top100
2026-03-02,181.3175,hdfc_top100
2026-02-28,184.7579,hdfc_top100
2026-02-27,184.7581,hdfc_top100
2026-02-26,186.095,hdfc_top100
2026-02-25,186.0488,hdfc_top100
2026-02-24,186.208,hdfc_top100
2026-02-23,187.5721,hdfc_top100
2026-02-20,186.2228,hdfc_top100
2026-02-19,186.6666,hdfc_top100
2026-02-18,188.2128,hdfc_top100
2026-02-17,187.6437,hdfc_top100
2026-02-16,185.8471,hdfc_top100
2026-02-13,187.236,hdfc_top100
2026-02-12,189.6029,hdfc_top100
2026-02-11,189.7464,hdfc_top100
2026-02-10,189.019,hdfc_top100
2026-02-09,188.469,hdfc_top100
2026-02-06,184.627,hdfc_top100
2026-02-05,185.6949,hdfc_top100
2026-02-04,186.7774,hdfc_top100
2026-02-03,186.7009,hdfc_top100
2026-02-02,180.5424,hdfc_top100
2026-01-31,183.301,hdfc_top100
2026-01-30,183.3021,hdfc_top100
2026-01-29,179.9408,hdfc_top100
2026-01-28,181.0873,hdfc_top100
2026-01-27,179.5515,hdfc_top100
2026-01-23,179.8035,hdfc_top100
2026-01-22,182.7544,hdfc_top100
2026-01-21,181.5325,hdfc_top100
2026-01-20,181.835,hdfc_top100
2026-01-19,185.4042,hdfc_top100
2026-01-16,186.9719,hdfc_top100
2026-01-14,187.3375,hdfc_top100
2026-01-13,187.6594,hdfc_top100
2026-01-12,186.1837,hdfc_top100
2026-01-09,187.0971,hdfc_top100
2026-01-08,190.16,hdfc_top100
2026-01-07,193.3173,hdfc_top100
2026-01-06,193.7027,hdfc_top100
2026-01-05,194.3786,hdfc_top100
2026-01-02,194.574,hdfc_top100
2026-01-01,193.6417,hdfc_top100
2025-12-31,193.7724,hdfc_top100
2025-12-30,191.9501,hdfc_top100
2025-12-29,192.541,hdfc_top100
2025-12-26,192.5913,hdfc_top100
2025-12-24,193.2848,hdfc_top100
2025-12-23,193.2652,hdfc_top100
2025-12-22,192.2573,hdfc_top100
2025-12-19,191.1157,hdfc_top100
2025-12-18,189.542,hdfc_top100
2025-12-17,190.0621,hdfc_top100
2025-12-16,191.3143,hdfc_top100
2025-12-15,193.1325,hdfc_top100
2025-12-12,192.3377,hdfc_top100
2025-12-11,191.4952,hdfc_top100
2025-12-10,191.2557,hdfc_top100
2025-12-09,191.3573,hdfc_top100
2025-12-08,190.1591,hdfc_top100
2025-12-05,193.1451,hdfc_top100
2025-12-04,193.4599,hdfc_top100
2025-12-03,194.3355,hdfc_top100
2025-12-02,194.4312,hdfc_top100
2025-12-01,195.3626,hdfc_top100
2025-11-30,194.979,hdfc_top100
2025-11-28,194.9784,hdfc_top100
2025-11-27,195.149,hdfc_top100
2025-11-26,195.8555,hdfc_top100
2025-11-25,194.2042,hdfc_top100
2025-11-24,193.9092,hdfc_top100
2025-11-21,194.2517,hdfc_top100
2025-11-20,196.0732,hdfc_top100
2025-11-19,196.528,hdfc_top100
2025-11-18,196.9478,hdfc_top100
2025-11-17,197.9212,hdfc_top100
2025-11-14,197.0676,hdfc_top100
2025-11-13,196.5465,hdfc_top100
2025-11-12,196.884,hdfc_top100
2025-11-11,196.4486,hdfc_top100
2025-11-10,196.2451,hdfc_top100
2025-11-07,197.315,hdfc_top100
2025-11-06,197.8032,hdfc_top100
2025-11-04,200.4678,hdfc_top100
2025-11-03,200.9709,hdfc_top100
2025-10-31,199.8234,hdfc_top100
2025-10-30,200.5185,hdfc_top100
2025-10-29,201.0375,hdfc_top100
2025-10-28,200.6348,hdfc_top100
2025-10-27,199.7965,hdfc_top100
2025-10-24,198.4115,hdfc_top100
2025-10-23,198.7521,hdfc_top100
2025-10-20,197.5258,hdfc_top100
2025-10-17,197.1075,hdfc_top100
2025-10-16,196.9521,hdfc_top100
2025-10-15,194.7,hdfc_top100
2025-10-14,193.3975,hdfc_top100
2025-10-13,194.5364,hdfc_top100
2025-10-10,195.1185,hdfc_top100
2025-10-09,195.0376,hdfc_top100
2025-10-08,195.8587,hdfc_top100
2025-10-07,196.4294,hdfc_top100
2025-10-06,196.5483,hdfc_top100
2025-10-03,196.2965,hdfc_top100
2025-10-01,195.0856,hdfc_top100
2025-09-30,193.8822,hdfc_top100
2025-09-26,194.0973,hdfc_top100
2025-09-25,197.3447,hdfc_top100
2025-09-24,198.8861,hdfc_top100
2025-09-23,199.4573,hdfc_top100
2025-09-22,200.2539,hdfc_top100
2025-09-19,201.306,hdfc_top100
2025-09-18,201.5447,hdfc_top100
2025-09-17,201.82,hdfc_top100
2025-09-16,201.1795,hdfc_top100
2025-09-15,200.0967,hdfc_top100
2025-09-12,199.0716,hdfc_top100
2025-09-11,198.9835,hdfc_top100
2025-09-10,198.7075,hdfc_top100
2025-09-09,198.2444,hdfc_top100
2025-09-08,197.448,hdfc_top100
2025-09-05,197.5939,hdfc_top100
2025-09-04,197.6887,hdfc_top100
2025-09-03,197.6325,hdfc_top100
2025-09-02,196.2367,hdfc_top100
2025-09-01,195.7343,hdfc_top100
2025-08-31,193.7537,hdfc_top100
2025-08-29,193.7532,hdfc_top100
2025-08-28,194.4893,hdfc_top100
2025-08-26,195.5946,hdfc_top100
2025-08-25,198.7805,hdfc_top100
2025-08-22,199.1156,hdfc_top100
2025-08-21,200.0554,hdfc_top100
2025-08-20,198.8477,hdfc_top100
2025-08-19,198.0389,hdfc_top100
2025-08-18,196.9203,hdfc_top100
2025-08-14,193.4131,hdfc_top100
2025-08-13,192.9222,hdfc_top100
2025-08-12,192.705,hdfc_top100
2025-08-11,193.1584,hdfc_top100
2025-08-08,191.9575,hdfc_top100
2025-08-07,193.0064,hdfc_top100
2025-08-06,193.5756,hdfc_top100
2025-08-05,194.9731,hdfc_top100
2025-08-04,195.6536,hdfc_top100
2025-08-01,194.9548,hdfc_top100
2025-07-31,197.489,hdfc_top100
2025-07-30,198.4508,hdfc_top100
2025-07-29,197.8146,hdfc_top100
2025-07-28,197.4629,hdfc_top100
2025-07-25,199.4349,hdfc_top100
2025-07-24,202.721,hdfc_top100
2025-07-23,203.9043,hdfc_top100
2025-07-22,203.3714,hdfc_top100
2025-07-21,203.8028,hdfc_top100
2025-07-18,204.0356,hdfc_top100
2025-07-17,204.9043,hdfc_top100
2025-07-16,203.6835,hdfc_top100
2025-07-15,203.9268,hdfc_top100
2025-07-14,202.0189,hdfc_top100
2025-07-11,201.2606,hdfc_top100
2025-07-10,201.5985,hdfc_top100
2025-07-09,201.3287,hdfc_top100
2025-07-08,200.4396,hdfc_top100
2025-07-07,200.3235,hdfc_top100
2025-07-04,200.6762,hdfc_top100
2025-07-03,200.0186,hdfc_top100
2025-07-02,199.3409,hdfc_top100
2025-07-01,200.2672,hdfc_top100
2025-06-30,200.3178,hdfc_top100
2025-06-27,198.0688,hdfc_top100
2025-06-26,197.2286,hdfc_top100
2025-06-25,197.4405,hdfc_top100
2025-06-24,194.4838,hdfc_top100
2025-06-23,192.973,hdfc_top100
2025-06-20,192.5872,hdfc_top100
2025-06-19,192.1535,hdfc_top100
2025-06-18,194.7498,hdfc_top100
2025-06-17,194.4976,hdfc_top100
2025-06-16,194.3117,hdfc_top100
2025-06-13,193.8702,hdfc_top100
2025-06-12,194.3159,hdfc_top100
2025-06-11,196.3155,hdfc_top100
2025-06-10,196.3203,hdfc_top100
2025-06-09,196.2268,hdfc_top100
2025-06-06,194.4367,hdfc_top100
2025-06-05,193.4622,hdfc_top100
2025-06-04,193.3241,hdfc_top100
2025-06-03,193.3558,hdfc_top100
2025-06-02,193.0141,hdfc_top100
2025-05-31,192.6784,hdfc_top100
2025-05-30,192.6772,hdfc_top100
2025-05-29,192.4906,hdfc_top100
2025-05-28,192.2322,hdfc_top100
2025-05-27,191.6915,hdfc_top100
2025-05-26,192.0116,hdfc_top100
2025-05-23,190.7428,hdfc_top100
2025-05-22,190.2297,hdfc_top100
2025-05-21,190.2708,hdfc_top100
2025-05-20,190.162,hdfc_top100
2025-05-19,192.0015,hdfc_top100
2025-05-16,190.5543,hdfc_top100
2025-05-15,189.7716,hdfc_top100
2025-05-14,188.3401,hdfc_top100
2025-05-13,185.9199,hdfc_top100
2025-05-12,185.5194,hdfc_top100
2025-05-09,180.3079,hdfc_top100
2025-05-08,181.2148,hdfc_top100
2025-05-07,182.5147,hdfc_top100
2025-05-06,180.8742,hdfc_top100
2025-05-05,183.67,hdfc_top100
2025-05-02,181.6763,hdfc_top100
2025-04-30,181.8527,hdfc_top100
2025-04-29,184.4749,hdfc_top100
2025-04-28,184.7984,hdfc_top100
2025-04-25,184.3892,hdfc_top100
2025-04-24,187.4442,hdfc_top100
2025-04-23,187.4918,hdfc_top100
2025-04-22,187.4594,hdfc_top100
2025-04-21,186.1086,hdfc_top100
2025-04-17,183.494,hdfc_top100
2025-04-16,182.6797,hdfc_top100
2025-04-15,181.4688,hdfc_top100
2025-04-11,177.359,hdfc_top100
2025-04-09,173.4024,hdfc_top100
2025-04-08,174.6198,hdfc_top100
2025-04-07,171.893,hdfc_top100
2025-04-04,176.8853,hdfc_top100
2025-04-03,181.0205,hdfc_top100
2025-04-02,180.504,hdfc_top100
2025-04-01,178.3073,hdfc_top100
2025-03-31,178.5628,hdfc_top100
2025-03-28,178.5548,hdfc_top100
2025-03-27,178.6535,hdfc_top100
2025-03-26,178.8617,hdfc_top100
2025-03-25,181.1499,hdfc_top100
2025-03-24,181.6626,hdfc_top100
2025-03-21,179.8765,hdfc_top100
2025-03-20,177.2546,hdfc_top100
2025-03-19,176.277,hdfc_top100
2025-03-18,174.3065,hdfc_top100
2025-03-17,170.8415,hdfc_top100
2025-03-13,170.4454,hdfc_top100
2025-03-12,170.9127,hdfc_top100
2025-03-11,170.8118,hdfc_top100
2025-03-10,171.8878,hdfc_top100
2025-03-07,173.6464,hdfc_top100
2025-03-06,173.0546,hdfc_top100
2025-03-05,170.5378,hdfc_top100
2025-03-04,167.4144,hdfc_top100
2025-03-03,166.5363,hdfc_top100
2025-02-28,167.2753,hdfc_top100
2025-02-27,169.2761,hdfc_top100
2025-02-25,170.5772,hdfc_top100
2025-02-24,171.0281,hdfc_top100
2025-02-21,173.194,hdfc_top100
2025-02-20,173.7251,hdfc_top100
2025-02-19,172.8542,hdfc_top100
2025-02-18,170.6351,hdfc_top100
2025-02-17,172.6017,hdfc_top100
2025-02-14,173.7027,hdfc_top100
2025-02-13,177.2214,hdfc_top100
2025-02-12,178.0673,hdfc_top100
2025-02-11,178.8097,hdfc_top100
2025-02-10,183.4947,hdfc_top100
2025-02-07,186.6001,hdfc_top100
2025-02-06,188.2236,hdfc_top100
2025-02-05,188.0012,hdfc_top100
2025-02-04,187.7402,hdfc_top100
2025-02-03,186.5887,hdfc_top100
2025-01-31,185.8927,hdfc_top100
2025-01-30,183.9481,hdfc_top100
2025-01-29,184.474,hdfc_top100
2025-01-28,179.9981,hdfc_top100
2025-01-27,181.1505,hdfc_top100
2025-01-24,184.8357,hdfc_top100
2025-01-23,187.6026,hdfc_top100
2025-01-22,186.9925,hdfc_top100
2025-01-21,189.0302,hdfc_top100
2025-01-20,191.8699,hdfc_top100
2025-01-17,190.5474,hdfc_top100
2025-01-16,191.5461,hdfc_top100
2025-01-15,190.2908,hdfc_top100
2025-01-14,189.4394,hdfc_top100
2025-01-13,187.9708,hdfc_top100
2025-01-10,194.0951,hdfc_top100
2025-01-09,197.3978,hdfc_top100
2025-01-08,199.1083,hdfc_top100
2025-01-07,201.51,hdfc_top100
2025-01-06,199.9325,hdfc_top100
2025-01-03,204.7473,hdfc_top100
2025-01-02,204.958,hdfc_top100
2025-01-01,204.0133,hdfc_top100
2024-12-31,202.025,hdfc_top100
2024-12-30,200.9474,hdfc_top100
2024-12-27,202.2744,hdfc_top100
2024-12-26,201.1712,hdfc_top100
2024-12-24,201.9117,hdfc_top100
2024-12-23,201.8235,hdfc_top100
2024-12-20,203.8639,hdfc_top100
2024-12-19,208.1814,hdfc_top100
2024-12-18,208.9039,hdfc_top100
2024-12-17,209.149,hdfc_top100
2024-12-16,209.9361,hdfc_top100
2024-12-13,209.4705,hdfc_top100
2024-12-12,209.1364,hdfc_top100
2024-12-11,210.4887,hdfc_top100
2024-12-10,210.1936,hdfc_top100
2024-12-09,209.1188,hdfc_top100
2024-12-06,207.7793,hdfc_top100
2024-12-05,206.9634,hdfc_top100
2024-12-04,206.8799,hdfc_top100
2024-12-03,205.6142,hdfc_top100
2024-12-02,203.0662,hdfc_top100
2024-11-30,203.2306,hdfc_top100
2024-11-29,203.2298,hdfc_top100
2024-11-28,202.2046,hdfc_top100
2024-11-27,202.2303,hdfc_top100
2024-11-26,201.5981,hdfc_top100
2024-11-25,201.2427,hdfc_top100
2024-11-22,196.9679,hdfc_top100
2024-11-21,196.0174,hdfc_top100
2024-11-19,196.9149,hdfc_top100
2024-11-18,194.9632,hdfc_top100
2024-11-14,195.8825,hdfc_top100
2024-11-13,194.6035,hdfc_top100
2024-11-12,198.665,hdfc_top100
2024-11-11,201.1783,hdfc_top100
2024-11-08,202.8558,hdfc_top100
2024-11-07,204.9185,hdfc_top100
2024-11-06,205.5932,hdfc_top100
2024-11-05,203.8845,hdfc_top100
2024-11-04,204.1821,hdfc_top100
2024-10-31,204.7065,hdfc_top100
2024-10-30,201.17,hdfc_top100
2024-10-29,199.6621,hdfc_top100
2024-10-28,198.762,hdfc_top100
2024-10-25,199.0257,hdfc_top100
2024-10-24,202.3794,hdfc_top100
2024-10-23,204.1604,hdfc_top100
2024-10-22,204.119,hdfc_top100
2024-10-21,209.1812,hdfc_top100
2024-10-18,212.4258,hdfc_top100
2024-10-17,212.5836,hdfc_top100
2024-10-16,214.6138,hdfc_top100
2024-10-15,214.6767,hdfc_top100
2024-10-14,212.7061,hdfc_top100
2024-10-11,211.8682,hdfc_top100
2024-10-10,211.2075,hdfc_top100
2024-10-09,211.4618,hdfc_top100
2024-10-08,209.7125,hdfc_top100
2024-10-07,205.9307,hdfc_top100
2024-10-04,210.645,hdfc_top100
2024-10-03,211.1073,hdfc_top100
2024-10-01,214.2759,hdfc_top100
2024-09-30,213.8541,hdfc_top100
2024-09-27,213.8245,hdfc_top100
2024-09-26,212.393,hdfc_top100
2024-09-25,213.2071,hdfc_top100
2024-09-24,212.9454,hdfc_top100
2024-09-23,213.6607,hdfc_top100
2024-09-20,212.0753,hdfc_top100
2024-09-19,211.2903,hdfc_top100
2024-09-18,212.1974,hdfc_top100
2024-09-17,212.8713,hdfc_top100
2024-09-16,213.118,hdfc_top100
2024-09-13,212.6824,hdfc_top100
2024-09-12,211.2842,hdfc_top100
2024-09-11,210.1111,hdfc_top100
2024-09-10,211.8353,hdfc_top100
2024-09-09,208.709,hdfc_top100
2024-09-06,209.5018,hdfc_top100
2024-09-05,210.0836,hdfc_top100
2024-09-04,208.9043,hdfc_top100
2024-09-03,209.171,hdfc_top100
2024-09-02,208.3113,hdfc_top100
2024-08-31,208.4167,hdfc_top100
2024-08-30,208.4168,hdfc_top100
2024-08-29,207.0499,hdfc_top100
2024-08-28,207.8987,hdfc_top100
2024-08-27,207.4904,hdfc_top100
2024-08-26,206.7864,hdfc_top100
2024-08-23,206.3889,hdfc_top100
2024-08-22,206.1419,hdfc_top100
2024-08-21,205.6904,hdfc_top100
2024-08-20,204.2778,hdfc_top100
2024-08-19,204.1016,hdfc_top100
2024-08-16,202.8471,hdfc_top100
2024-08-14,200.5532,hdfc_top100
2024-08-13,201.6101,hdfc_top100
2024-08-12,202.1742,hdfc_top100
2024-08-09,201.5699,hdfc_top100
2024-08-08,201.0925,hdfc_top100
2024-08-07,202.0034,hdfc_top100
2024-08-06,199.0114,hdfc_top100
2024-08-05,199.5619,hdfc_top100
2024-08-02,206.2035,hdfc_top100
2024-08-01,207.8403,hdfc_top100
2024-07-31,208.4358,hdfc_top100
2024-07-30,208.6912,hdfc_top100
2024-07-29,208.2548,hdfc_top100
2024-07-26,205.4205,hdfc_top100
2024-07-25,203.7419,hdfc_top100
2024-07-24,204.4677,hdfc_top100
2024-07-23,201.7018,hdfc_top100
2024-07-22,202.0355,hdfc_top100
2024-07-19,200.7347,hdfc_top100
2024-07-18,203.6047,hdfc_top100
2024-07-16,204.6439,hdfc_top100
2024-07-15,204.2651,hdfc_top100
2024-07-12,204.3766,hdfc_top100
2024-07-11,205.3326,hdfc_top100
2024-07-10,204.005,hdfc_top100
2024-07-09,204.7434,hdfc_top100
2024-07-08,203.9505,hdfc_top100
2024-07-05,204.8921,hdfc_top100
2024-07-04,203.5723,hdfc_top100
2024-07-03,202.9049,hdfc_top100
2024-07-02,200.5912,hdfc_top100
2024-07-01,200.4556,hdfc_top100
2024-06-30,197.8755,hdfc_top100
2024-06-28,197.8746,hdfc_top100
2024-06-27,197.541,hdfc_top100
2024-06-26,198.6826,hdfc_top100
2024-06-25,199.2888,hdfc_top100
2024-06-24,198.9645,hdfc_top100
2024-06-21,198.8453,hdfc_top100
2024-06-20,198.7321,hdfc_top100
2024-06-19,197.8645,hdfc_top100
2024-06-18,198.2516,hdfc_top100
2024-06-14,198.1281,hdfc_top100
2024-06-13,196.4383,hdfc_top100
2024-06-12,195.4415,hdfc_top100
2024-06-11,193.7358,hdfc_top100
2024-06-10,192.3518,hdfc_top100
2024-06-07,189.5698,hdfc_top100
2024-06-06,186.5083,hdfc_top100
2024-06-05,183.0496,hdfc_top100
2024-06-04,178.3591,hdfc_top100
2024-06-03,186.9155,hdfc_top100
2024-05-31,183.555,hdfc_top100
2024-05-30,181.9907,hdfc_top100
2024-05-29,183.9199,hdfc_top100
2024-05-28,183.2963,hdfc_top100
2024-05-27,183.9672,hdfc_top100
2024-05-24,184.2296,hdfc_top100
2024-05-23,184.8647,hdfc_top100
2024-05-22,185.1718,hdfc_top100
2024-05-21,184.7749,hdfc_top100
2024-05-17,183.6697,hdfc_top100
2024-05-16,181.9138,hdfc_top100
2024-05-15,179.5407,hdfc_top100
2024-05-14,177.7655,hdfc_top100
2024-05-13,175.8048,hdfc_top100
2024-05-10,175.7796,hdfc_top100
2024-05-09,174.9782,hdfc_top100
2024-05-08,179.0846,hdfc_top100
2024-05-07,178.2565,hdfc_top100
2024-05-06,179.8196,hdfc_top100
2024-05-03,180.5829,hdfc_top100
2024-05-02,181.828,hdfc_top100
2024-04-30,181.4347,hdfc_top100
2024-04-29,181.053,hdfc_top100
2024-04-26,180.425,hdfc_top100
2024-04-25,180.4345,hdfc_top100
2024-04-24,179.5328,hdfc_top100
2024-04-23,178.2084,hdfc_top100
2024-04-22,177.2586,hdfc_top100
2024-04-19,175.6445,hdfc_top100
2024-04-18,174.7465,hdfc_top100
2024-04-16,174.6419,hdfc_top100
2024-04-15,174.1554,hdfc_top100
2024-04-12,175.8047,hdfc_top100
2024-04-10,176.9202,hdfc_top100
2024-04-09,175.3061,hdfc_top100
2024-04-08,175.5646,hdfc_top100
2024-04-05,175.3538,hdfc_top100
2024-04-04,174.6364,hdfc_top100
2024-04-03,173.6926,hdfc_top100
2024-04-02,172.3272,hdfc_top100
2024-04-01,171.3184,hdfc_top100
2024-03-31,167.8136,hdfc_top100
2024-03-28,167.8139,hdfc_top100
2024-03-27,167.1819,hdfc_top100
2024-03-26,166.3844,hdfc_top100
2024-03-22,166.5897,hdfc_top100
2024-03-21,165.0148,hdfc_top100
2024-03-20,162.0769,hdfc_top100
2024-03-19,162.3885,hdfc_top100
2024-03-18,163.1055,hdfc_top100
2024-03-15,162.6157,hdfc_top100
2024-03-14,162.5619,hdfc_top100
2024-03-13,160.5835,hdfc_top100
2024-03-12,166.2062,hdfc_top100
2024-03-11,168.4794,hdfc_top100
2024-03-07,169.9846,hdfc_top100
2024-03-06,168.7803,hdfc_top100
2024-03-05,171.4449,hdfc_top100
2024-03-04,172.0116,hdfc_top100
2024-03-01,171.3862,hdfc_top100
2024-02-29,169.9634,hdfc_top100
2024-02-28,169.6781,hdfc_top100
2024-02-27,171.1506,hdfc_top100
2024-02-26,170.7723,hdfc_top100
2024-02-23,170.7513,hdfc_top100
2024-02-22,169.453,hdfc_top100
2024-02-21,169.2609,hdfc_top100
2024-02-20,169.7975,hdfc_top100
2024-02-19,169.6421,hdfc_top100
2024-02-16,169.6879,hdfc_top100
2024-02-15,168.783,hdfc_top100
2024-02-14,168.0551,hdfc_top100
2024-02-13,166.3553,hdfc_top100
2024-02-12,165.3607,hdfc_top100
2024-02-09,168.0813,hdfc_top100
2024-02-08,168.6894,hdfc_top100
2024-02-07,168.7067,hdfc_top100
2024-02-06,168.0277,hdfc_top100
2024-02-05,165.8049,hdfc_top100
2024-02-02,166.8172,hdfc_top100
2024-02-01,166.5191,hdfc_top100
2024-01-31,167.0853,hdfc_top100
2024-01-30,163.8854,hdfc_top100
2024-01-29,164.243,hdfc_top100
2024-01-25,163.0642,hdfc_top100
2024-01-24,162.9044,hdfc_top100
2024-01-23,161.1305,hdfc_top100
2024-01-19,162.8323,hdfc_top100
2024-01-18,162.2609,hdfc_top100
2024-01-17,162.9031,hdfc_top100
2024-01-16,164.4321,hdfc_top100
2024-01-15,165.0183,hdfc_top100
2024-01-12,164.2106,hdfc_top100
2024-01-11,163.7165,hdfc_top100
2024-01-10,162.7562,hdfc_top100
2024-01-09,162.8311,hdfc_top100
2024-01-08,162.5916,hdfc_top100
2024-01-05,163.7499,hdfc_top100
2024-01-04,162.7609,hdfc_top100
2024-01-03,162.106,hdfc_top100
2024-01-02,162.0646,hdfc_top100
2024-01-01,161.4272,hdfc_top100
2023-12-29,161.2357,hdfc_top100
2023-12-28,159.9625,hdfc_top100
2023-12-27,159.8029,hdfc_top100
2023-12-26,159.3241,hdfc_top100
2023-12-22,159.2023,hdfc_top100
2023-12-21,158.6327,hdfc_top100
2023-12-20,157.127,hdfc_top100
2023-12-19,161.0618,hdfc_top100
2023-12-18,161.4356,hdfc_top100
2023-12-15,161.5428,hdfc_top100
2023-12-14,161.0609,hdfc_top100
2023-12-13,159.9402,hdfc_top100
2023-12-12,159.4436,hdfc_top100
2023-12-11,159.7954,hdfc_top100
2023-12-08,159.5553,hdfc_top100
2023-12-07,159.9568,hdfc_top100
2023-12-06,159.4849,hdfc_top100
2023-12-05,159.5041,hdfc_top100
2023-12-04,158.8101,hdfc_top100
2023-12-01,157.4176,hdfc_top100
2023-11-30,157.4314,hdfc_top100
2023-11-29,155.7105,hdfc_top100
2023-11-28,155.6451,hdfc_top100
2023-11-24,154.683,hdfc_top100
2023-11-23,154.3926,hdfc_top100
2023-11-22,154.4341,hdfc_top100
2023-11-21,154.9701,hdfc_top100
2023-11-20,153.9873,hdfc_top100
2023-11-17,153.408,hdfc_top100
2023-11-16,152.8377,hdfc_top100
2023-11-15,152.7398,hdfc_top100
2023-11-13,151.314,hdfc_top100
2023-11-10,150.5781,hdfc_top100
2023-11-09,150.3998,hdfc_top100
2023-11-08,150.5331,hdfc_top100
2023-11-07,150.0494,hdfc_top100
2023-11-06,149.592,hdfc_top100
2023-11-03,148.7205,hdfc_top100
2023-11-02,147.8192,hdfc_top100
2023-11-01,147.1546,hdfc_top100
2023-10-31,147.5626,hdfc_top100
2023-10-30,147.1974,hdfc_top100
2023-10-27,147.2793,hdfc_top100
2023-10-26,145.453,hdfc_top100
2023-10-25,146.7862,hdfc_top100
2023-10-23,148.0186,hdfc_top100
2023-10-20,152.8916,hdfc_top100
2023-10-19,153.637,hdfc_top100
2023-10-18,153.6252,hdfc_top100
2023-10-17,153.4866,hdfc_top100
2023-10-16,152.9747,hdfc_top100
2023-10-13,151.9922,hdfc_top100
2023-10-12,152.0191,hdfc_top100
2023-10-11,151.7229,hdfc_top100
2023-10-10,150.8563,hdfc_top100
2023-10-09,149.6845,hdfc_top100
2023-10-06,151.72,hdfc_top100
2023-10-05,151.0584,hdfc_top100
2023-10-04,150.848,hdfc_top100
2023-10-03,151.7295,hdfc_top100
2023-09-29,151.2497,hdfc_top100
2023-09-27,151.7553,hdfc_top100
2023-09-26,151.1526,hdfc_top100
2023-09-25,151.1966,hdfc_top100
2023-09-22,151.2597,hdfc_top100
2023-09-21,150.8272,hdfc_top100
2023-09-20,152.9313,hdfc_top100
2023-09-18,152.7061,hdfc_top100
2023-09-15,153.193,hdfc_top100
2023-09-14,153.1389,hdfc_top100
2023-09-13,151.9055,hdfc_top100
2023-09-12,151.6583,hdfc_top100
2023-09-11,154.9908,hdfc_top100
2023-09-08,153.8431,hdfc_top100
2023-09-07,153.151,hdfc_top100
2023-09-06,151.6147,hdfc_top100
2023-09-05,151.7655,hdfc_top100
2023-09-04,151.5748,hdfc_top100
2023-09-01,150.4126,hdfc_top100
2023-08-31,150.2306,hdfc_top100
2023-08-30,149.2884,hdfc_top100
2023-08-29,148.5692,hdfc_top100
2023-08-28,148.1074,hdfc_top100
2023-08-25,147.0885,hdfc_top100
2023-08-24,147.6233,hdfc_top100
2023-08-23,147.6666,hdfc_top100
2023-08-22,147.4207,hdfc_top100
2023-08-21,145.9692,hdfc_top100
2023-08-18,145.4976,hdfc_top100
2023-08-17,145.501,hdfc_top100
2023-08-16,145.847,hdfc_top100
2023-08-14,145.3391,hdfc_top100
2023-08-11,145.5881,hdfc_top100
2023-08-10,145.4723,hdfc_top100
2023-08-09,146.3293,hdfc_top100
2023-08-08,145.5002,hdfc_top100
2023-08-07,145.7272,hdfc_top100
2023-08-04,145.7129,hdfc_top100
2023-08-03,145.0795,hdfc_top100
2023-08-02,145.4234,hdfc_top100
2023-08-01,146.7457,hdfc_top100
2023-07-31,146.1582,hdfc_top100
2023-07-28,144.5824,hdfc_top100
2023-07-27,143.8359,hdfc_top100
2023-07-26,143.6188,hdfc_top100
2023-07-25,143.1863,hdfc_top100
2023-07-24,143.1832,hdfc_top100
2023-07-21,142.8064,hdfc_top100
2023-07-20,143.0615,hdfc_top100
2023-07-19,142.4317,hdfc_top100
2023-07-18,141.8948,hdfc_top100
2023-07-17,142.205,hdfc_top100
2023-07-14,141.0983,hdfc_top100
2023-07-13,140.3448,hdfc_top100
2023-07-12,140.8036,hdfc_top100
2023-07-11,139.9054,hdfc_top100
2023-07-10,139.4743,hdfc_top100
2023-07-07,139.5112,hdfc_top100
2023-07-06,139.6278,hdfc_top100
2023-07-05,138.9579,hdfc_top100
2023-07-04,138.2876,hdfc_top100
2023-07-03,138.6742,hdfc_top100
2023-06-30,138.0883,hdfc_top100
2023-06-28,137.561,hdfc_top100
2023-06-27,137.5173,hdfc_top100
2023-06-26,137.1738,hdfc_top100
2023-06-23,136.3524,hdfc_top100
2023-06-22,137.2514,hdfc_top100
2023-06-21,137.8518,hdfc_top100
2023-06-20,137.3878,hdfc_top100
2023-06-19,137.0258,hdfc_top100
2023-06-16,137.2618,hdfc_top100
2023-06-15,136.6775,hdfc_top100
2023-06-14,136.5423,hdfc_top100
2023-06-13,135.9844,hdfc_top100
2023-06-12,134.7018,hdfc_top100
2023-06-09,134.1118,hdfc_top100
2023-06-08,134.5646,hdfc_top100
2023-06-07,134.9855,hdfc_top100
2023-06-06,133.5734,hdfc_top100
2023-06-05,133.1177,hdfc_top100
2023-06-02,132.614,hdfc_top100
2023-06-01,132.3341,hdfc_top100
2023-05-31,132.2913,hdfc_top100
2023-05-30,131.9012,hdfc_top100
2023-05-29,131.7139,hdfc_top100
2023-05-26,131.5821,hdfc_top100
2023-05-25,131.1635,hdfc_top100
2023-05-24,130.9864,hdfc_top100
2023-05-23,130.87,hdfc_top100
2023-05-22,131.1264,hdfc_top100
2023-05-19,130.2383,hdfc_top100
2023-05-18,130.6447,hdfc_top100
2023-05-17,130.5682,hdfc_top100
2023-05-16,130.8127,hdfc_top100
2023-05-15,130.5259,hdfc_top100
2023-05-12,130.1433,hdfc_top100
2023-05-11,130.2851,hdfc_top100
2023-05-10,129.4546,hdfc_top100
2023-05-09,128.8274,hdfc_top100
2023-05-08,128.9877,hdfc_top100
2023-05-05,127.7371,hdfc_top100
2023-05-04,128.1846,hdfc_top100
2023-05-03,127.493,hdfc_top100
2023-05-02,127.3545,hdfc_top100
2023-04-28,127.1712,hdfc_top100
2023-04-27,126.338,hdfc_top100
2023-04-26,125.8618,hdfc_top100
2023-04-25,125.3949,hdfc_top100
2023-04-24,125.372,hdfc_top100
2023-04-21,125.2284,hdfc_top100
2023-04-20,125.3792,hdfc_top100
2023-04-19,124.6246,hdfc_top100
2023-04-18,124.3244,hdfc_top100
2023-04-17,124.2728,hdfc_top100
2023-04-13,123.9911,hdfc_top100
2023-04-12,123.6808,hdfc_top100
2023-04-11,123.2215,hdfc_top100
2023-04-10,122.9416,hdfc_top100
2023-04-06,122.7811,hdfc_top100
2023-04-05,122.6212,hdfc_top100
2023-04-03,122.1271,hdfc_top100
2023-03-31,121.7144,hdfc_top100
2023-03-29,120.0371,hdfc_top100
2023-03-28,118.3058,hdfc_top100
2023-03-27,119.383,hdfc_top100
2023-03-24,120.2745,hdfc_top100
2023-03-23,121.7065,hdfc_top100
2023-03-22,121.4156,hdfc_top100
2023-03-21,120.9953,hdfc_top100
2023-03-20,120.3344,hdfc_top100
2023-03-17,121.446,hdfc_top100
2023-03-16,120.9417,hdfc_top100
2023-03-15,121.8605,hdfc_top100
2023-03-14,121.7529,hdfc_top100
2023-03-13,122.7771,hdfc_top100
2023-03-10,124.211,hdfc_top100
2023-03-09,124.5502,hdfc_top100
2023-03-08,124.7469,hdfc_top100
2023-03-06,124.8339,hdfc_top100
2023-03-03,123.9481,hdfc_top100
2023-03-02,123.3993,hdfc_top100
2023-03-01,123.665,hdfc_top100
2023-02-28,122.8701,hdfc_top100
2023-02-27,122.0552,hdfc_top100
2023-02-24,123.1777,hdfc_top100
2023-02-23,123.0513,hdfc_top100
2023-02-22,123.392,hdfc_top100
2023-02-21,124.5172,hdfc_top100
2023-02-20,124.9814,hdfc_top100
2023-02-17,125.1119,hdfc_top100
2023-02-16,124.9714,hdfc_top100
2023-02-15,124.4506,hdfc_top100
2023-02-14,124.0916,hdfc_top100
2023-02-13,124.4056,hdfc_top100
2023-02-10,125.1702,hdfc_top100
2023-02-09,124.7379,hdfc_top100
2023-02-08,125.1117,hdfc_top100
2023-02-07,124.4182,hdfc_top100
2023-02-06,123.9921,hdfc_top100
2023-02-03,124.2907,hdfc_top100
2023-02-02,124.0083,hdfc_top100
2023-02-01,123.4784,hdfc_top100
2023-01-31,124.3138,hdfc_top100
2023-01-30,122.3633,hdfc_top100
2023-01-27,122.6962,hdfc_top100
2023-01-25,123.7522,hdfc_top100
2023-01-24,124.1328,hdfc_top100
2023-01-23,124.425,hdfc_top100
2023-01-20,124.805,hdfc_top100
2023-01-19,125.5433,hdfc_top100
2023-01-18,125.7186,hdfc_top100
2023-01-17,125.8074,hdfc_top100
2023-01-16,125.9832,hdfc_top100
2023-01-13,126.0588,hdfc_top100
2023-01-12,126.1964,hdfc_top100
2023-01-11,125.908,hdfc_top100
2023-01-10,125.8004,hdfc_top100
2023-01-09,126.4462,hdfc_top100
2023-01-06,125.7185,hdfc_top100
2023-01-05,126.7327,hdfc_top100
2023-01-04,126.7266,hdfc_top100
2023-01-03,127.7046,hdfc_top100
2023-01-02,127.8404,hdfc_top100
2022-12-30,127.3348,hdfc_top100
2022-12-29,127.0211,hdfc_top100
2022-12-28,126.6449,hdfc_top100
2022-12-27,126.32,hdfc_top100
2022-12-26,125.3049,hdfc_top100
2022-12-23,122.5751,hdfc_top100
2022-12-22,125.9663,hdfc_top100
2022-12-21,128.1564,hdfc_top100
2022-12-20,130.2814,hdfc_top100
2022-12-19,129.9222,hdfc_top100
2022-12-16,129.8891,hdfc_top100
2022-12-15,130.9591,hdfc_top100
2022-12-14,131.9951,hdfc_top100
2022-12-13,131.0784,hdfc_top100
2022-12-12,130.6256,hdfc_top100
2022-12-09,130.5903,hdfc_top100
2022-12-08,131.3288,hdfc_top100
2022-12-07,130.6184,hdfc_top100
2022-12-06,130.9286,hdfc_top100
2022-12-05,131.0408,hdfc_top100
2022-12-02,130.6855,hdfc_top100
2022-12-01,130.2758,hdfc_top100
2022-11-30,129.5097,hdfc_top100
2022-11-29,128.544,hdfc_top100
2022-11-28,129.0166,hdfc_top100
2022-11-25,128.5562,hdfc_top100
2022-11-24,128.2567,hdfc_top100
2022-11-23,127.7493,hdfc_top100
2022-11-22,127.4269,hdfc_top100
2022-11-21,127.6535,hdfc_top100
2022-11-18,127.4022,hdfc_top100
2022-11-17,128.0744,hdfc_top100
2022-11-16,128.1135,hdfc_top100
2022-11-15,127.4028,hdfc_top100
2022-11-14,127.4932,hdfc_top100
2022-11-11,127.747,hdfc_top100
2022-11-10,127.722,hdfc_top100
2022-11-09,128.443,hdfc_top100
2022-11-07,128.9903,hdfc_top100
2022-11-04,128.615,hdfc_top100
2022-11-03,128.4345,hdfc_top100
2022-11-02,128.4568,hdfc_top100
2022-11-01,127.8603,hdfc_top100
2022-10-31,127.6411,hdfc_top100
2022-10-28,127.8495,hdfc_top100
2022-10-27,128.5742,hdfc_top100
2022-10-25,128.1443,hdfc_top100
2022-10-21,127.685,hdfc_top100
2022-10-20,128.7159,hdfc_top100
2022-10-19,128.6649,hdfc_top100
2022-10-18,128.0846,hdfc_top100
2022-10-17,127.4936,hdfc_top100
2022-10-14,127.3371,hdfc_top100
2022-10-13,127.0832,hdfc_top100
2022-10-12,127.8117,hdfc_top100
2022-10-11,127.5503,hdfc_top100
2022-10-10,128.2879,hdfc_top100
2022-10-07,129.3889,hdfc_top100
2022-10-06,128.8844,hdfc_top100
2022-10-04,128.2436,hdfc_top100
2022-10-03,127.1351,hdfc_top100
2022-09-30,126.7384,hdfc_top100
2022-09-29,125.2023,hdfc_top100
2022-09-28,124.4319,hdfc_top100
2022-09-27,124.6406,hdfc_top100
2022-09-26,123.8437,hdfc_top100
2022-09-23,126.9671,hdfc_top100
2022-09-22,128.606,hdfc_top100
2022-09-21,128.623,hdfc_top100
2022-09-20,128.8983,hdfc_top100
2022-09-19,127.8166,hdfc_top100
2022-09-16,128.0029,hdfc_top100
2022-09-15,130.8477,hdfc_top100
2022-09-14,131.5105,hdfc_top100
2022-09-13,130.9984,hdfc_top100
2022-09-12,131.2711,hdfc_top100
2022-09-09,130.1662,hdfc_top100
2022-09-08,129.8388,hdfc_top100
2022-09-07,128.9903,hdfc_top100
2022-09-06,127.812,hdfc_top100
2022-09-05,126.9883,hdfc_top100
2022-09-02,126.1091,hdfc_top100
2022-09-01,124.8265,hdfc_top100
2022-08-30,124.7127,hdfc_top100
2022-08-29,123.2418,hdfc_top100
2022-08-26,123.6562,hdfc_top100
2022-08-25,123.2572,hdfc_top100
2022-08-24,122.9131,hdfc_top100
2022-08-23,122.1378,hdfc_top100
2022-08-22,121.1594,hdfc_top100
2022-08-19,121.8963,hdfc_top100
2022-08-18,123.1031,hdfc_top100
2022-08-17,122.7003,hdfc_top100
2022-08-16,122.5798,hdfc_top100
2022-08-12,122.1465,hdfc_top100
2022-08-11,122.0436,hdfc_top100
2022-08-10,121.7895,hdfc_top100
2022-08-08,120.8529,hdfc_top100
2022-08-05,119.5001,hdfc_top100
2022-08-04,119.5351,hdfc_top100
2022-08-03,119.3671,hdfc_top100
2022-08-02,119.6709,hdfc_top100
2022-08-01,118.4285,hdfc_top100
2022-07-29,115.8262,hdfc_top100
2022-07-28,115.4212,hdfc_top100
2022-07-27,114.2238,hdfc_top100
2022-07-26,113.9363,hdfc_top100
2022-07-25,114.3251,hdfc_top100
2022-07-22,114.09,hdfc_top100
2022-07-21,113.4094,hdfc_top100
2022-07-20,112.9868,hdfc_top100
2022-07-19,112.8046,hdfc_top100
2022-07-18,111.9322,hdfc_top100
2022-07-15,111.1987,hdfc_top100
2022-07-14,110.5523,hdfc_top100
2022-07-13,110.6876,hdfc_top100
2022-07-12,110.5217,hdfc_top100
2022-07-11,111.3735,hdfc_top100
2022-07-08,110.3205,hdfc_top100
2022-07-07,110.0959,hdfc_top100
2022-07-06,109.4531,hdfc_top100
2022-07-05,108.9019,hdfc_top100
2022-07-04,108.086,hdfc_top100
2022-07-01,107.2511,hdfc_top100
2022-06-30,107.3447,hdfc_top100
2022-06-29,107.5298,hdfc_top100
2022-06-28,107.8457,hdfc_top100
2022-06-27,107.743,hdfc_top100
2022-06-24,106.563,hdfc_top100
2022-06-23,105.5826,hdfc_top100
2022-06-22,104.2718,hdfc_top100
2022-06-21,104.8701,hdfc_top100
2022-06-20,103.2049,hdfc_top100
2022-06-17,104.8911,hdfc_top100
2022-06-16,105.836,hdfc_top100
2022-06-15,107.9569,hdfc_top100
2022-06-14,107.7655,hdfc_top100
2022-06-13,108.1973,hdfc_top100
2022-06-10,110.3611,hdfc_top100
2022-06-09,110.773,hdfc_top100
2022-06-08,110.696,hdfc_top100
2022-06-07,110.8741,hdfc_top100
2022-06-06,111.468,hdfc_top100
2022-06-03,111.6854,hdfc_top100
2022-06-02,113.0447,hdfc_top100
2022-06-01,113.0469,hdfc_top100
2022-05-31,111.3985,hdfc_top100
2022-05-30,110.8854,hdfc_top100
2022-05-27,109.1239,hdfc_top100
2022-05-26,109.0641,hdfc_top100
2022-05-25,108.4736,hdfc_top100
2022-05-24,110.3592,hdfc_top100
2022-05-23,110.7194,hdfc_top100
2022-05-20,110.5206,hdfc_top100
2022-05-19,109.1737,hdfc_top100
2022-05-18,110.4242,hdfc_top100
2022-05-17,110.5126,hdfc_top100
2022-05-16,108.381,hdfc_top100
2022-05-13,107.0481,hdfc_top100
2022-05-12,106.8265,hdfc_top100
2022-05-11,108.1924,hdfc_top100
2022-05-10,109.6278,hdfc_top100
2022-05-09,111.1072,hdfc_top100
2022-05-06,111.917,hdfc_top100
2022-05-05,113.3928,hdfc_top100
2022-05-04,113.5479,hdfc_top100
2022-05-02,115.6675,hdfc_top100
2022-04-29,116.4371,hdfc_top100
2022-04-28,117.2654,hdfc_top100
2022-04-27,116.3239,hdfc_top100
2022-04-26,116.5381,hdfc_top100
2022-04-25,115.7364,hdfc_top100
2022-04-22,116.9877,hdfc_top100
2022-04-21,117.0681,hdfc_top100
2022-04-20,116.0793,hdfc_top100
2022-04-19,116.0671,hdfc_top100
2022-04-18,117.0086,hdfc_top100
2022-04-13,117.5522,hdfc_top100
2022-04-12,117.6272,hdfc_top100
2022-04-11,118.7434,hdfc_top100
2022-04-08,118.159,hdfc_top100
2022-04-07,117.3808,hdfc_top100
2022-04-06,117.9615,hdfc_top100
2022-04-05,117.6729,hdfc_top100
2022-04-04,116.1819,hdfc_top100
2022-04-01,114.8655,hdfc_top100
2022-03-31,113.3881,hdfc_top100
2022-03-30,113.3938,hdfc_top100
2022-03-29,112.833,hdfc_top100
2022-03-28,111.3773,hdfc_top100
2022-03-25,111.8414,hdfc_top100
2022-03-24,112.129,hdfc_top100
2022-03-23,112.0594,hdfc_top100
2022-03-22,111.8136,hdfc_top100
2022-03-21,111.8034,hdfc_top100
2022-03-17,112.1278,hdfc_top100
2022-03-16,111.4996,hdfc_top100
2022-03-15,110.7915,hdfc_top100
2022-03-14,111.3776,hdfc_top100
2022-03-11,110.3959,hdfc_top100
2022-03-10,109.8399,hdfc_top100
2022-03-09,108.7536,hdfc_top100
2022-03-08,107.1074,hdfc_top100
2022-03-07,106.6562,hdfc_top100
2022-03-04,108.4432,hdfc_top100
2022-03-03,109.9523,hdfc_top100
2022-03-02,109.7898,hdfc_top100
2022-02-28,109.8735,hdfc_top100
2022-02-25,109.1447,hdfc_top100
2022-02-24,105.5919,hdfc_top100
2022-02-23,109.8892,hdfc_top100
2022-02-22,109.2415,hdfc_top100
2022-02-21,110.5555,hdfc_top100
2022-02-18,112.6163,hdfc_top100
2022-02-17,113.0094,hdfc_top100
2022-02-16,113.4702,hdfc_top100
2022-02-15,112.2859,hdfc_top100
2022-02-14,111.1649,hdfc_top100
2022-02-11,114.5805,hdfc_top100
2022-02-10,116.361,hdfc_top100
2022-02-09,116.6628,hdfc_top100
2022-02-08,116.9897,hdfc_top100
2022-02-07,118.1213,hdfc_top100
2022-02-04,118.1779,hdfc_top100
2022-02-03,117.9384,hdfc_top100
2022-02-02,118.2925,hdfc_top100
2022-02-01,116.8615,hdfc_top100
2022-01-31,115.1383,hdfc_top100
2022-01-28,113.7542,hdfc_top100
2022-01-27,113.4644,hdfc_top100
2022-01-25,114.9265,hdfc_top100
2022-01-24,113.8388,hdfc_top100
2022-01-21,118.8871,hdfc_top100
2022-01-20,120.1311,hdfc_top100
2022-01-19,120.1682,hdfc_top100
2022-01-18,120.3738,hdfc_top100
2022-01-17,121.889,hdfc_top100
2022-01-14,121.5144,hdfc_top100
2022-01-13,120.6145,hdfc_top100
2022-01-12,120.503,hdfc_top100
2022-01-11,119.2122,hdfc_top100
2022-01-10,119.259,hdfc_top100
2022-01-07,118.0578,hdfc_top100
2022-01-06,118.078,hdfc_top100
2022-01-05,117.8449,hdfc_top100
2022-01-04,117.9937,hdfc_top100
2022-01-03,117.8295,hdfc_top100
2021-12-31,116.5135,hdfc_top100
2021-12-30,115.0392,hdfc_top100
2021-12-29,115.107,hdfc_top100
2021-12-28,114.187,hdfc_top100
2021-12-27,113.1013,hdfc_top100
2021-12-24,113.0034,hdfc_top100
2021-12-23,114.0603,hdfc_top100
2021-12-22,113.5008,hdfc_top100
2021-12-21,112.1347,hdfc_top100
2021-12-20,111.4291,hdfc_top100
2021-12-17,114.4182,hdfc_top100
2021-12-16,115.5621,hdfc_top100
2021-12-15,116.7334,hdfc_top100
2021-12-14,116.5661,hdfc_top100
2021-12-13,116.6731,hdfc_top100
2021-12-10,117.0295,hdfc_top100
2021-12-09,116.4189,hdfc_top100
2021-12-08,115.9955,hdfc_top100
2021-12-07,115.5693,hdfc_top100
2021-12-06,114.2375,hdfc_top100
2021-12-03,115.4989,hdfc_top100
2021-12-02,115.1803,hdfc_top100
2021-12-01,114.5225,hdfc_top100
2021-11-30,114.6061,hdfc_top100
2021-11-29,112.0406,hdfc_top100
2021-11-26,113.7581,hdfc_top100
2021-11-25,117.3365,hdfc_top100
2021-11-24,116.9382,hdfc_top100
2021-11-23,115.7625,hdfc_top100
2021-11-22,114.5634,hdfc_top100
2021-11-18,116.9958,hdfc_top100
2021-11-17,118.1513,hdfc_top100
2021-11-16,118.6213,hdfc_top100
2021-11-15,119.239,hdfc_top100
2021-11-12,119.2912,hdfc_top100
2021-11-11,118.4235,hdfc_top100
2021-11-10,117.9059,hdfc_top100
2021-11-09,117.9077,hdfc_top100
2021-11-08,117.3055,hdfc_top100
2021-11-03,115.5222,hdfc_top100
2021-11-02,115.5178,hdfc_top100
2021-11-01,114.2579,hdfc_top100
2021-10-29,113.6715,hdfc_top100
2021-10-28,113.475,hdfc_top100
2021-10-27,114.1178,hdfc_top100
2021-10-26,113.5163,hdfc_top100
2021-10-25,111.9962,hdfc_top100
2021-10-22,113.4348,hdfc_top100
2021-10-21,113.8861,hdfc_top100
2021-10-20,113.4912,hdfc_top100
2021-10-19,116.2545,hdfc_top100
2021-10-18,117.5222,hdfc_top100
2021-10-14,116.6919,hdfc_top100
2021-10-13,116.4436,hdfc_top100
2021-10-12,115.2274,hdfc_top100
2021-10-11,115.1336,hdfc_top100
2021-10-08,114.3972,hdfc_top100
2021-10-07,113.9512,hdfc_top100
2021-10-06,112.5383,hdfc_top100
2021-10-05,112.8715,hdfc_top100
2021-10-04,112.8335,hdfc_top100
2021-10-01,110.9385,hdfc_top100
2021-09-30,110.1672,hdfc_top100
2021-09-29,109.4882,hdfc_top100
2021-09-28,109.4454,hdfc_top100
2021-09-27,109.313,hdfc_top100
2021-09-24,109.5436,hdfc_top100
2021-09-23,110.2011,hdfc_top100
2021-09-22,109.0144,hdfc_top100
2021-09-21,107.9811,hdfc_top100
2021-09-20,107.5332,hdfc_top100
2021-09-17,109.0842,hdfc_top100
2021-09-16,110.188,hdfc_top100
2021-09-15,110.3295,hdfc_top100
2021-09-14,109.5639,hdfc_top100
2021-09-13,108.3557,hdfc_top100
2021-09-09,108.1289,hdfc_top100
2021-09-08,107.1416,hdfc_top100
2021-09-07,106.9263,hdfc_top100
2021-09-06,107.1149,hdfc_top100
2021-09-03,106.5171,hdfc_top100
2021-09-02,106.4916,hdfc_top100
2021-09-01,105.6616,hdfc_top100
2021-08-31,105.6214,hdfc_top100
2021-08-30,104.648,hdfc_top100
2021-08-27,102.8137,hdfc_top100
2021-08-26,102.162,hdfc_top100
2021-08-25,101.532,hdfc_top100
2021-08-24,101.0715,hdfc_top100
2021-08-23,100.065,hdfc_top100
2021-08-20,101.3154,hdfc_top100
2021-08-18,102.7792,hdfc_top100
2021-08-17,102.9948,hdfc_top100
2021-08-16,102.6818,hdfc_top100
2021-08-13,103.1156,hdfc_top100
2021-08-12,102.8351,hdfc_top100
2021-08-11,101.5778,hdfc_top100
2021-08-10,102.739,hdfc_top100
2021-08-09,104.2697,hdfc_top100
2021-08-06,104.8069,hdfc_top100
2021-08-05,104.998,hdfc_top100
2021-08-04,105.4579,hdfc_top100
2021-08-03,106.3929,hdfc_top100
2021-08-02,106.1017,hdfc_top100
2021-07-30,105.3714,hdfc_top100
2021-07-29,104.8903,hdfc_top100
2021-07-28,103.617,hdfc_top100
2021-07-27,103.8914,hdfc_top100
2021-07-26,104.4083,hdfc_top100
2021-07-23,104.3972,hdfc_top100
2021-07-22,104.1531,hdfc_top100
2021-07-20,103.3603,hdfc_top100
2021-07-19,104.8046,hdfc_top100
2021-07-16,104.9914,hdfc_top100
2021-07-15,105.0695,hdfc_top100
2021-07-14,105.2564,hdfc_top100
2021-07-13,104.6746,hdfc_top100
2021-07-12,104.1041,hdfc_top100
2021-07-09,103.1664,hdfc_top100
2021-07-08,103.0963,hdfc_top100
2021-07-07,103.5981,hdfc_top100
2021-07-06,102.8988,hdfc_top100
2021-07-05,102.4792,hdfc_top100
2021-07-02,101.8067,hdfc_top100
2021-07-01,101.142,hdfc_top100
2021-06-30,100.9756,hdfc_top100
2021-06-29,100.5042,hdfc_top100
2021-06-28,100.7862,hdfc_top100
2021-06-25,100.1155,hdfc_top100
2021-06-24,99.7729,hdfc_top100
2021-06-23,99.71,hdfc_top100
2021-06-22,99.366,hdfc_top100
2021-06-21,98.8195,hdfc_top100
2021-06-18,98.4344,hdfc_top100
2021-06-17,98.6026,hdfc_top100
2021-06-16,99.1338,hdfc_top100
2021-06-15,99.6014,hdfc_top100
2021-06-14,99.2339,hdfc_top100
2021-06-11,99.8345,hdfc_top100
2021-06-10,99.9654,hdfc_top100
2021-06-09,99.0036,hdfc_top100
2021-06-08,100.1122,hdfc_top100
2021-06-07,99.9491,hdfc_top100
2021-06-04,98.8539,hdfc_top100
2021-06-03,98.125,hdfc_top100
2021-06-02,98.0796,hdfc_top100
2021-06-01,97.2044,hdfc_top100
2021-05-31,97.38,hdfc_top100
2021-05-28,97.2483,hdfc_top100
2021-05-27,97.9063,hdfc_top100
2021-05-26,97.3437,hdfc_top100
2021-05-25,96.8992,hdfc_top100
2021-05-24,96.0305,hdfc_top100
2021-05-21,95.3914,hdfc_top100
2021-05-20,95.0316,hdfc_top100
2021-05-19,94.7558,hdfc_top100
2021-05-18,93.9225,hdfc_top100
2021-05-17,92.9585,hdfc_top100
2021-05-14,92.2765,hdfc_top100
2021-05-12,92.9124,hdfc_top100
2021-05-11,93.5737,hdfc_top100
2021-05-10,92.846,hdfc_top100
2021-05-07,92.2135,hdfc_top100
2021-05-06,92.1186,hdfc_top100
2021-05-05,92.0577,hdfc_top100
2021-05-04,91.3626,hdfc_top100
2021-05-03,91.3828,hdfc_top100
2021-04-30,90.4752,hdfc_top100
2021-04-29,90.6173,hdfc_top100
2021-04-28,90.332,hdfc_top100
2021-04-27,89.5712,hdfc_top100
2021-04-26,88.5558,hdfc_top100
2021-04-23,87.9149,hdfc_top100
2021-04-22,87.767,hdfc_top100
2021-04-20,87.1948,hdfc_top100
2021-04-19,86.7783,hdfc_top100
2021-04-16,87.3888,hdfc_top100
2021-04-15,87.1259,hdfc_top100
2021-04-13,86.9516,hdfc_top100
2021-04-12,86.272,hdfc_top100
2021-04-09,90.0091,hdfc_top100
2021-04-08,89.9964,hdfc_top100
2021-04-07,88.9063,hdfc_top100
2021-04-06,88.3419,hdfc_top100
2021-04-05,87.5976,hdfc_top100
2021-04-01,88.4903,hdfc_top100
2021-03-31,87.4737,hdfc_top100
2021-03-30,86.6977,hdfc_top100
2021-03-26,85.5087,hdfc_top100
2021-03-25,84.6698,hdfc_top100
2021-03-24,86.1717,hdfc_top100
2021-03-23,87.5212,hdfc_top100
2021-03-22,86.4156,hdfc_top100
2021-03-19,85.7498,hdfc_top100
2021-03-18,86.0465,hdfc_top100
2021-03-17,87.2732,hdfc_top100
2021-03-16,88.5682,hdfc_top100
2021-03-15,88.5963,hdfc_top100
2021-03-12,88.9315,hdfc_top100
2021-03-10,88.6966,hdfc_top100
2021-03-09,88.3161,hdfc_top100
2021-03-08,88.5876,hdfc_top100
2021-03-05,88.2252,hdfc_top100
2021-03-04,88.9623,hdfc_top100
2021-03-03,88.4923,hdfc_top100
2021-03-02,87.7662,hdfc_top100
2021-03-01,86.8947,hdfc_top100
2021-02-26,85.7878,hdfc_top100
2021-02-25,86.3588,hdfc_top100
2021-02-24,84.7936,hdfc_top100
2021-02-23,84.0135,hdfc_top100
2021-02-22,83.6608,hdfc_top100
2021-02-19,84.9273,hdfc_top100
2021-02-18,85.5317,hdfc_top100
2021-02-17,84.8193,hdfc_top100
2021-02-16,84.5871,hdfc_top100
2021-02-15,85.0276,hdfc_top100
2021-02-12,84.5864,hdfc_top100
2021-02-11,84.1694,hdfc_top100
2021-02-10,83.3864,hdfc_top100
2021-02-09,83.1303,hdfc_top100
2021-02-08,83.4924,hdfc_top100
2021-02-05,82.6153,hdfc_top100
2021-02-04,82.4453,hdfc_top100
2021-02-03,81.6538,hdfc_top100
2021-02-02,80.6225,hdfc_top100
2021-02-01,79.4344,hdfc_top100
2021-01-29,77.8537,hdfc_top100
2021-01-28,77.7009,hdfc_top100
2021-01-27,78.2494,hdfc_top100
2021-01-25,78.9867,hdfc_top100
2021-01-22,79.6084,hdfc_top100
2021-01-21,80.5094,hdfc_top100
2021-01-20,80.6259,hdfc_top100
2021-01-19,80.6173,hdfc_top100
2021-01-18,79.4401,hdfc_top100
2021-01-15,80.5302,hdfc_top100
2021-01-14,81.0944,hdfc_top100
2021-01-13,81.6065,hdfc_top100
2021-01-12,81.9853,hdfc_top100
2021-01-11,82.0949,hdfc_top100
2021-01-08,82.4047,hdfc_top100
2021-01-07,81.8689,hdfc_top100
2021-01-06,80.8795,hdfc_top100
2021-01-05,80.6897,hdfc_top100
2021-01-04,79.9178,hdfc_top100
2021-01-01,78.961,hdfc_top100
2020-12-31,78.1396,hdfc_top100
2020-12-30,78.1608,hdfc_top100
2020-12-29,77.9378,hdfc_top100
2020-12-28,77.201,hdfc_top100
2020-12-24,76.2652,hdfc_top100
2020-12-23,75.995,hdfc_top100
2020-12-22,74.4438,hdfc_top100
2020-12-21,74.3431,hdfc_top100
2020-12-18,76.6351,hdfc_top100
2020-12-17,76.9464,hdfc_top100
2020-12-16,77.1352,hdfc_top100
2020-12-15,76.8527,hdfc_top100
2020-12-14,76.7302,hdfc_top100
2020-12-11,76.1897,hdfc_top100
2020-12-10,76.0258,hdfc_top100
2020-12-09,76.3633,hdfc_top100
2020-12-08,76.0347,hdfc_top100
2020-12-07,76.2757,hdfc_top100
2020-12-04,75.2531,hdfc_top100
2020-12-03,74.5188,hdfc_top100
2020-12-02,74.0961,hdfc_top100
2020-12-01,73.9151,hdfc_top100
2020-11-27,73.1105,hdfc_top100
2020-11-26,71.4394,hdfc_top100
2020-11-25,71.2859,hdfc_top100
2020-11-24,72.0394,hdfc_top100
2020-11-23,71.3108,hdfc_top100
2020-11-20,70.6897,hdfc_top100
2020-11-19,70.3257,hdfc_top100
2020-11-18,70.0787,hdfc_top100
2020-11-17,69.2585,hdfc_top100
2020-11-13,67.8975,hdfc_top100
2020-11-12,67.0874,hdfc_top100
2020-11-11,66.6685,hdfc_top100
2020-11-10,66.4961,hdfc_top100
2020-11-09,66.5707,hdfc_top100
2020-11-06,65.761,hdfc_top100
2020-11-05,65.3632,hdfc_top100
2020-11-04,64.6703,hdfc_top100
2020-11-03,64.2757,hdfc_top100
2020-11-02,63.9582,hdfc_top100
2020-10-30,64.0422,hdfc_top100
2020-10-29,63.8738,hdfc_top100
2020-10-28,64.1264,hdfc_top100
2020-10-27,64.2905,hdfc_top100
2020-10-26,64.1467,hdfc_top100
2020-10-23,64.4167,hdfc_top100
2020-10-22,63.9264,hdfc_top100
2020-10-21,63.7626,hdfc_top100
2020-10-20,63.7148,hdfc_top100
2020-10-19,63.7933,hdfc_top100
2020-10-16,63.2883,hdfc_top100
2020-10-15,62.5586,hdfc_top100
2020-10-14,63.4637,hdfc_top100
2020-10-13,62.8658,hdfc_top100
2020-10-12,62.7597,hdfc_top100
2020-10-09,63.2906,hdfc_top100
2020-10-08,63.4817,hdfc_top100
2020-10-07,64.1025,hdfc_top100
2020-10-06,64.2617,hdfc_top100
2020-10-05,64.3535,hdfc_top100
2020-10-01,64.1093,hdfc_top100
2020-09-30,63.8023,hdfc_top100
2020-09-29,63.6305,hdfc_top100
2020-09-28,63.5663,hdfc_top100
2020-09-25,62.4845,hdfc_top100
2020-09-24,61.6467,hdfc_top100
2020-09-23,62.7063,hdfc_top100
2020-09-22,62.8153,hdfc_top100
2020-09-21,63.9585,hdfc_top100
2020-09-18,65.7147,hdfc_top100
2020-09-17,66.2742,hdfc_top100
2020-09-16,66.7009,hdfc_top100
2020-09-15,66.5188,hdfc_top100
2020-09-14,65.8331,hdfc_top100
2020-09-11,62.9364,hdfc_top100
2020-09-10,62.9838,hdfc_top100
2020-09-09,61.9976,hdfc_top100
2020-09-08,62.6925,hdfc_top100
2020-09-07,63.1455,hdfc_top100
2020-09-04,63.0449,hdfc_top100
2020-09-03,63.6277,hdfc_top100
2020-09-02,63.5433,hdfc_top100
2020-09-01,62.3265,hdfc_top100
2020-08-31,62.3588,hdfc_top100
2020-08-28,65.0345,hdfc_top100
2020-08-27,65.0304,hdfc_top100
2020-08-26,64.6439,hdfc_top100
2020-08-25,64.2012,hdfc_top100
2020-08-24,64.2166,hdfc_top100
2020-08-21,63.2056,hdfc_top100
2020-08-20,62.3087,hdfc_top100
2020-08-19,61.7767,hdfc_top100
2020-08-18,61.5686,hdfc_top100
2020-08-17,61.0084,hdfc_top100
2020-08-14,60.8519,hdfc_top100
2020-08-13,60.7092,hdfc_top100
2020-08-12,59.2859,hdfc_top100
2020-08-11,58.9922,hdfc_top100
2020-08-10,58.7216,hdfc_top100
2020-08-07,57.9724,hdfc_top100
2020-08-06,57.6979,hdfc_top100
2020-08-05,57.0065,hdfc_top100
2020-08-04,56.5565,hdfc_top100
2020-08-03,56.0147,hdfc_top100
2020-07-31,55.3008,hdfc_top100
2020-07-30,55.0194,hdfc_top100
2020-07-29,55.1299,hdfc_top100
2020-07-28,55.2362,hdfc_top100
2020-07-27,55.5097,hdfc_top100
2020-07-24,56.1087,hdfc_top100
2020-07-23,55.9901,hdfc_top100
2020-07-22,55.5652,hdfc_top100
2020-07-21,55.4238,hdfc_top100
2020-07-20,54.9045,hdfc_top100
2020-07-17,54.546,hdfc_top100
2020-07-16,54.2633,hdfc_top100
2020-07-15,54.4579,hdfc_top100
2020-07-14,54.2574,hdfc_top100
2020-07-13,54.5398,hdfc_top100
2020-07-10,54.9376,hdfc_top100
2020-07-09,54.9956,hdfc_top100
2020-07-08,54.5073,hdfc_top100
2020-07-07,54.932,hdfc_top100
2020-07-06,54.7915,hdfc_top100
2020-07-03,53.9367,hdfc_top100
2020-07-02,53.4633,hdfc_top100
2020-07-01,53.0526,hdfc_top100
2020-06-30,52.8219,hdfc_top100
2020-06-29,52.9446,hdfc_top100
2020-06-26,53.4577,hdfc_top100
2020-06-25,53.1915,hdfc_top100
2020-06-24,53.2495,hdfc_top100
2020-06-23,53.6129,hdfc_top100
2020-06-22,53.2647,hdfc_top100
2020-06-19,52.3501,hdfc_top100
2020-06-18,51.5685,hdfc_top100
2020-06-17,50.9734,hdfc_top100
2020-06-16,50.7675,hdfc_top100
2020-06-15,51.0041,hdfc_top100
2020-06-12,50.8648,hdfc_top100
2020-06-11,50.6426,hdfc_top100
2020-06-10,51.4119,hdfc_top100
2020-06-09,51.1714,hdfc_top100
2020-06-08,51.7451,hdfc_top100
2020-06-05,51.3008,hdfc_top100
2020-06-04,50.798,hdfc_top100
2020-06-03,50.9722,hdfc_top100
2020-06-02,50.232,hdfc_top100
2020-06-01,49.3635,hdfc_top100
2020-05-29,47.8748,hdfc_top100
2020-05-28,47.1434,hdfc_top100
2020-05-27,46.5354,hdfc_top100
2020-05-26,46.4193,hdfc_top100
2020-05-22,46.2132,hdfc_top100
2020-05-21,46.5947,hdfc_top100
2020-05-20,46.2563,hdfc_top100
2020-05-19,45.725,hdfc_top100
2020-05-18,45.8781,hdfc_top100
2020-05-15,46.9331,hdfc_top100
2020-05-14,46.8328,hdfc_top100
2020-05-13,47.5349,hdfc_top100
2020-05-12,46.6427,hdfc_top100
2020-05-11,46.9345,hdfc_top100
2020-05-08,47.0197,hdfc_top100
2020-05-07,47.4015,hdfc_top100
2020-05-06,47.5508,hdfc_top100
2020-05-05,47.5152,hdfc_top100
2020-05-04,48.0018,hdfc_top100
2020-04-30,49.4021,hdfc_top100
2020-04-29,48.915,hdfc_top100
2020-04-28,48.4286,hdfc_top100
2020-04-27,48.0846,hdfc_top100
2020-04-24,47.8799,hdfc_top100
2020-04-23,48.6464,hdfc_top100
2020-04-22,48.307,hdfc_top100
2020-04-21,47.7874,hdfc_top100
2020-04-20,48.8951,hdfc_top100
2020-04-17,47.9462,hdfc_top100
2020-04-16,47.0044,hdfc_top100
2020-04-15,46.6621,hdfc_top100
2020-04-13,46.3737,hdfc_top100
2020-04-09,46.7891,hdfc_top100
2020-04-08,45.7678,hdfc_top100
2020-04-07,45.121,hdfc_top100
2020-04-03,43.6981,hdfc_top100
2020-04-01,43.7773,hdfc_top100
2020-03-31,44.2998,hdfc_top100
2020-03-30,43.1613,hdfc_top100
2020-03-27,44.2552,hdfc_top100
2020-03-26,43.7048,hdfc_top100
2020-03-25,42.2905,hdfc_top100
2020-03-24,41.26,hdfc_top100
2020-03-23,41.311,hdfc_top100
2020-03-20,45.7468,hdfc_top100
2020-03-19,45.2642,hdfc_top100
2020-03-18,47.0783,hdfc_top100
2020-03-17,49.9371,hdfc_top100
2020-03-16,50.8999,hdfc_top100
2020-03-13,53.1576,hdfc_top100
2020-03-12,53.1617,hdfc_top100
2020-03-11,56.6672,hdfc_top100
2020-03-09,56.7701,hdfc_top100
2020-03-06,58.5236,hdfc_top100
2020-03-05,59.2727,hdfc_top100
2020-03-04,58.8308,hdfc_top100
2020-03-03,59.7023,hdfc_top100
2020-03-02,59.4357,hdfc_top100
2020-02-28,59.45,hdfc_top100
2020-02-27,61.0899,hdfc_top100
2020-02-26,61.1649,hdfc_top100
2020-02-25,61.6015,hdfc_top100
2020-02-24,61.7942,hdfc_top100
2020-02-20,62.3727,hdfc_top100
2020-02-19,62.26,hdfc_top100
2020-02-18,61.5595,hdfc_top100
2020-02-17,62.0469,hdfc_top100
2020-02-14,62.2419,hdfc_top100
2020-02-13,62.2181,hdfc_top100
2020-02-12,62.2058,hdfc_top100
2020-02-11,62.1921,hdfc_top100
2020-02-10,61.9086,hdfc_top100
2020-02-07,62.3167,hdfc_top100
2020-02-06,62.089,hdfc_top100
2020-02-05,62.0606,hdfc_top100
2020-02-04,61.7883,hdfc_top100
2020-02-03,60.8872,hdfc_top100
2020-01-31,61.7543,hdfc_top100
2020-01-30,61.8134,hdfc_top100
2020-01-29,62.1324,hdfc_top100
2020-01-28,62.0886,hdfc_top100
2020-01-27,61.9656,hdfc_top100
2020-01-24,61.8393,hdfc_top100
2020-01-23,61.1488,hdfc_top100
2020-01-22,60.8469,hdfc_top100
2020-01-21,60.7275,hdfc_top100
2020-01-20,60.9709,hdfc_top100
2020-01-17,60.8952,hdfc_top100
2020-01-16,60.2189,hdfc_top100
2020-01-15,59.6795,hdfc_top100
2020-01-14,59.2895,hdfc_top100
2020-01-13,59.1726,hdfc_top100
2020-01-10,58.9076,hdfc_top100
2020-01-09,58.6407,hdfc_top100
2020-01-08,57.9868,hdfc_top100
2020-01-07,58.2107,hdfc_top100
2020-01-06,57.7329,hdfc_top100
2020-01-03,58.6872,hdfc_top100
2020-01-02,58.3988,hdfc_top100
2020-01-01,57.886,hdfc_top100
2019-12-31,57.8093,hdfc_top100
2019-12-30,57.7981,hdfc_top100
2019-12-27,57.7682,hdfc_top100
2019-12-26,57.4846,hdfc_top100
2019-12-24,57.4196,hdfc_top100
2019-12-23,57.5756,hdfc_top100
2019-12-20,57.6649,hdfc_top100
2019-12-19,57.3051,hdfc_top100
2019-12-18,57.1274,hdfc_top100
2019-12-17,57.3155,hdfc_top100
2019-12-16,56.9909,hdfc_top100
2019-12-13,57.2957,hdfc_top100
2019-12-12,56.7141,hdfc_top100
2019-12-11,56.6208,hdfc_top100
2019-12-10,56.8176,hdfc_top100
2019-12-09,57.3044,hdfc_top100
2019-12-06,57.6323,hdfc_top100
2019-12-05,58.2459,hdfc_top100
2019-12-04,58.3397,hdfc_top100
2019-12-03,57.9542,hdfc_top100
2019-12-02,58.0533,hdfc_top100
2019-11-29,57.9839,hdfc_top100
2019-11-28,57.7441,hdfc_top100
2019-11-27,57.825,hdfc_top100
2019-11-26,57.9258,hdfc_top100
2019-11-25,58.2373,hdfc_top100
2019-11-22,58.0555,hdfc_top100
2019-11-21,58.0232,hdfc_top100
2019-11-20,57.8357,hdfc_top100
2019-11-19,57.8266,hdfc_top100
2019-11-18,57.7894,hdfc_top100
2019-11-15,57.71,hdfc_top100
2019-11-14,57.8273,hdfc_top100
2019-11-13,57.9023,hdfc_top100
2019-11-11,57.692,hdfc_top100
2019-11-08,57.4537,hdfc_top100
2019-11-07,57.9074,hdfc_top100
2019-11-06,57.7536,hdfc_top100
2019-11-05,58.0708,hdfc_top100
2019-11-04,58.5157,hdfc_top100
2019-11-01,57.9809,hdfc_top100
2019-10-31,57.6615,hdfc_top100
2019-10-30,57.1831,hdfc_top100
2019-10-29,57.0785,hdfc_top100
2019-10-25,56.3768,hdfc_top100
2019-10-24,56.4878,hdfc_top100
2019-10-23,56.394,hdfc_top100
2019-10-22,56.3394,hdfc_top100
2019-10-18,56.3596,hdfc_top100
2019-10-17,55.2661,hdfc_top100
2019-10-16,54.9299,hdfc_top100
2019-10-15,55.0504,hdfc_top100
2019-10-14,54.9658,hdfc_top100
2019-10-11,54.8222,hdfc_top100
2019-10-10,54.7665,hdfc_top100
2019-10-09,55.0566,hdfc_top100
2019-10-07,54.8053,hdfc_top100
2019-10-04,54.9464,hdfc_top100
2019-10-03,55.399,hdfc_top100
2019-10-01,55.6556,hdfc_top100
2019-09-30,56.147,hdfc_top100
2019-09-27,56.3843,hdfc_top100
2019-09-26,56.3859,hdfc_top100
2019-09-25,55.9413,hdfc_top100
2019-09-24,56.4498,hdfc_top100
2019-09-23,56.3502,hdfc_top100
2019-09-20,54.447,hdfc_top100
2019-09-19,52.7845,hdfc_top100
2019-09-18,53.1334,hdfc_top100
2019-09-17,53.1853,hdfc_top100
2019-09-16,53.814,hdfc_top100
2019-09-13,53.6012,hdfc_top100
2019-09-12,53.6476,hdfc_top100
2019-09-11,53.7478,hdfc_top100
2019-09-09,52.9366,hdfc_top100
2019-09-06,52.6455,hdfc_top100
2019-09-05,52.2783,hdfc_top100
2019-09-04,52.1216,hdfc_top100
2019-09-03,51.9742,hdfc_top100
2019-08-30,52.3752,hdfc_top100
2019-08-29,52.0987,hdfc_top100
2019-08-28,52.4938,hdfc_top100
2019-08-27,52.5731,hdfc_top100
2019-08-26,52.0341,hdfc_top100
2019-08-23,51.3091,hdfc_top100
2019-08-22,51.038,hdfc_top100
2019-08-21,51.522,hdfc_top100
2019-08-20,51.9247,hdfc_top100
2019-08-19,51.9983,hdfc_top100
2019-08-16,52.0211,hdfc_top100
2019-08-14,51.7299,hdfc_top100
2019-08-13,51.0979,hdfc_top100
2019-08-09,51.6177,hdfc_top100
2019-08-08,51.2595,hdfc_top100
2019-08-07,51.1681,hdfc_top100
2019-08-06,51.0319,hdfc_top100
2019-08-05,50.5861,hdfc_top100
2019-08-02,51.0349,hdfc_top100
2019-08-01,51.3082,hdfc_top100
2019-07-31,51.9017,hdfc_top100
2019-07-30,51.466,hdfc_top100
2019-07-29,52.1616,hdfc_top100
2019-07-26,52.5686,hdfc_top100
2019-07-25,52.5207,hdfc_top100
2019-07-24,52.7374,hdfc_top100
2019-07-23,53.155,hdfc_top100
2019-07-22,53.024,hdfc_top100
2019-07-19,53.4029,hdfc_top100
2019-07-18,54.0147,hdfc_top100
2019-07-17,54.319,hdfc_top100
2019-07-16,54.0856,hdfc_top100
2019-07-15,54.1461,hdfc_top100
2019-07-12,54.2785,hdfc_top100
2019-07-11,54.0984,hdfc_top100
2019-07-10,53.8443,hdfc_top100
2019-07-09,54.0836,hdfc_top100
2019-07-08,54.1644,hdfc_top100
2019-07-05,54.8561,hdfc_top100
2019-07-04,55.4699,hdfc_top100
2019-07-03,55.3738,hdfc_top100
2019-07-02,55.456,hdfc_top100
2019-07-01,55.3031,hdfc_top100
2019-06-28,55.224,hdfc_top100
2019-06-27,55.097,hdfc_top100
2019-06-26,54.9657,hdfc_top100
2019-06-25,54.4957,hdfc_top100
2019-06-24,54.1894,hdfc_top100
2019-06-21,54.4826,hdfc_top100
2019-06-20,54.4507,hdfc_top100
2019-06-19,54.0946,hdfc_top100
2019-06-18,54.3588,hdfc_top100
2019-06-17,54.651,hdfc_top100
2019-06-14,55.2265,hdfc_top100
2019-06-13,55.3583,hdfc_top100
2019-06-12,55.6663,hdfc_top100
2019-06-11,55.677,hdfc_top100
2019-06-10,55.7431,hdfc_top100
2019-06-07,56.094,hdfc_top100
2019-06-06,56.1253,hdfc_top100
2019-06-04,56.7067,hdfc_top100
2019-06-03,56.7417,hdfc_top100
2019-05-31,56.4804,hdfc_top100
2019-05-30,56.1882,hdfc_top100
2019-05-29,56.3573,hdfc_top100
2019-05-28,56.5415,hdfc_top100
2019-05-27,55.9036,hdfc_top100
2019-05-24,54.9948,hdfc_top100
2019-05-23,53.9873,hdfc_top100
2019-05-22,54.0958,hdfc_top100
2019-05-21,54.0838,hdfc_top100
2019-05-20,54.4867,hdfc_top100
2019-05-17,53.073,hdfc_top100
2019-05-16,52.9338,hdfc_top100
2019-05-15,53.0303,hdfc_top100
2019-05-14,53.1004,hdfc_top100
2019-05-13,52.8389,hdfc_top100
2019-05-10,53.706,hdfc_top100
2019-05-09,53.7084,hdfc_top100
2019-05-08,53.8583,hdfc_top100
2019-05-07,54.3424,hdfc_top100
2019-05-06,54.4976,hdfc_top100
2019-05-03,54.897,hdfc_top100
2019-05-02,55.0024,hdfc_top100
2019-04-30,55.083,hdfc_top100
2019-04-26,55.3187,hdfc_top100
2019-04-25,55.3592,hdfc_top100
2019-04-24,55.2723,hdfc_top100
2019-04-23,55.0555,hdfc_top100
2019-04-22,54.9458,hdfc_top100
2019-04-18,55.7232,hdfc_top100
2019-04-16,56.1267,hdfc_top100
2019-04-15,56.1536,hdfc_top100
2019-04-12,55.9226,hdfc_top100
2019-04-11,55.7987,hdfc_top100
2019-04-10,55.6388,hdfc_top100
2019-04-09,55.6612,hdfc_top100
2019-04-08,55.8828,hdfc_top100
2019-04-05,56.0191,hdfc_top100
2019-04-04,55.6447,hdfc_top100
2019-04-03,55.6601,hdfc_top100
2019-04-02,56.0011,hdfc_top100
2019-04-01,56.1772,hdfc_top100
2019-03-29,55.663,hdfc_top100
2019-03-28,54.7581,hdfc_top100
2019-03-27,54.46,hdfc_top100
2019-03-26,54.4065,hdfc_top100
2019-03-25,54.0256,hdfc_top100
2019-03-22,54.6498,hdfc_top100
2019-03-20,54.7637,hdfc_top100
2019-03-19,55.1238,hdfc_top100
2019-03-18,54.8356,hdfc_top100
2019-03-15,54.8323,hdfc_top100
2019-03-14,55.0181,hdfc_top100
2019-03-13,55.1959,hdfc_top100
2019-03-12,55.2773,hdfc_top100
2019-03-11,54.7406,hdfc_top100
2019-03-08,53.9401,hdfc_top100
2019-03-07,53.7052,hdfc_top100
2019-03-06,53.2436,hdfc_top100
2019-03-05,52.7007,hdfc_top100
2019-03-01,51.4418,hdfc_top100
2019-02-28,50.7717,hdfc_top100
2019-02-27,50.6695,hdfc_top100
2019-02-26,50.9392,hdfc_top100
2019-02-25,51.1544,hdfc_top100
2019-02-22,51.1164,hdfc_top100
2019-02-21,50.8863,hdfc_top100
2019-02-20,50.5134,hdfc_top100
2019-02-19,50.1932,hdfc_top100
2019-02-18,49.7231,hdfc_top100
2019-02-15,49.8363,hdfc_top100
2019-02-14,50.0246,hdfc_top100
2019-02-13,49.9159,hdfc_top100
2019-02-12,49.9865,hdfc_top100
2019-02-11,50.1417,hdfc_top100
2019-02-08,50.5532,hdfc_top100
2019-02-07,50.8924,hdfc_top100
2019-02-06,50.5395,hdfc_top100
2019-02-05,50.7151,hdfc_top100
2019-02-04,51.0358,hdfc_top100
2019-02-01,51.2972,hdfc_top100
2019-01-31,51.3507,hdfc_top100
2019-01-30,51.0055,hdfc_top100
2019-01-29,51.0547,hdfc_top100
2019-01-28,51.0862,hdfc_top100
2019-01-25,51.8002,hdfc_top100
2019-01-24,52.2905,hdfc_top100
2019-01-23,52.2713,hdfc_top100
2019-01-22,52.5351,hdfc_top100
2019-01-21,52.858,hdfc_top100
2019-01-18,53.071,hdfc_top100
2019-01-17,53.1674,hdfc_top100
2019-01-16,53.2055,hdfc_top100
2019-01-15,53.2756,hdfc_top100
2019-01-14,53.1547,hdfc_top100
2019-01-11,53.1862,hdfc_top100
2019-01-10,53.2423,hdfc_top100
2019-01-09,53.2998,hdfc_top100
2019-01-08,53.2516,hdfc_top100
2019-01-07,53.4187,hdfc_top100
2019-01-04,53.3289,hdfc_top100
2019-01-03,53.5067,hdfc_top100
2019-01-02,53.7148,hdfc_top100
2019-01-01,53.818,hdfc_top100
2018-12-31,53.8265,hdfc_top100
2018-12-28,53.5178,hdfc_top100
2018-12-27,53.0365,hdfc_top100
2018-12-26,52.817,hdfc_top100
2018-12-24,52.8045,hdfc_top100
2018-12-21,53.5026,hdfc_top100
2018-12-20,54.1591,hdfc_top100
2018-12-19,54.0589,hdfc_top100
2018-12-18,53.4937,hdfc_top100
2018-12-17,53.2949,hdfc_top100
2018-12-14,53.0898,hdfc_top100
2018-12-13,53.0474,hdfc_top100
2018-12-12,52.6722,hdfc_top100
2018-12-11,51.6933,hdfc_top100
2018-12-10,51.301,hdfc_top100
2018-12-07,52.0078,hdfc_top100
2018-12-06,51.9051,hdfc_top100
2018-12-05,52.5267,hdfc_top100
2018-12-04,52.9458,hdfc_top100
2018-12-03,52.7747,hdfc_top100
2018-11-30,52.7422,hdfc_top100
2018-11-29,52.4969,hdfc_top100
2018-11-28,52.4448,hdfc_top100
2018-11-27,52.3787,hdfc_top100
2018-11-26,52.3692,hdfc_top100
2018-11-22,52.5867,hdfc_top100
2018-11-21,52.6805,hdfc_top100
2018-11-20,52.7118,hdfc_top100
2018-11-19,53.029,hdfc_top100
2018-11-16,52.5647,hdfc_top100
2018-11-15,52.6406,hdfc_top100
2018-11-14,52.847,hdfc_top100
2018-11-13,52.6014,hdfc_top100
2018-11-12,52.6627,hdfc_top100
2018-11-09,53.0344,hdfc_top100
2018-11-06,52.3747,hdfc_top100
2018-11-05,52.4327,hdfc_top100
2018-11-02,52.5668,hdfc_top100
2018-11-01,52.0587,hdfc_top100
2018-10-31,51.8851,hdfc_top100
2018-10-30,51.4475,hdfc_top100
2018-10-29,50.9297,hdfc_top100
2018-10-26,50.3325,hdfc_top100
2018-10-25,50.251,hdfc_top100
2018-10-24,50.3952,hdfc_top100
2018-10-23,50.1667,hdfc_top100
2018-10-22,50.7772,hdfc_top100
2018-10-19,51.425,hdfc_top100
2018-10-17,51.9801,hdfc_top100
2018-10-16,52.7174,hdfc_top100
2018-10-15,52.1697,hdfc_top100
2018-10-12,51.7944,hdfc_top100
2018-10-11,51.0028,hdfc_top100
2018-10-10,51.6901,hdfc_top100
2018-10-09,49.9984,hdfc_top100
2018-10-08,50.3191,hdfc_top100
2018-10-05,51.0967,hdfc_top100
2018-10-04,51.9575,hdfc_top100
2018-10-03,52.9192,hdfc_top100
2018-10-01,52.883,hdfc_top100
2018-09-28,53.3171,hdfc_top100
2018-09-27,54.4466,hdfc_top100
2018-09-26,55.1202,hdfc_top100
2018-09-25,54.8274,hdfc_top100
2018-09-24,55.2821,hdfc_top100
2018-09-21,56.4467,hdfc_top100
2018-09-19,57.5821,hdfc_top100
2018-09-18,58.0036,hdfc_top100
2018-09-17,58.5504,hdfc_top100
2018-09-14,58.7983,hdfc_top100
2018-09-12,58.2059,hdfc_top100
2018-09-11,58.317,hdfc_top100
2018-09-10,58.943,hdfc_top100
2018-09-07,59.3814,hdfc_top100
2018-09-06,59.2383,hdfc_top100
2018-09-05,58.6949,hdfc_top100
2018-09-04,58.889,hdfc_top100
2018-09-03,59.8974,hdfc_top100
2018-08-31,60.1287,hdfc_top100
2018-08-30,59.5719,hdfc_top100
2018-08-29,59.4907,hdfc_top100
2018-08-28,59.5545,hdfc_top100
2018-08-27,59.3442,hdfc_top100
2018-08-24,58.8617,hdfc_top100
2018-08-23,59.031,hdfc_top100
2018-08-21,58.8857,hdfc_top100
2018-08-20,58.7597,hdfc_top100
2018-08-17,58.7555,hdfc_top100
2018-08-16,58.388,hdfc_top100
2018-08-14,58.0781,hdfc_top100
2018-08-13,58.2451,hdfc_top100
2018-08-10,58.6551,hdfc_top100
2018-08-09,58.7543,hdfc_top100
2018-08-08,59.0029,hdfc_top100
2018-08-07,58.9834,hdfc_top100
2018-08-06,58.7914,hdfc_top100
2018-08-03,57.7594,hdfc_top100
2018-08-02,57.2162,hdfc_top100
2018-08-01,57.0216,hdfc_top100
2018-07-31,56.6181,hdfc_top100
2018-07-30,56.2737,hdfc_top100
2018-07-27,55.8532,hdfc_top100
2018-07-26,54.6171,hdfc_top100
2018-07-25,54.3981,hdfc_top100
2018-07-24,54.2935,hdfc_top100
2018-07-23,53.4957,hdfc_top100
2018-07-20,53.1279,hdfc_top100
2018-07-19,53.0648,hdfc_top100
2018-07-18,53.3584,hdfc_top100
2018-07-17,53.9208,hdfc_top100
2018-07-16,53.8182,hdfc_top100
2018-07-13,54.7351,hdfc_top100
2018-07-12,54.9257,hdfc_top100
2018-07-11,55.0134,hdfc_top100
2018-07-10,54.9768,hdfc_top100
2018-07-09,54.8668,hdfc_top100
2018-07-06,54.1996,hdfc_top100
2018-07-05,53.9747,hdfc_top100
2018-07-04,54.162,hdfc_top100
2018-07-03,53.973,hdfc_top100
2018-07-02,53.9029,hdfc_top100
2018-06-29,54.0638,hdfc_top100
2018-06-28,53.2372,hdfc_top100
2018-06-27,53.7015,hdfc_top100
2018-06-26,54.6316,hdfc_top100
2018-06-25,55.0055,hdfc_top100
2018-06-22,55.5548,hdfc_top100
2018-06-21,55.5814,hdfc_top100
2018-06-20,55.9644,hdfc_top100
2018-06-19,56.0586,hdfc_top100
2018-06-18,56.868,hdfc_top100
2018-06-15,57.0672,hdfc_top100
2018-06-14,57.4387,hdfc_top100
2018-06-13,57.2522,hdfc_top100
2018-06-12,57.4404,hdfc_top100
2018-06-11,57.3946,hdfc_top100
2018-06-08,57.0448,hdfc_top100
2018-06-07,57.0031,hdfc_top100
2018-06-06,55.91,hdfc_top100
2018-06-05,55.1442,hdfc_top100
2018-06-04,56.5065,hdfc_top100
2018-06-01,57.8765,hdfc_top100
2018-05-31,58.995,hdfc_top100
2018-05-30,59.6359,hdfc_top100
2018-05-29,59.4956,hdfc_top100
2018-05-28,59.7938,hdfc_top100
2018-05-25,59.255,hdfc_top100
2018-05-24,59.2931,hdfc_top100
2018-05-23,59.3398,hdfc_top100
2018-05-22,59.7925,hdfc_top100
2018-05-21,59.7326,hdfc_top100
2018-05-18,60.8312,hdfc_top100
2018-05-17,61.0749,hdfc_top100
2018-05-16,60.6782,hdfc_top100
2018-05-15,61.1301,hdfc_top100
2018-05-14,61.1396,hdfc_top100
2018-05-11,62.0221,hdfc_top100
2018-05-10,62.18,hdfc_top100
2018-05-09,62.7255,hdfc_top100
2018-05-08,62.3405,hdfc_top100
2018-05-07,62.362,hdfc_top100
2018-05-04,61.5548,hdfc_top100
2018-05-03,61.9566,hdfc_top100
2018-05-02,62.4199,hdfc_top100
2018-04-30,62.9323,hdfc_top100
2018-04-27,63.0954,hdfc_top100
2018-04-26,63.2641,hdfc_top100
2018-04-25,62.5142,hdfc_top100
2018-04-24,62.5241,hdfc_top100
2018-04-23,62.337,hdfc_top100
2018-04-20,62.0067,hdfc_top100
2018-04-19,62.0316,hdfc_top100
2018-04-18,61.6812,hdfc_top100
2018-04-17,61.8273,hdfc_top100
2018-04-16,61.9447,hdfc_top100
2018-04-13,61.5831,hdfc_top100
2018-04-12,61.7648,hdfc_top100
2018-04-11,61.6102,hdfc_top100
2018-04-10,61.7781,hdfc_top100
2018-04-09,61.559,hdfc_top100
2018-04-06,61.0985,hdfc_top100
2018-04-05,60.5934,hdfc_top100
2018-04-04,59.8079,hdfc_top100
2018-04-03,60.3663,hdfc_top100
2018-04-02,59.6897,hdfc_top100
2018-03-28,58.0969,hdfc_top100
2018-03-27,58.7848,hdfc_top100
2018-03-26,58.3483,hdfc_top100
2018-03-23,57.8792,hdfc_top100
2018-03-22,58.3845,hdfc_top100
2018-03-21,59.2581,hdfc_top100
2018-03-20,59.0942,hdfc_top100
2018-03-19,59.1931,hdfc_top100
2018-03-16,60.1759,hdfc_top100
2018-03-15,60.6964,hdfc_top100
2018-03-14,60.3817,hdfc_top100
2018-03-13,60.5853,hdfc_top100
2018-03-12,59.9923,hdfc_top100
2018-03-09,59.6427,hdfc_top100
2018-03-08,59.6107,hdfc_top100
2018-03-07,59.7924,hdfc_top100
2018-03-06,60.7648,hdfc_top100
2018-03-05,61.4179,hdfc_top100
2018-03-01,62.2116,hdfc_top100
2018-02-28,62.2774,hdfc_top100
2018-02-27,62.4806,hdfc_top100
2018-02-26,62.7988,hdfc_top100
2018-02-23,62.211,hdfc_top100
2018-02-22,61.7289,hdfc_top100
2018-02-21,61.8416,hdfc_top100
2018-02-20,61.855,hdfc_top100
2018-02-19,61.7037,hdfc_top100
2018-02-16,62.6723,hdfc_top100
2018-02-15,63.6826,hdfc_top100
2018-02-14,64.5707,hdfc_top100
2018-02-12,64.4738,hdfc_top100
2018-02-09,63.9351,hdfc_top100
2018-02-08,63.7076,hdfc_top100
2018-02-07,62.36,hdfc_top100
2018-02-06,61.0687,hdfc_top100
2018-02-05,62.5391,hdfc_top100
2018-02-02,62.5129,hdfc_top100
2018-02-01,64.6604,hdfc_top100
2018-01-31,64.872,hdfc_top100
2018-01-30,65.2116,hdfc_top100
2018-01-29,65.4636,hdfc_top100
2018-01-25,65.9743,hdfc_top100
2018-01-24,66.4519,hdfc_top100
2018-01-23,67.2381,hdfc_top100
2018-01-22,67.6775,hdfc_top100
2018-01-19,67.0254,hdfc_top100
2018-01-18,66.4689,hdfc_top100
2018-01-17,67.8071,hdfc_top100
2018-01-16,67.6438,hdfc_top100
2018-01-15,69.0392,hdfc_top100
2018-01-12,68.8466,hdfc_top100
2018-01-11,68.7927,hdfc_top100
2018-01-10,68.6873,hdfc_top100
2018-01-09,68.6975,hdfc_top100
2018-01-08,69.0661,hdfc_top100
2018-01-05,68.8684,hdfc_top100
2018-01-04,67.8023,hdfc_top100
2018-01-03,67.0627,hdfc_top100
2018-01-02,65.5915,hdfc_top100
2018-01-01,66.1953,hdfc_top100
2017-12-29,66.1565,hdfc_top100
2017-12-28,66.3183,hdfc_top100
2017-12-27,66.0456,hdfc_top100
2017-12-26,66.0961,hdfc_top100
2017-12-22,66.208,hdfc_top100
2017-12-21,66.4699,hdfc_top100
2017-12-20,65.8782,hdfc_top100
2017-12-19,65.2296,hdfc_top100
2017-12-18,63.8694,hdfc_top100
2017-12-15,63.3238,hdfc_top100
2017-12-14,62.7841,hdfc_top100
2017-12-13,62.8065,hdfc_top100
2017-12-12,63.3879,hdfc_top100
2017-12-11,63.6318,hdfc_top100
2017-12-08,62.8436,hdfc_top100
2017-12-07,61.9916,hdfc_top100
2017-12-06,61.4633,hdfc_top100
2017-12-05,61.5105,hdfc_top100
2017-12-04,61.3177,hdfc_top100
2017-12-01,61.4989,hdfc_top100
2017-11-30,61.9529,hdfc_top100
2017-11-29,61.933,hdfc_top100
2017-11-28,61.8321,hdfc_top100
2017-11-27,61.2762,hdfc_top100
2017-11-24,61.0875,hdfc_top100
2017-11-23,60.5408,hdfc_top100
2017-11-22,60.0691,hdfc_top100
2017-11-21,59.6667,hdfc_top100
2017-11-20,59.2067,hdfc_top100
2017-11-17,58.6486,hdfc_top100
2017-11-16,58.0829,hdfc_top100
2017-11-15,57.2689,hdfc_top100
2017-11-14,57.9063,hdfc_top100
2017-11-13,57.8186,hdfc_top100
2017-11-10,57.7898,hdfc_top100
2017-11-09,58.0804,hdfc_top100
2017-11-08,57.2373,hdfc_top100
2017-11-07,57.5758,hdfc_top100
2017-11-06,57.8698,hdfc_top100
2017-11-03,57.5792,hdfc_top100
2017-11-02,56.6875,hdfc_top100
2017-11-01,55.8753,hdfc_top100
2017-10-31,55.4171,hdfc_top100
2017-10-30,55.0944,hdfc_top100
2017-10-27,54.5232,hdfc_top100
2017-10-26,54.1288,hdfc_top100
2017-10-25,53.9848,hdfc_top100
2017-10-24,54.5146,hdfc_top100
2017-10-23,54.3424,hdfc_top100
2017-10-18,54.4244,hdfc_top100
2017-10-17,54.5388,hdfc_top100
2017-10-16,54.2114,hdfc_top100
2017-10-13,54.1717,hdfc_top100
2017-10-12,53.9971,hdfc_top100
2017-10-11,53.678,hdfc_top100
2017-10-10,54.358,hdfc_top100
2017-10-09,53.9716,hdfc_top100
2017-10-06,53.8125,hdfc_top100
2017-10-05,53.4476,hdfc_top100
2017-10-04,53.2395,hdfc_top100
2017-10-03,52.3213,hdfc_top100
2017-09-29,51.961,hdfc_top100
2017-09-28,51.2362,hdfc_top100
2017-09-27,50.832,hdfc_top100
2017-09-26,51.6784,hdfc_top100
2017-09-25,51.0501,hdfc_top100
2017-09-22,51.5995,hdfc_top100
2017-09-21,53.3041,hdfc_top100
2017-09-20,53.3602,hdfc_top100
2017-09-19,52.9686,hdfc_top100
2017-09-18,52.3804,hdfc_top100
2017-09-15,51.7518,hdfc_top100
2017-09-14,51.3182,hdfc_top100
2017-09-13,50.6965,hdfc_top100
2017-09-12,51.0852,hdfc_top100
2017-09-11,50.7696,hdfc_top100
2017-09-08,50.5481,hdfc_top100
2017-09-07,50.479,hdfc_top100
2017-09-06,50.2949,hdfc_top100
2017-09-05,50.0883,hdfc_top100
2017-09-04,49.5888,hdfc_top100
2017-09-01,49.6448,hdfc_top100
2017-08-31,49.1482,hdfc_top100
2017-08-30,48.4861,hdfc_top100
2017-08-29,48.1384,hdfc_top100
2017-08-28,48.5392,hdfc_top100
2017-08-24,48.248,hdfc_top100
2017-08-23,48.1917,hdfc_top100
2017-08-22,47.9154,hdfc_top100
2017-08-21,47.7179,hdfc_top100
2017-08-18,48.3833,hdfc_top100
2017-08-17,48.7034,hdfc_top100
2017-08-16,48.3225,hdfc_top100
2017-08-14,47.737,hdfc_top100
2017-08-11,46.9331,hdfc_top100
2017-08-10,46.6004,hdfc_top100
2017-08-09,47.6533,hdfc_top100
2017-08-08,48.14,hdfc_top100
2017-08-07,48.5716,hdfc_top100
2017-08-04,48.1507,hdfc_top100
2017-08-03,48.0355,hdfc_top100
2017-08-02,48.434,hdfc_top100
2017-08-01,48.8185,hdfc_top100
2017-07-31,48.6537,hdfc_top100
2017-07-28,48.5811,hdfc_top100
2017-07-27,48.1589,hdfc_top100
2017-07-26,48.4663,hdfc_top100
2017-07-25,48.2663,hdfc_top100
2017-07-24,48.2489,hdfc_top100
2017-07-21,48.2629,hdfc_top100
2017-07-20,48.4308,hdfc_top100
2017-07-19,48.2322,hdfc_top100
2017-07-18,47.9429,hdfc_top100
2017-07-17,47.97,hdfc_top100
2017-07-14,47.7904,hdfc_top100
2017-07-13,48.2403,hdfc_top100
2017-07-12,47.981,hdfc_top100
2017-07-11,47.8999,hdfc_top100
2017-07-10,47.7571,hdfc_top100
2017-07-07,47.6689,hdfc_top100
2017-07-06,47.6048,hdfc_top100
2017-07-05,47.6057,hdfc_top100
2017-07-04,47.3041,hdfc_top100
2017-07-03,47.0864,hdfc_top100
2017-06-30,46.3484,hdfc_top100
2017-06-29,46.1769,hdfc_top100
2017-06-28,45.7199,hdfc_top100
2017-06-27,46.0949,hdfc_top100
2017-06-23,46.4126,hdfc_top100
2017-06-22,46.9542,hdfc_top100
2017-06-21,46.8016,hdfc_top100
2017-06-20,46.6247,hdfc_top100
2017-06-19,46.4924,hdfc_top100
2017-06-16,46.2799,hdfc_top100
2017-06-15,46.1215,hdfc_top100
2017-06-14,45.7899,hdfc_top100
2017-06-13,45.76,hdfc_top100
2017-06-12,45.6426,hdfc_top100
2017-06-09,45.3998,hdfc_top100
2017-06-08,45.3666,hdfc_top100
2017-06-07,45.2229,hdfc_top100
2017-06-06,44.8932,hdfc_top100
2017-06-05,45.12,hdfc_top100
2017-06-02,44.8693,hdfc_top100
2017-06-01,44.592,hdfc_top100
2017-05-31,44.5677,hdfc_top100
2017-05-30,44.2141,hdfc_top100
2017-05-29,44.4295,hdfc_top100
2017-05-26,44.8599,hdfc_top100
2017-05-25,44.2257,hdfc_top100
2017-05-24,43.3484,hdfc_top100
2017-05-23,44.0249,hdfc_top100
2017-05-22,44.866,hdfc_top100
2017-05-19,45.2431,hdfc_top100
2017-05-18,45.5892,hdfc_top100
2017-05-17,45.8048,hdfc_top100
2017-05-16,45.686,hdfc_top100
2017-05-15,45.6024,hdfc_top100
2017-05-12,45.1186,hdfc_top100
2017-05-11,45.5728,hdfc_top100
2017-05-10,45.8331,hdfc_top100
2017-05-09,45.4696,hdfc_top100
2017-05-08,45.2513,hdfc_top100
2017-05-05,44.9503,hdfc_top100
2017-05-04,45.0697,hdfc_top100
2017-05-03,44.8741,hdfc_top100
2017-05-02,44.8776,hdfc_top100
2017-04-28,44.9968,hdfc_top100
2017-04-27,44.964,hdfc_top100
2017-04-26,44.6934,hdfc_top100
2017-04-25,45.2974,hdfc_top100
2017-04-24,45.2712,hdfc_top100
2017-04-21,44.9958,hdfc_top100
2017-04-20,45.0012,hdfc_top100
2017-04-19,44.6032,hdfc_top100
2017-04-18,44.5612,hdfc_top100
2017-04-17,44.9619,hdfc_top100
2017-04-13,44.78,hdfc_top100
2017-04-12,44.8462,hdfc_top100
2017-04-11,45.0113,hdfc_top100
2017-04-10,44.7075,hdfc_top100
2017-04-07,44.3425,hdfc_top100
2017-04-06,44.6978,hdfc_top100
2017-04-05,44.5942,hdfc_top100
2017-04-03,43.2863,hdfc_top100
2017-03-31,42.7884,hdfc_top100
2017-03-30,42.691,hdfc_top100
2017-03-29,42.3573,hdfc_top100
2017-03-28,42.3497,hdfc_top100
2017-03-27,42.2659,hdfc_top100
2017-03-24,42.2284,hdfc_top100
2017-03-23,42.1719,hdfc_top100
2017-03-22,42.0026,hdfc_top100
2017-03-21,42.1456,hdfc_top100
2017-03-20,42.24,hdfc_top100
2017-03-17,41.9777,hdfc_top100
2017-03-16,41.8189,hdfc_top100
2017-03-15,41.3027,hdfc_top100
2017-03-14,41.304,hdfc_top100
2017-03-10,40.9816,hdfc_top100
2017-03-09,41.0732,hdfc_top100
2017-03-08,41.0006,hdfc_top100
2017-03-07,41.0703,hdfc_top100
2017-03-06,40.9656,hdfc_top100
2017-03-03,40.9417,hdfc_top100
2017-03-02,40.7713,hdfc_top100
2017-03-01,41.2422,hdfc_top100
2017-02-28,40.9008,hdfc_top100
2017-02-27,40.7685,hdfc_top100
2017-02-23,41.03,hdfc_top100
2017-02-22,40.9946,hdfc_top100
2017-02-21,41.2254,hdfc_top100
2017-02-20,41.1251,hdfc_top100
2017-02-17,40.8373,hdfc_top100
2017-02-16,40.8238,hdfc_top100
2017-02-15,40.3628,hdfc_top100
2017-02-14,41.0917,hdfc_top100
2017-02-13,41.2657,hdfc_top100
2017-02-10,41.2994,hdfc_top100
2017-02-09,40.9909,hdfc_top100
2017-02-08,40.9586,hdfc_top100
2017-02-07,40.9243,hdfc_top100
2017-02-06,40.7207,hdfc_top100
2017-02-03,40.3205,hdfc_top100
2017-02-02,39.6138,hdfc_top100
2017-02-01,39.5325,hdfc_top100
2017-01-31,39.1862,hdfc_top100
2017-01-30,39.3144,hdfc_top100
2017-01-27,39.5765,hdfc_top100
2017-01-25,39.3139,hdfc_top100
2017-01-24,39.1981,hdfc_top100
2017-01-23,38.7686,hdfc_top100
2017-01-20,38.6106,hdfc_top100
2017-01-19,38.9791,hdfc_top100
2017-01-18,38.8508,hdfc_top100
2017-01-17,38.5511,hdfc_top100
2017-01-16,38.3745,hdfc_top100
2017-01-13,38.1845,hdfc_top100
2017-01-12,38.1337,hdfc_top100
2017-01-11,38.2558,hdfc_top100
2017-01-10,38.0179,hdfc_top100
2017-01-09,37.8471,hdfc_top100
2017-01-06,37.6588,hdfc_top100
2017-01-05,37.6091,hdfc_top100
2017-01-04,37.3559,hdfc_top100
2017-01-03,37.2804,hdfc_top100
2017-01-02,36.945,hdfc_top100
2016-12-30,36.6631,hdfc_top100
2016-12-29,36.3282,hdfc_top100
2016-12-28,36.0955,hdfc_top100
2016-12-27,35.8987,hdfc_top100
2016-12-26,35.6034,hdfc_top100
2016-12-23,36.2255,hdfc_top100
2016-12-22,36.1526,hdfc_top100
2016-12-21,36.5384,hdfc_top100
2016-12-20,36.545,hdfc_top100
2016-12-19,36.945,hdfc_top100
2016-12-16,37.1271,hdfc_top100
2016-12-15,37.1506,hdfc_top100
2016-12-14,37.2921,hdfc_top100
2016-12-13,37.6478,hdfc_top100
2016-12-12,37.4765,hdfc_top100
2016-12-09,37.7144,hdfc_top100
2016-12-08,37.6893,hdfc_top100
2016-12-07,37.3837,hdfc_top100
2016-12-06,37.4778,hdfc_top100
2016-12-05,37.5993,hdfc_top100
2016-12-02,37.6241,hdfc_top100
2016-12-01,38.1715,hdfc_top100
2016-11-30,38.2132,hdfc_top100
2016-11-29,37.9466,hdfc_top100
2016-11-28,37.784,hdfc_top100
2016-11-25,37.3075,hdfc_top100
2016-11-24,36.8274,hdfc_top100
2016-11-23,36.6964,hdfc_top100
2016-11-22,36.3454,hdfc_top100
2016-11-21,36.0161,hdfc_top100
2016-11-18,37.4444,hdfc_top100
2016-11-17,37.079,hdfc_top100
2016-11-16,37.2673,hdfc_top100
2016-11-15,37.2816,hdfc_top100
2016-11-11,39.2286,hdfc_top100
2016-11-10,40.372,hdfc_top100
2016-11-09,39.7184,hdfc_top100
2016-11-08,40.2973,hdfc_top100
2016-11-07,40.3143,hdfc_top100
2016-11-04,39.8044,hdfc_top100
2016-11-03,40.5851,hdfc_top100
2016-11-02,41.034,hdfc_top100
2016-11-01,41.6575,hdfc_top100
2016-10-28,41.0564,hdfc_top100
2016-10-27,40.588,hdfc_top100
2016-10-26,40.5044,hdfc_top100
2016-10-25,40.6786,hdfc_top100
2016-10-24,40.4993,hdfc_top100
2016-10-21,40.0949,hdfc_top100
2016-10-20,40.2785,hdfc_top100
2016-10-19,40.2299,hdfc_top100
2016-10-18,40.0062,hdfc_top100
2016-10-17,39.6723,hdfc_top100
2016-10-14,39.9726,hdfc_top100
2016-10-13,39.7037,hdfc_top100
2016-10-10,40.4711,hdfc_top100
2016-10-07,40.2223,hdfc_top100
2016-10-06,39.8451,hdfc_top100
2016-10-05,39.9987,hdfc_top100
2016-10-04,39.6324,hdfc_top100
2016-10-03,39.4262,hdfc_top100
2016-09-30,38.6634,hdfc_top100
2016-09-29,37.6457,hdfc_top100
2016-09-28,38.8645,hdfc_top100
2016-09-27,38.6536,hdfc_top100
2016-09-26,38.5512,hdfc_top100
2016-09-23,38.6335,hdfc_top100
2016-09-22,38.4994,hdfc_top100
2016-09-21,37.8895,hdfc_top100
2016-09-20,37.8995,hdfc_top100
2016-09-19,37.7317,hdfc_top100
2016-09-16,37.5474,hdfc_top100
2016-09-15,37.5655,hdfc_top100
2016-09-14,37.4695,hdfc_top100
2016-09-12,37.1323,hdfc_top100
2016-09-09,37.8889,hdfc_top100
2016-09-08,38.0072,hdfc_top100
2016-09-07,37.7765,hdfc_top100
2016-09-06,37.9713,hdfc_top100
2016-09-02,37.7261,hdfc_top100
2016-09-01,37.547,hdfc_top100
2016-08-31,37.9673,hdfc_top100
2016-08-30,37.8232,hdfc_top100
2016-08-29,37.3338,hdfc_top100
2016-08-26,37.145,hdfc_top100
2016-08-25,37.1465,hdfc_top100
2016-08-24,37.0685,hdfc_top100
2016-08-23,36.8134,hdfc_top100
2016-08-22,36.7581,hdfc_top100
2016-08-19,36.761,hdfc_top100
2016-08-18,36.6979,hdfc_top100
2016-08-17,36.3047,hdfc_top100
2016-08-16,35.9908,hdfc_top100
2016-08-12,36.0147,hdfc_top100
2016-08-11,35.9288,hdfc_top100
2016-08-10,35.939,hdfc_top100
2016-08-09,36.3094,hdfc_top100
2016-08-08,36.5398,hdfc_top100
2016-08-05,36.4669,hdfc_top100
2016-08-04,36.1689,hdfc_top100
2016-08-03,35.9656,hdfc_top100
2016-08-02,36.3876,hdfc_top100
2016-08-01,36.5024,hdfc_top100
2016-07-29,36.8836,hdfc_top100
2016-07-28,36.7219,hdfc_top100
2016-07-27,36.4712,hdfc_top100
2016-07-26,36.7347,hdfc_top100
2016-07-25,36.9769,hdfc_top100
2016-07-22,36.6433,hdfc_top100
2016-07-21,36.5193,hdfc_top100
2016-07-20,36.5005,hdfc_top100
2016-07-19,36.1272,hdfc_top100
2016-07-18,36.3078,hdfc_top100
2016-07-15,36.3821,hdfc_top100
2016-07-14,36.3687,hdfc_top100
2016-07-13,35.8112,hdfc_top100
2016-07-12,35.7695,hdfc_top100
2016-07-11,35.8859,hdfc_top100
2016-07-08,35.747,hdfc_top100
2016-07-07,35.6973,hdfc_top100
2016-07-05,35.5532,hdfc_top100
2016-07-04,35.5248,hdfc_top100
2016-07-01,35.3909,hdfc_top100
2016-06-30,35.2551,hdfc_top100
2016-06-29,35.1004,hdfc_top100
2016-06-28,34.5703,hdfc_top100
2016-06-27,34.2331,hdfc_top100
2016-06-24,33.9007,hdfc_top100
2016-06-23,34.2001,hdfc_top100
2016-06-22,34.2584,hdfc_top100
2016-06-21,34.2368,hdfc_top100
2016-06-20,34.2823,hdfc_top100
2016-06-17,34.405,hdfc_top100
2016-06-16,34.26,hdfc_top100
2016-06-15,34.3849,hdfc_top100
2016-06-14,34.0845,hdfc_top100
2016-06-13,34.1257,hdfc_top100
2016-06-10,34.345,hdfc_top100
2016-06-09,34.2408,hdfc_top100
2016-06-08,34.5334,hdfc_top100
2016-06-07,34.4547,hdfc_top100
2016-06-06,34.0559,hdfc_top100
2016-06-03,33.8652,hdfc_top100
2016-06-02,33.9535,hdfc_top100
2016-06-01,33.793,hdfc_top100
2016-05-31,33.7683,hdfc_top100
2016-05-30,33.8423,hdfc_top100
2016-05-27,33.7237,hdfc_top100
2016-05-26,33.5544,hdfc_top100
2016-05-25,33.6057,hdfc_top100
2016-05-24,33.416,hdfc_top100
2016-05-23,33.6583,hdfc_top100
2016-05-20,33.6161,hdfc_top100
2016-05-19,33.8355,hdfc_top100
2016-05-18,34.3194,hdfc_top100
2016-05-17,34.2682,hdfc_top100
2016-05-16,34.214,hdfc_top100
2016-05-13,34.2819,hdfc_top100
2016-05-12,34.334,hdfc_top100
2016-05-11,33.9502,hdfc_top100
2016-05-10,33.8602,hdfc_top100
2016-05-09,34.0572,hdfc_top100
2016-05-06,33.8769,hdfc_top100
2016-05-05,33.9939,hdfc_top100
2016-05-04,33.7226,hdfc_top100
2016-05-03,34.0306,hdfc_top100
2016-05-02,34.0495,hdfc_top100
2016-04-29,34.1348,hdfc_top100
2016-04-28,34.1016,hdfc_top100
2016-04-27,34.3437,hdfc_top100
2016-04-26,34.1453,hdfc_top100
2016-04-25,33.9629,hdfc_top100
2016-04-22,34.001,hdfc_top100
2016-04-21,34.1677,hdfc_top100
2016-04-20,34.2725,hdfc_top100
2016-04-18,34.1922,hdfc_top100
2016-04-13,33.7693,hdfc_top100
2016-04-12,33.512,hdfc_top100
2016-04-11,33.3875,hdfc_top100
2016-04-08,33.065,hdfc_top100
2016-04-07,33.0194,hdfc_top100
2016-04-06,33.2317,hdfc_top100
2016-04-05,32.9295,hdfc_top100
2016-04-04,33.112,hdfc_top100
2016-04-01,32.6099,hdfc_top100
2016-03-31,32.3614,hdfc_top100
2016-03-30,32.3132,hdfc_top100
2016-03-29,31.9445,hdfc_top100
2016-03-28,31.8759,hdfc_top100
2016-03-23,32.2192,hdfc_top100
2016-03-22,31.8682,hdfc_top100
2016-03-21,31.9899,hdfc_top100
2016-03-18,31.5504,hdfc_top100
2016-03-17,31.3309,hdfc_top100
2016-03-16,31.2445,hdfc_top100
2016-03-15,31.1758,hdfc_top100
2016-03-14,31.3364,hdfc_top100
2016-03-11,31.0885,hdfc_top100
2016-03-10,31.0779,hdfc_top100
2016-03-09,31.0997,hdfc_top100
2016-03-08,31.0575,hdfc_top100
2016-03-04,31.114,hdfc_top100
2016-03-03,31.1097,hdfc_top100
2016-03-02,30.9607,hdfc_top100
2016-03-01,30.5287,hdfc_top100
2016-02-29,29.7635,hdfc_top100
2016-02-26,29.9406,hdfc_top100
2016-02-25,30.24,hdfc_top100
2016-02-24,30.265,hdfc_top100
2016-02-23,30.6836,hdfc_top100
2016-02-22,31.016,hdfc_top100
2016-02-19,31.1002,hdfc_top100
2016-02-18,31.0755,hdfc_top100
2016-02-17,30.7027,hdfc_top100
2016-02-16,30.4216,hdfc_top100
2016-02-15,31.0517,hdfc_top100
2016-02-12,30.1716,hdfc_top100
2016-02-11,30.4832,hdfc_top100
2016-02-10,31.6489,hdfc_top100
2016-02-09,32.0579,hdfc_top100
2016-02-08,32.1441,hdfc_top100
2016-02-05,32.187,hdfc_top100
2016-02-04,32.0113,hdfc_top100
2016-02-03,32.1505,hdfc_top100
2016-02-02,32.579,hdfc_top100
2016-02-01,32.6827,hdfc_top100
2016-01-29,32.5066,hdfc_top100
2016-01-28,32.3849,hdfc_top100
2016-01-27,32.3767,hdfc_top100
2016-01-25,32.3429,hdfc_top100
2016-01-22,32.1795,hdfc_top100
2016-01-21,31.4128,hdfc_top100
2016-01-20,31.3699,hdfc_top100
2016-01-19,31.9417,hdfc_top100
2016-01-18,31.6702,hdfc_top100
2016-01-15,32.8379,hdfc_top100
2016-01-14,33.6342,hdfc_top100
2016-01-13,33.9198,hdfc_top100
2016-01-12,34.5143,hdfc_top100
2016-01-11,35.1181,hdfc_top100
2016-01-08,35.1548,hdfc_top100
2016-01-07,34.6033,hdfc_top100
2016-01-06,35.5722,hdfc_top100
2016-01-05,35.9544,hdfc_top100
2016-01-04,35.7424,hdfc_top100
2016-01-01,36.0391,hdfc_top100
2015-12-31,35.7192,hdfc_top100
2015-12-30,35.4189,hdfc_top100
2015-12-29,35.1231,hdfc_top100
2015-12-28,34.9675,hdfc_top100
2015-12-24,34.6924,hdfc_top100
2015-12-23,34.4628,hdfc_top100
2015-12-22,34.2195,hdfc_top100
2015-12-21,34.167,hdfc_top100
2015-12-18,33.9321,hdfc_top100
2015-12-17,34.0463,hdfc_top100
2015-12-16,33.3913,hdfc_top100
2015-12-15,33.3962,hdfc_top100
2015-12-14,33.0979,hdfc_top100
2015-12-11,33.0682,hdfc_top100
2015-12-10,33.2474,hdfc_top100
2015-12-09,32.871,hdfc_top100
2015-12-08,33.2944,hdfc_top100
2015-12-07,33.6603,hdfc_top100
2015-12-04,33.694,hdfc_top100
2015-12-03,33.7975,hdfc_top100
2015-12-02,33.8327,hdfc_top100
2015-12-01,33.5186,hdfc_top100
2015-11-30,33.5197,hdfc_top100
2015-11-27,33.5568,hdfc_top100
2015-11-26,33.4275,hdfc_top100
2015-11-24,33.4978,hdfc_top100
2015-11-23,33.6307,hdfc_top100
2015-11-20,33.4842,hdfc_top100
2015-11-19,33.2648,hdfc_top100
2015-11-18,32.7862,hdfc_top100
2015-11-17,33.142,hdfc_top100
2015-11-16,32.8399,hdfc_top100
2015-11-13,32.8994,hdfc_top100
2015-11-10,32.8783,hdfc_top100
2015-11-09,33.0826,hdfc_top100
2015-11-06,32.6837,hdfc_top100
2015-11-05,32.938,hdfc_top100
2015-11-04,33.2605,hdfc_top100
2015-11-03,33.328,hdfc_top100
2015-11-02,32.949,hdfc_top100
2015-10-30,33.1814,hdfc_top100
2015-10-29,33.2373,hdfc_top100
2015-10-28,33.3372,hdfc_top100
2015-10-27,33.4053,hdfc_top100
2015-10-26,33.2641,hdfc_top100
2015-10-23,33.5274,hdfc_top100
2015-10-21,33.6267,hdfc_top100
2015-10-20,33.5605,hdfc_top100
2015-10-19,33.3166,hdfc_top100
2015-10-16,33.1072,hdfc_top100
2015-10-15,33.0744,hdfc_top100
2015-10-14,32.851,hdfc_top100
2015-10-13,32.8369,hdfc_top100
2015-10-12,32.7741,hdfc_top100
2015-10-09,32.8509,hdfc_top100
2015-10-08,32.787,hdfc_top100
2015-10-07,32.6458,hdfc_top100
2015-10-06,32.4971,hdfc_top100
2015-10-05,32.4891,hdfc_top100
2015-10-01,32.0303,hdfc_top100
2015-09-30,31.9449,hdfc_top100
2015-09-29,31.5525,hdfc_top100
2015-09-28,31.6127,hdfc_top100
2015-09-24,31.6004,hdfc_top100
2015-09-23,31.6956,hdfc_top100
2015-09-22,31.6014,hdfc_top100
2015-09-21,31.8795,hdfc_top100
2015-09-18,31.7435,hdfc_top100
2015-09-16,31.4122,hdfc_top100
2015-09-15,31.5174,hdfc_top100
2015-09-14,31.638,hdfc_top100
2015-09-11,31.3747,hdfc_top100
2015-09-10,31.2459,hdfc_top100
2015-09-09,31.1685,hdfc_top100
2015-09-08,30.8088,hdfc_top100
2015-09-07,30.8824,hdfc_top100
2015-09-04,31.2791,hdfc_top100
2015-09-03,31.5572,hdfc_top100
2015-09-02,31.3571,hdfc_top100
2015-09-01,31.4028,hdfc_top100
2015-08-31,31.9757,hdfc_top100
2015-08-28,32.0768,hdfc_top100
2015-08-27,32.1993,hdfc_top100
2015-08-26,31.2456,hdfc_top100
2015-08-25,31.1813,hdfc_top100
2015-08-24,31.2426,hdfc_top100
2015-08-21,33.1377,hdfc_top100
2015-08-20,33.2221,hdfc_top100
2015-08-19,33.8543,hdfc_top100
2015-08-18,33.6383,hdfc_top100
2015-08-17,33.3263,hdfc_top100
2015-08-14,33.1547,hdfc_top100
2015-08-13,32.6931,hdfc_top100
2015-08-12,32.7984,hdfc_top100
2015-08-11,33.3291,hdfc_top100
2015-08-10,33.7575,hdfc_top100
2015-08-07,33.7308,hdfc_top100
2015-08-06,33.7245,hdfc_top100
2015-08-05,34.118,hdfc_top100
2015-08-04,34.1317,hdfc_top100
2015-08-03,33.884,hdfc_top100
2015-07-31,33.6861,hdfc_top100
2015-07-30,33.2022,hdfc_top100
2015-07-29,33.1365,hdfc_top100
2015-07-28,33.0327,hdfc_top100
2015-07-27,33.1625,hdfc_top100
2015-07-24,33.1976,hdfc_top100
2015-07-23,33.5174,hdfc_top100
2015-07-22,33.1968,hdfc_top100
2015-07-21,33.0264,hdfc_top100
2015-07-20,33.5203,hdfc_top100
2015-07-17,33.3724,hdfc_top100
2015-07-16,33.357,hdfc_top100
2015-07-15,33.0081,hdfc_top100
2015-07-14,32.7785,hdfc_top100
2015-07-13,32.901,hdfc_top100
2015-07-10,32.8467,hdfc_top100
2015-07-09,32.7345,hdfc_top100
2015-07-08,32.7031,hdfc_top100
2015-07-07,32.8775,hdfc_top100
2015-07-06,32.4565,hdfc_top100
2015-07-03,31.7734,hdfc_top100
2015-07-02,31.5581,hdfc_top100
2015-07-01,31.4503,hdfc_top100
2015-06-30,31.1456,hdfc_top100
2015-06-29,30.6479,hdfc_top100
2015-06-26,31.0294,hdfc_top100
2015-06-25,31.0607,hdfc_top100
2015-06-24,30.9998,hdfc_top100
2015-06-23,30.8937,hdfc_top100
2015-06-22,30.7491,hdfc_top100
2015-06-19,30.5701,hdfc_top100
2015-06-18,30.4689,hdfc_top100
2015-06-17,30.0202,hdfc_top100
2015-06-16,29.497,hdfc_top100
2015-06-15,29.5041,hdfc_top100
2015-06-12,29.2746,hdfc_top100
2015-06-11,29.1922,hdfc_top100
2015-06-10,29.6228,hdfc_top100
2015-06-09,29.2003,hdfc_top100
2015-06-08,29.3979,hdfc_top100
2015-06-05,29.7033,hdfc_top100
2015-06-04,29.4409,hdfc_top100
2015-06-03,29.5373,hdfc_top100
2015-06-02,29.8851,hdfc_top100
2015-06-01,30.3029,hdfc_top100
2015-05-29,30.5261,hdfc_top100
2015-05-28,30.3566,hdfc_top100
2015-05-27,30.3406,hdfc_top100
2015-05-26,30.5493,hdfc_top100
2015-05-25,30.681,hdfc_top100
2015-05-22,30.8954,hdfc_top100
2015-05-21,30.8716,hdfc_top100
2015-05-20,30.9295,hdfc_top100
2015-05-19,31.0088,hdfc_top100
2015-05-18,31.1586,hdfc_top100
2015-05-15,31.0965,hdfc_top100
2015-05-14,30.5463,hdfc_top100
2015-05-13,30.4511,hdfc_top100
2015-05-12,30.1822,hdfc_top100
2015-05-11,30.6452,hdfc_top100
2015-05-08,29.884,hdfc_top100
2015-05-07,29.4468,hdfc_top100
2015-05-06,30.0312,hdfc_top100
2015-05-05,30.6932,hdfc_top100
2015-05-04,30.6068,hdfc_top100
2015-04-30,30.1525,hdfc_top100
2015-04-29,30.1521,hdfc_top100
2015-04-28,29.7529,hdfc_top100
2015-04-27,29.674,hdfc_top100
2015-04-24,30.2416,hdfc_top100
2015-04-23,30.9662,hdfc_top100
2015-04-22,31.0468,hdfc_top100
2015-04-21,31.0267,hdfc_top100
2015-04-20,31.0796,hdfc_top100
2015-04-17,31.798,hdfc_top100
2015-04-16,31.9168,hdfc_top100
2015-04-15,31.8726,hdfc_top100
2015-04-13,31.7364,hdfc_top100
2015-04-10,31.3292,hdfc_top100
2015-04-09,31.2433,hdfc_top100
2015-04-08,30.8106,hdfc_top100
2015-04-07,30.2953,hdfc_top100
2015-04-06,30.1584,hdfc_top100
2015-04-01,29.7949,hdfc_top100
2015-03-31,29.3347,hdfc_top100
2015-03-30,29.2627,hdfc_top100
2015-03-27,28.5473,hdfc_top100
2015-03-26,28.4267,hdfc_top100
2015-03-25,28.8366,hdfc_top100
2015-03-24,28.8295,hdfc_top100
2015-03-23,28.911,hdfc_top100
2015-03-20,29.392,hdfc_top100
2015-03-19,29.8192,hdfc_top100
2015-03-18,30.0143,hdfc_top100
2015-03-17,30.0579,hdfc_top100
2015-03-16,30.179,hdfc_top100
2015-03-13,30.2599,hdfc_top100
2015-03-12,30.686,hdfc_top100
2015-03-11,30.4375,hdfc_top100
2015-03-10,30.3725,hdfc_top100
2015-03-09,30.4317,hdfc_top100
2015-03-05,30.6428,hdfc_top100
2015-03-04,30.6349,hdfc_top100
2015-03-03,30.8045,hdfc_top100
2015-03-02,30.5216,hdfc_top100
2015-02-27,30.2262,hdfc_top100
2015-02-26,29.9507,hdfc_top100
2015-02-25,30.1089,hdfc_top100
2015-02-24,30.2175,hdfc_top100
2015-02-23,30.3222,hdfc_top100
2015-02-20,30.6869,hdfc_top100
2015-02-19,30.6178,hdfc_top100
2015-02-18,30.6868,hdfc_top100
2015-02-16,30.5344,hdfc_top100
2015-02-13,30.2844,hdfc_top100
2015-02-12,30.2611,hdfc_top100
2015-02-11,29.9083,hdfc_top100
2015-02-10,29.5782,hdfc_top100
2015-02-09,29.397,hdfc_top100
2015-02-06,29.7377,hdfc_top100
2015-02-05,30.2614,hdfc_top100
2015-02-04,30.6731,hdfc_top100
2015-02-03,30.7745,hdfc_top100
2015-02-02,30.6145,hdfc_top100
2015-01-30,30.5936,hdfc_top100
2015-01-29,30.7497,hdfc_top100
2015-01-28,30.7898,hdfc_top100
2015-01-27,30.5724,hdfc_top100
2015-01-23,30.4927,hdfc_top100
2015-01-22,30.7123,hdfc_top100
2015-01-21,30.714,hdfc_top100
2015-01-20,30.8184,hdfc_top100
2015-01-19,30.5172,hdfc_top100
2015-01-16,29.7293,hdfc_top100
2015-01-15,29.6991,hdfc_top100
2015-01-14,29.5028,hdfc_top100
2015-01-13,29.4388,hdfc_top100
2015-01-12,29.4713,hdfc_top100
2015-01-09,29.2834,hdfc_top100
2015-01-08,29.2325,hdfc_top100
2015-01-07,28.7345,hdfc_top100
2015-01-06,28.566,hdfc_top100
2015-01-05,29.3031,hdfc_top100
2015-01-02,29.4253,hdfc_top100
2015-01-01,29.3671,hdfc_top100
2014-12-31,29.2084,hdfc_top100
2014-12-30,28.5876,hdfc_top100
2014-12-29,28.1163,hdfc_top100
2014-12-26,27.5386,hdfc_top100
2014-12-24,27.4695,hdfc_top100
2014-12-23,27.4262,hdfc_top100
2014-12-22,27.439,hdfc_top100
2014-12-19,27.1556,hdfc_top100
2014-12-18,27.0853,hdfc_top100
2014-12-17,26.2936,hdfc_top100
2014-12-16,26.791,hdfc_top100
2014-12-15,27.3527,hdfc_top100
2014-12-12,27.4434,hdfc_top100
2014-12-11,27.739,hdfc_top100
2014-12-10,27.2901,hdfc_top100
2014-12-09,27.0266,hdfc_top100
2014-12-08,27.5153,hdfc_top100
2014-12-05,27.3359,hdfc_top100
2014-12-04,27.342,hdfc_top100
2014-12-03,27.0697,hdfc_top100
2014-12-02,26.5928,hdfc_top100
2014-12-01,26.2093,hdfc_top100
2014-11-28,26.2402,hdfc_top100
2014-11-27,26.0216,hdfc_top100
2014-11-26,25.6618,hdfc_top100
2014-11-25,25.3911,hdfc_top100
2014-11-24,25.896,hdfc_top100
2014-11-21,25.9891,hdfc_top100
2014-11-20,25.8923,hdfc_top100
2014-11-19,26.0641,hdfc_top100
2014-11-18,26.0028,hdfc_top100
2014-11-17,25.74,hdfc_top100
2014-11-14,25.4694,hdfc_top100
2014-11-13,25.3732,hdfc_top100
2014-11-12,25.2255,hdfc_top100
2014-11-11,24.92,hdfc_top100
2014-11-10,24.7095,hdfc_top100
2014-11-07,24.567,hdfc_top100
2014-11-05,24.6593,hdfc_top100
2014-11-03,24.5647,hdfc_top100
2014-10-31,24.3031,hdfc_top100
2014-10-30,24.2267,hdfc_top100
2014-10-29,24.2092,hdfc_top100
2014-10-28,24.0775,hdfc_top100
2014-10-27,23.9115,hdfc_top100
2014-10-22,23.8185,hdfc_top100
2014-10-21,23.54,hdfc_top100
2014-10-20,23.3913,hdfc_top100
2014-10-17,23.3519,hdfc_top100
2014-10-16,23.2763,hdfc_top100
2014-10-14,23.7147,hdfc_top100
2014-10-13,23.8232,hdfc_top100
2014-10-10,23.7407,hdfc_top100
2014-10-09,24.0814,hdfc_top100
2014-10-08,24.0609,hdfc_top100
2014-10-07,23.9234,hdfc_top100
2014-10-01,24.1597,hdfc_top100
2014-09-30,24.2982,hdfc_top100
2014-09-29,23.9932,hdfc_top100
2014-09-26,23.6912,hdfc_top100
2014-09-25,23.6113,hdfc_top100
2014-09-24,24.1531,hdfc_top100
2014-09-23,24.5235,hdfc_top100
2014-09-22,24.9688,hdfc_top100
2014-09-19,24.6537,hdfc_top100
2014-09-18,24.5974,hdfc_top100
2014-09-17,24.2051,hdfc_top100
2014-09-16,24.0716,hdfc_top100
2014-09-15,24.7489,hdfc_top100
2014-09-12,24.6248,hdfc_top100
2014-09-11,24.41,hdfc_top100
2014-09-10,23.8862,hdfc_top100
2014-09-09,23.6853,hdfc_top100
2014-09-08,23.31,hdfc_top100
2014-09-05,22.9624,hdfc_top100
2014-09-04,22.8661,hdfc_top100
2014-09-03,22.842,hdfc_top100
2014-09-02,22.6476,hdfc_top100
2014-09-01,22.5292,hdfc_top100
2014-08-28,22.1709,hdfc_top100
2014-08-27,22.0752,hdfc_top100
2014-08-26,21.6681,hdfc_top100
2014-08-25,21.7299,hdfc_top100
2014-08-22,21.898,hdfc_top100
2014-08-21,21.8125,hdfc_top100
2014-08-20,21.5099,hdfc_top100
2014-08-19,21.1964,hdfc_top100
2014-08-18,20.9437,hdfc_top100
2014-08-14,20.6268,hdfc_top100
2014-08-13,20.4227,hdfc_top100
2014-08-12,20.9523,hdfc_top100
2014-08-11,21.0294,hdfc_top100
2014-08-08,20.9051,hdfc_top100
2014-08-07,21.1366,hdfc_top100
2014-08-06,21.2068,hdfc_top100
2014-08-05,21.1792,hdfc_top100
2014-08-04,21.1423,hdfc_top100
2014-08-01,20.8274,hdfc_top100
2014-07-31,21.0652,hdfc_top100
2014-07-30,21.0491,hdfc_top100
2014-07-28,21.1246,hdfc_top100
2014-07-25,21.1489,hdfc_top100
2014-07-24,21.3216,hdfc_top100
2014-07-23,21.24,hdfc_top100
2014-07-22,21.363,hdfc_top100
2014-07-21,21.28,hdfc_top100
2014-07-18,20.8316,hdfc_top100
2014-07-17,20.8995,hdfc_top100
2014-07-16,20.4248,hdfc_top100
2014-07-15,19.9854,hdfc_top100
2014-07-14,19.7798,hdfc_top100
2014-07-11,19.8392,hdfc_top100
2014-07-10,20.1881,hdfc_top100
2014-07-09,20.1567,hdfc_top100
2014-07-08,20.4515,hdfc_top100
2014-07-07,20.9874,hdfc_top100
2014-07-04,20.7887,hdfc_top100
2014-07-03,20.539,hdfc_top100
2014-07-02,20.3994,hdfc_top100
2014-07-01,20.2237,hdfc_top100
2014-06-30,20.0705,hdfc_top100
2014-06-27,19.669,hdfc_top100
2014-06-26,19.5189,hdfc_top100
2014-06-25,19.3056,hdfc_top100
2014-06-24,19.1991,hdfc_top100
2014-06-23,19.1147,hdfc_top100
2014-06-20,19.1702,hdfc_top100
2014-06-19,19.1541,hdfc_top100
2014-06-18,19.2167,hdfc_top100
2014-06-17,19.0015,hdfc_top100
2014-06-16,18.7174,hdfc_top100
2014-06-13,18.7545,hdfc_top100
2014-06-12,18.9265,hdfc_top100
2014-06-11,18.7536,hdfc_top100
2014-06-10,18.9611,hdfc_top100
2014-06-09,18.8095,hdfc_top100
2014-06-06,18.5395,hdfc_top100
2014-06-05,18.2638,hdfc_top100
2014-06-04,18.0406,hdfc_top100
2014-06-03,17.7281,hdfc_top100
2014-06-02,17.7284,hdfc_top100
2014-05-30,17.5999,hdfc_top100
2014-05-29,17.6411,hdfc_top100
2014-05-28,17.7014,hdfc_top100
2014-05-27,17.4244,hdfc_top100
2014-05-26,17.2722,hdfc_top100
2014-05-23,17.5799,hdfc_top100
2014-05-22,17.6336,hdfc_top100
2014-05-21,17.3618,hdfc_top100
2014-05-20,17.0756,hdfc_top100
2014-05-19,16.6375,hdfc_top100
2014-05-16,16.3354,hdfc_top100
2014-05-15,16.2742,hdfc_top100
2014-05-14,16.3868,hdfc_top100
2014-05-13,16.318,hdfc_top100
2014-05-12,16.236,hdfc_top100
2014-05-09,16.2665,hdfc_top100
2014-05-08,16.2601,hdfc_top100
2014-05-07,16.2031,hdfc_top100
2014-05-06,16.2026,hdfc_top100
2014-05-05,16.1466,hdfc_top100
2014-05-02,16.1784,hdfc_top100
2014-04-30,16.194,hdfc_top100
2014-04-29,16.4239,hdfc_top100
2014-04-28,16.3857,hdfc_top100
2014-04-25,16.2714,hdfc_top100
2014-04-23,16.2362,hdfc_top100
2014-04-22,16.1917,hdfc_top100
2014-04-21,16.061,hdfc_top100
2014-04-17,15.9681,hdfc_top100
2014-04-16,15.8341,hdfc_top100
2014-04-15,15.959,hdfc_top100
2014-04-11,15.8805,hdfc_top100
2014-04-10,15.7832,hdfc_top100
2014-04-09,15.7721,hdfc_top100
2014-04-07,15.7238,hdfc_top100
2014-04-04,15.6554,hdfc_top100
2014-04-03,15.5016,hdfc_top100
2014-04-02,15.5261,hdfc_top100
2014-04-01,15.3236,hdfc_top100
2014-03-31,15.2761,hdfc_top100
2014-03-28,15.1698,hdfc_top100
2014-03-27,15.016,hdfc_top100
2014-03-26,15.0172,hdfc_top100
2014-03-25,15.017,hdfc_top100
2014-03-24,14.9833,hdfc_top100
2014-03-21,14.9389,hdfc_top100
2014-03-20,14.8045,hdfc_top100
2014-03-19,14.7118,hdfc_top100
2014-03-18,14.7961,hdfc_top100
2014-03-14,14.6527,hdfc_top100
2014-03-13,14.7121,hdfc_top100
2014-03-12,14.7175,hdfc_top100
2014-03-11,14.6449,hdfc_top100
2014-03-10,14.5576,hdfc_top100
2014-03-07,14.5275,hdfc_top100
2014-03-06,14.6678,hdfc_top100
2014-03-05,14.5448,hdfc_top100
2014-03-04,14.4166,hdfc_top100
2014-03-03,14.2753,hdfc_top100
2014-02-28,14.2102,hdfc_top100
2014-02-26,14.1733,hdfc_top100
2014-02-25,14.2704,hdfc_top100
2014-02-24,14.1905,hdfc_top100
2014-02-21,14.037,hdfc_top100
2014-02-20,13.8913,hdfc_top100
2014-02-19,13.801,hdfc_top100
2014-02-18,13.6801,hdfc_top100
2014-02-17,13.6423,hdfc_top100
2014-02-14,13.5948,hdfc_top100
2014-02-13,13.678,hdfc_top100
2014-02-12,13.6874,hdfc_top100
2014-02-11,13.6983,hdfc_top100
2014-02-10,13.7402,hdfc_top100
2014-02-07,13.5552,hdfc_top100
2014-02-06,13.5883,hdfc_top100
2014-02-05,13.5431,hdfc_top100
2014-02-04,13.4717,hdfc_top100
2014-02-03,13.4995,hdfc_top100
2014-01-31,13.6059,hdfc_top100
2014-01-30,13.4661,hdfc_top100
2014-01-29,13.4977,hdfc_top100
2014-01-28,13.5678,hdfc_top100
2014-01-27,13.6829,hdfc_top100
2014-01-24,13.8688,hdfc_top100
2014-01-23,13.9537,hdfc_top100
2014-01-22,13.9302,hdfc_top100
2014-01-21,13.8659,hdfc_top100
2014-01-20,13.8144,hdfc_top100
2014-01-17,13.7841,hdfc_top100
2014-01-16,14.0042,hdfc_top100
2014-01-15,14.0209,hdfc_top100
2014-01-14,13.8249,hdfc_top100
2014-01-13,13.7909,hdfc_top100
2014-01-10,13.8143,hdfc_top100
2014-01-09,13.8644,hdfc_top100
2014-01-08,14.0081,hdfc_top100
2014-01-07,13.9214,hdfc_top100
2014-01-06,13.8568,hdfc_top100
2014-01-03,13.8494,hdfc_top100
2014-01-02,13.7553,hdfc_top100
2014-01-01,13.7418,hdfc_top100
2013-12-31,13.7277,hdfc_top100
2013-12-30,13.5862,hdfc_top100
2013-12-27,13.5024,hdfc_top100
2013-12-26,13.4811,hdfc_top100
2013-12-24,13.2683,hdfc_top100
2013-12-23,13.1886,hdfc_top100
2013-12-20,13.1776,hdfc_top100
2013-12-19,13.1392,hdfc_top100
2013-12-18,13.0672,hdfc_top100
2013-12-17,12.9569,hdfc_top100
2013-12-16,13.0345,hdfc_top100
2013-12-13,12.9891,hdfc_top100
2013-12-12,13.0021,hdfc_top100
2013-12-11,13.0129,hdfc_top100
2013-12-10,13.0325,hdfc_top100
2013-12-09,13.0282,hdfc_top100
2013-12-06,13.0439,hdfc_top100
2013-12-05,13.0319,hdfc_top100
2013-12-04,12.9799,hdfc_top100
2013-12-03,13.0048,hdfc_top100
2013-12-02,13.0012,hdfc_top100
2013-11-29,12.9509,hdfc_top100
2013-11-28,12.8773,hdfc_top100
2013-11-27,12.8389,hdfc_top100
2013-11-26,12.8591,hdfc_top100
2013-11-25,12.8548,hdfc_top100
2013-11-22,12.7775,hdfc_top100
2013-11-21,12.7957,hdfc_top100
2013-11-20,12.9549,hdfc_top100
2013-11-19,13.1068,hdfc_top100
2013-11-18,13.0894,hdfc_top100
2026-07-24,108.0484,icici_bluechip
2026-07-23,108.5863,icici_bluechip
2026-07-22,109.2279,icici_bluechip
2026-07-21,110.1859,icici_bluechip
2026-07-20,109.8895,icici_bluechip
2026-07-17,109.8582,icici_bluechip
2026-07-16,109.2867,icici_bluechip
2026-07-15,109.6775,icici_bluechip
2026-07-14,109.0188,icici_bluechip
2026-07-13,109.605,icici_bluechip
2026-07-10,109.7969,icici_bluechip
2026-07-09,108.7362,icici_bluechip
2026-07-08,107.9598,icici_bluechip
2026-07-07,110.0997,icici_bluechip
2026-07-06,110.2532,icici_bluechip
2026-07-03,109.3672,icici_bluechip
2026-07-02,109.4883,icici_bluechip
2026-07-01,108.6895,icici_bluechip
2026-06-30,108.0088,icici_bluechip
2026-06-29,107.7804,icici_bluechip
2026-06-25,108.3758,icici_bluechip
2026-06-24,108.2944,icici_bluechip
2026-06-23,107.5421,icici_bluechip
2026-06-22,108.4681,icici_bluechip
2026-06-19,107.9636,icici_bluechip
2026-06-18,108.0081,icici_bluechip
2026-06-17,107.5348,icici_bluechip
2026-06-16,107.014,icici_bluechip
2026-06-15,106.5977,icici_bluechip
2026-06-12,105.2124,icici_bluechip
2026-06-11,102.8808,icici_bluechip
2026-06-10,103.1873,icici_bluechip
2026-06-09,103.5259,icici_bluechip
2026-06-08,102.4845,icici_bluechip
2026-06-05,103.8102,icici_bluechip
2026-06-04,103.6421,icici_bluechip
2026-06-03,103.4809,icici_bluechip
2026-06-02,103.5959,icici_bluechip
2026-06-01,103.0948,icici_bluechip
2026-05-31,104.3083,icici_bluechip
2026-05-29,104.3129,icici_bluechip
2026-05-27,105.9296,icici_bluechip
2026-05-26,105.5115,icici_bluechip
2026-05-25,105.9217,icici_bluechip
2026-05-22,104.7708,icici_bluechip
2026-05-21,104.4915,icici_bluechip
2026-05-20,104.6046,icici_bluechip
2026-05-19,104.2767,icici_bluechip
2026-05-18,104.1556,icici_bluechip
2026-05-15,104.2918,icici_bluechip
2026-05-14,104.5531,icici_bluechip
2026-05-13,103.396,icici_bluechip
2026-05-12,103.3384,icici_bluechip
2026-05-11,105.6066,icici_bluechip
2026-05-08,107.15,icici_bluechip
2026-05-07,107.6729,icici_bluechip
2026-05-06,107.3354,icici_bluechip
2026-05-05,105.8387,icici_bluechip
2026-05-04,105.7449,icici_bluechip
2026-04-30,105.2845,icici_bluechip
2026-04-29,106.0698,icici_bluechip
2026-04-28,105.6212,icici_bluechip
2026-04-27,106.0528,icici_bluechip
2026-04-24,105.0928,icici_bluechip
2026-04-23,106.1301,icici_bluechip
2026-04-22,106.8299,icici_bluechip
2026-04-21,107.2434,icici_bluechip
2026-04-20,106.2063,icici_bluechip
2026-04-17,105.9826,icici_bluechip
2026-04-16,105.117,icici_bluechip
2026-04-15,104.9259,icici_bluechip
2026-04-13,103.2303,icici_bluechip
2026-04-10,104.1348,icici_bluechip
2026-04-09,102.5494,icici_bluechip
2026-04-08,103.2833,icici_bluechip
2026-04-07,99.3876,icici_bluechip
2026-04-06,98.8014,icici_bluechip
2026-04-02,97.52,icici_bluechip
2026-04-01,97.7184,icici_bluechip
2026-03-31,96.2753,icici_bluechip
2026-03-30,96.2768,icici_bluechip
2026-03-27,98.6739,icici_bluechip
2026-03-25,100.7319,icici_bluechip
2026-03-24,98.6597,icici_bluechip
2026-03-23,96.713,icici_bluechip
2026-03-20,99.6142,icici_bluechip
2026-03-19,99.1597,icici_bluechip
2026-03-18,102.4592,icici_bluechip
2026-03-17,101.2496,icici_bluechip
2026-03-16,100.396,icici_bluechip
2026-03-13,99.7111,icici_bluechip
2026-03-12,101.9718,icici_bluechip
2026-03-11,102.9776,icici_bluechip
2026-03-10,104.7593,icici_bluechip
2026-03-09,103.3882,icici_bluechip
2026-03-06,105.405,icici_bluechip
2026-03-05,106.7297,icici_bluechip
2026-03-04,105.4928,icici_bluechip
2026-03-02,107.5231,icici_bluechip
2026-02-28,108.9325,icici_bluechip
2026-02-27,108.9345,icici_bluechip
2026-02-26,110.2945,icici_bluechip
2026-02-25,109.9293,icici_bluechip
2026-02-24,109.3681,icici_bluechip
2026-02-23,110.291,icici_bluechip
2026-02-20,109.5273,icici_bluechip
2026-02-19,109.0091,icici_bluechip
2026-02-18,110.6303,icici_bluechip
2026-02-17,110.0806,icici_bluechip
2026-02-16,109.8444,icici_bluechip
2026-02-13,109.3409,icici_bluechip
2026-02-12,110.5365,icici_bluechip
2026-02-11,110.8392,icici_bluechip
2026-02-10,110.6519,icici_bluechip
2026-02-09,110.3845,icici_bluechip
2026-02-06,109.1756,icici_bluechip
2026-02-05,109.0137,icici_bluechip
2026-02-04,109.288,icici_bluechip
2026-02-03,109.0955,icici_bluechip
2026-02-02,106.1596,icici_bluechip
2026-01-31,107.1897,icici_bluechip
2026-01-30,107.1918,icici_bluechip
2026-01-29,107.1759,icici_bluechip
2026-01-28,107.0296,icici_bluechip
2026-01-27,105.945,icici_bluechip
2026-01-23,105.7171,icici_bluechip
2026-01-22,106.8714,icici_bluechip
2026-01-21,106.0731,icici_bluechip
2026-01-20,106.5056,icici_bluechip
2026-01-19,108.3617,icici_bluechip
2026-01-16,108.6446,icici_bluechip
2026-01-14,108.5048,icici_bluechip
2026-01-13,108.8425,icici_bluechip
2026-01-12,108.8931,icici_bluechip
2026-01-09,108.8498,icici_bluechip
2026-01-08,110.0573,icici_bluechip
2026-01-07,111.3106,icici_bluechip
2026-01-06,111.2492,icici_bluechip
2026-01-05,111.1802,icici_bluechip
2026-01-02,111.5357,icici_bluechip
2026-01-01,110.5516,icici_bluechip
2025-12-31,110.2419,icici_bluechip
2025-12-30,109.5506,icici_bluechip
2025-12-29,109.8211,icici_bluechip
2025-12-26,110.2666,icici_bluechip
2025-12-24,110.6485,icici_bluechip
2025-12-23,110.852,icici_bluechip
2025-12-22,110.7862,icici_bluechip
2025-12-19,110.1534,icici_bluechip
2025-12-18,109.2532,icici_bluechip
2025-12-17,109.3091,icici_bluechip
2025-12-16,109.7392,icici_bluechip
2025-12-15,110.3582,icici_bluechip
2025-12-12,110.519,icici_bluechip
2025-12-11,109.7762,icici_bluechip
2025-12-10,109.0886,icici_bluechip
2025-12-09,109.7035,icici_bluechip
2025-12-08,109.6141,icici_bluechip
2025-12-05,111.1487,icici_bluechip
2025-12-04,110.8486,icici_bluechip
2025-12-03,110.7813,icici_bluechip
2025-12-02,111.2677,icici_bluechip
2025-12-01,111.6365,icici_bluechip
2025-11-30,111.8311,icici_bluechip
2025-11-28,111.8357,icici_bluechip
2025-11-27,111.8115,icici_bluechip
2025-11-26,111.8355,icici_bluechip
2025-11-25,110.5608,icici_bluechip
2025-11-24,110.661,icici_bluechip
2025-11-21,111.1918,icici_bluechip
2025-11-20,112.0795,icici_bluechip
2025-11-19,111.7018,icici_bluechip
2025-11-18,111.1769,icici_bluechip
2025-11-17,111.7933,icici_bluechip
2025-11-14,111.2034,icici_bluechip
2025-11-13,111.4226,icici_bluechip
2025-11-12,111.5788,icici_bluechip
2025-11-11,111.1622,icici_bluechip
2025-11-10,110.9776,icici_bluechip
2025-11-07,110.4431,icici_bluechip
2025-11-06,110.4409,icici_bluechip
2025-11-04,111.4046,icici_bluechip
2025-11-03,111.7992,icici_bluechip
2025-10-31,111.0948,icici_bluechip
2025-10-30,111.8699,icici_bluechip
2025-10-29,112.4068,icici_bluechip
2025-10-28,111.9031,icici_bluechip
2025-10-27,112.2705,icici_bluechip
2025-10-24,111.6549,icici_bluechip
2025-10-23,111.8587,icici_bluechip
2025-10-20,111.9025,icici_bluechip
2025-10-17,111.7489,icici_bluechip
2025-10-16,111.5399,icici_bluechip
2025-10-15,110.7365,icici_bluechip
2025-10-14,109.6634,icici_bluechip
2025-10-13,109.9552,icici_bluechip
2025-10-10,109.959,icici_bluechip
2025-10-09,109.5882,icici_bluechip
2025-10-08,109.065,icici_bluechip
2025-10-07,109.3201,icici_bluechip
2025-10-06,108.9326,icici_bluechip
2025-10-03,108.1386,icici_bluechip
2025-10-01,107.8239,icici_bluechip
2025-09-30,107.3134,icici_bluechip
2025-09-26,107.2246,icici_bluechip
2025-09-25,108.9191,icici_bluechip
2025-09-24,109.7608,icici_bluechip
2025-09-23,110.3401,icici_bluechip
2025-09-22,110.7182,icici_bluechip
2025-09-19,111.231,icici_bluechip
2025-09-18,111.5335,icici_bluechip
2025-09-17,111.2323,icici_bluechip
2025-09-16,110.8008,icici_bluechip
2025-09-15,110.1522,icici_bluechip
2025-09-12,110.0814,icici_bluechip
2025-09-11,109.7409,icici_bluechip
2025-09-10,109.7209,icici_bluechip
2025-09-09,109.2062,icici_bluechip
2025-09-08,108.9657,icici_bluechip
2025-09-05,108.7583,icici_bluechip
2025-09-04,108.9265,icici_bluechip
2025-09-03,108.7666,icici_bluechip
2025-09-02,108.2047,icici_bluechip
2025-09-01,108.3462,icici_bluechip
2025-08-31,107.1217,icici_bluechip
2025-08-29,107.1259,icici_bluechip
2025-08-28,107.4756,icici_bluechip
2025-08-26,108.7132,icici_bluechip
2025-08-25,109.9294,icici_bluechip
2025-08-22,109.6513,icici_bluechip
2025-08-21,110.1151,icici_bluechip
2025-08-20,110.0113,icici_bluechip
2025-08-19,109.5723,icici_bluechip
2025-08-18,109.045,icici_bluechip
2025-08-14,107.8455,icici_bluechip
2025-08-13,107.7607,icici_bluechip
2025-08-12,106.9215,icici_bluechip
2025-08-11,107.3883,icici_bluechip
2025-08-08,106.5285,icici_bluechip
2025-08-07,107.8011,icici_bluechip
2025-08-06,107.5084,icici_bluechip
2025-08-05,108.0923,icici_bluechip
2025-08-04,108.1149,icici_bluechip
2025-08-01,107.3597,icici_bluechip
2025-07-31,108.4305,icici_bluechip
2025-07-30,108.8599,icici_bluechip
2025-07-29,108.5168,icici_bluechip
2025-07-28,107.8724,icici_bluechip
2025-07-25,108.763,icici_bluechip
2025-07-24,109.8416,icici_bluechip
2025-07-23,110.268,icici_bluechip
2025-07-22,109.7437,icici_bluechip
2025-07-21,109.7098,icici_bluechip
2025-07-18,108.78,icici_bluechip
2025-07-17,109.3117,icici_bluechip
2025-07-16,109.4752,icici_bluechip
2025-07-15,109.4895,icici_bluechip
2025-07-14,108.827,icici_bluechip
2025-07-11,108.6737,icici_bluechip
2025-07-10,109.7323,icici_bluechip
2025-07-09,110.2936,icici_bluechip
2025-07-08,110.1649,icici_bluechip
2025-07-07,109.9783,icici_bluechip
2025-07-04,110.133,icici_bluechip
2025-07-03,109.8742,icici_bluechip
2025-07-02,110.2267,icici_bluechip
2025-07-01,110.588,icici_bluechip
2025-06-30,110.6845,icici_bluechip
2025-06-27,110.74,icici_bluechip
2025-06-26,110.2355,icici_bluechip
2025-06-25,109.3692,icici_bluechip
2025-06-24,108.5319,icici_bluechip
2025-06-23,107.9543,icici_bluechip
2025-06-20,108.1514,icici_bluechip
2025-06-19,106.6482,icici_bluechip
2025-06-18,107.2775,icici_bluechip
2025-06-17,107.5374,icici_bluechip
2025-06-16,107.9842,icici_bluechip
2025-06-13,107.014,icici_bluechip
2025-06-12,107.5691,icici_bluechip
2025-06-11,108.7816,icici_bluechip
2025-06-10,108.8321,icici_bluechip
2025-06-09,108.9621,icici_bluechip
2025-06-06,108.4007,icici_bluechip
2025-06-05,107.5533,icici_bluechip
2025-06-04,107.0655,icici_bluechip
2025-06-03,106.5283,icici_bluechip
2025-06-02,107.0707,icici_bluechip
2025-05-31,106.9766,icici_bluechip
2025-05-30,106.9783,icici_bluechip
2025-05-29,107.1679,icici_bluechip
2025-05-28,106.7675,icici_bluechip
2025-05-27,107.03,icici_bluechip
2025-05-26,107.4818,icici_bluechip
2025-05-23,107.0146,icici_bluechip
2025-05-22,106.1852,icici_bluechip
2025-05-21,106.6077,icici_bluechip
2025-05-20,105.8304,icici_bluechip
2025-05-19,107.379,icici_bluechip
2025-05-16,107.4778,icici_bluechip
2025-05-15,107.2349,icici_bluechip
2025-05-14,106.0607,icici_bluechip
2025-05-13,105.499,icici_bluechip
2025-05-12,106.1881,icici_bluechip
2025-05-09,102.6314,icici_bluechip
2025-05-08,103.5049,icici_bluechip
2025-05-07,104.8398,icici_bluechip
2025-05-06,104.2762,icici_bluechip
2025-05-05,105.2187,icici_bluechip
2025-05-02,104.4724,icici_bluechip
2025-04-30,104.6451,icici_bluechip
2025-04-29,104.8552,icici_bluechip
2025-04-28,104.9692,icici_bluechip
2025-04-25,104.075,icici_bluechip
2025-04-24,105.5627,icici_bluechip
2025-04-23,105.8792,icici_bluechip
2025-04-22,105.2172,icici_bluechip
2025-04-21,104.8758,icici_bluechip
2025-04-17,103.6475,icici_bluechip
2025-04-16,102.318,icici_bluechip
2025-04-15,101.8933,icici_bluechip
2025-04-11,99.4468,icici_bluechip
2025-04-09,97.7243,icici_bluechip
2025-04-08,98.1202,icici_bluechip
2025-04-07,96.4224,icici_bluechip
2025-04-04,99.3327,icici_bluechip
2025-04-03,100.777,icici_bluechip
2025-04-02,101.0307,icici_bluechip
2025-04-01,100.0834,icici_bluechip
2025-03-31,101.5097,icici_bluechip
2025-03-28,101.5135,icici_bluechip
2025-03-27,101.9948,icici_bluechip
2025-03-26,101.5005,icici_bluechip
2025-03-25,102.1034,icici_bluechip
2025-03-24,102.5148,icici_bluechip
2025-03-21,101.6223,icici_bluechip
2025-03-20,100.6482,icici_bluechip
2025-03-19,99.6691,icici_bluechip
2025-03-18,98.7757,icici_bluechip
2025-03-17,96.9284,icici_bluechip
2025-03-13,96.1511,icici_bluechip
2025-03-12,96.5719,icici_bluechip
2025-03-11,96.6916,icici_bluechip
2025-03-10,96.3467,icici_bluechip
2025-03-07,97.102,icici_bluechip
2025-03-06,97.2896,icici_bluechip
2025-03-05,96.6508,icici_bluechip
2025-03-04,95.5268,icici_bluechip
2025-03-03,95.4362,icici_bluechip
2025-02-28,94.9501,icici_bluechip
2025-02-27,96.8975,icici_bluechip
2025-02-25,97.3105,icici_bluechip
2025-02-24,97.2366,icici_bluechip
2025-02-21,98.1576,icici_bluechip
2025-02-20,98.9287,icici_bluechip
2025-02-19,98.672,icici_bluechip
2025-02-18,98.3192,icici_bluechip
2025-02-17,98.3385,icici_bluechip
2025-02-14,98.4378,icici_bluechip
2025-02-13,99.6044,icici_bluechip
2025-02-12,99.4579,icici_bluechip
2025-02-11,99.5049,icici_bluechip
2025-02-10,101.4198,icici_bluechip
2025-02-07,102.7818,icici_bluechip
2025-02-06,102.6583,icici_bluechip
2025-02-05,103.119,icici_bluechip
2025-02-04,103.0829,icici_bluechip
2025-02-03,101.8419,icici_bluechip
2025-01-31,101.3764,icici_bluechip
2025-01-30,100.5817,icici_bluechip
2025-01-29,100.3048,icici_bluechip
2025-01-28,98.499,icici_bluechip
2025-01-27,98.2629,icici_bluechip
2025-01-24,99.8878,icici_bluechip
2025-01-23,100.7177,icici_bluechip
2025-01-22,99.589,icici_bluechip
2025-01-21,99.7482,icici_bluechip
2025-01-20,101.7412,icici_bluechip
2025-01-17,101.1868,icici_bluechip
2025-01-16,101.4904,icici_bluechip
2025-01-15,100.6352,icici_bluechip
2025-01-14,100.491,icici_bluechip
2025-01-13,99.3562,icici_bluechip
2025-01-10,102.1012,icici_bluechip
2025-01-09,103.1098,icici_bluechip
2025-01-08,103.8402,icici_bluechip
2025-01-07,104.7743,icici_bluechip
2025-01-06,104.6558,icici_bluechip
2025-01-03,106.6103,icici_bluechip
2025-01-02,107.1106,icici_bluechip
2025-01-01,105.2098,icici_bluechip
2024-12-31,104.8418,icici_bluechip
2024-12-30,104.8623,icici_bluechip
2024-12-27,105.0556,icici_bluechip
2024-12-26,104.9719,icici_bluechip
2024-12-24,104.7647,icici_bluechip
2024-12-23,104.9395,icici_bluechip
2024-12-20,104.3714,icici_bluechip
2024-12-19,106.5383,icici_bluechip
2024-12-18,107.2865,icici_bluechip
2024-12-17,107.6416,icici_bluechip
2024-12-16,108.7447,icici_bluechip
2024-12-13,108.8347,icici_bluechip
2024-12-12,108.5429,icici_bluechip
2024-12-11,108.7957,icici_bluechip
2024-12-10,108.5727,icici_bluechip
2024-12-09,108.3583,icici_bluechip
2024-12-06,108.4356,icici_bluechip
2024-12-05,108.3787,icici_bluechip
2024-12-04,107.6559,icici_bluechip
2024-12-03,107.207,icici_bluechip
2024-12-02,106.339,icici_bluechip
2024-11-30,105.2243,icici_bluechip
2024-11-29,105.2259,icici_bluechip
2024-11-28,104.5539,icici_bluechip
2024-11-27,105.5935,icici_bluechip
2024-11-26,105.3089,icici_bluechip
2024-11-25,105.6098,icici_bluechip
2024-11-22,104.0153,icici_bluechip
2024-11-21,102.6084,icici_bluechip
2024-11-19,102.9426,icici_bluechip
2024-11-18,102.287,icici_bluechip
2024-11-14,102.3533,icici_bluechip
2024-11-13,102.2523,icici_bluechip
2024-11-12,104.013,icici_bluechip
2024-11-11,105.1594,icici_bluechip
2024-11-08,105.3856,icici_bluechip
2024-11-07,105.9354,icici_bluechip
2024-11-06,106.7263,icici_bluechip
2024-11-05,104.9973,icici_bluechip
2024-11-04,104.8151,icici_bluechip
2024-10-31,105.222,icici_bluechip
2024-10-30,105.6041,icici_bluechip
2024-10-29,105.9613,icici_bluechip
2024-10-28,105.3964,icici_bluechip
2024-10-25,105.8433,icici_bluechip
2024-10-24,106.5309,icici_bluechip
2024-10-23,106.768,icici_bluechip
2024-10-22,106.4297,icici_bluechip
2024-10-21,108.0928,icici_bluechip
2024-10-18,108.7862,icici_bluechip
2024-10-17,108.5302,icici_bluechip
2024-10-16,110.0784,icici_bluechip
2024-10-15,110.569,icici_bluechip
2024-10-14,110.681,icici_bluechip
2024-10-11,110.2456,icici_bluechip
2024-10-10,110.2257,icici_bluechip
2024-10-09,110.5143,icici_bluechip
2024-10-08,109.2294,icici_bluechip
2024-10-07,107.8549,icici_bluechip
2024-10-04,109.2162,icici_bluechip
2024-10-03,110.1986,icici_bluechip
2024-10-01,112.3285,icici_bluechip
2024-09-30,112.3338,icici_bluechip
2024-09-27,113.6083,icici_bluechip
2024-09-26,113.6849,icici_bluechip
2024-09-25,113.1368,icici_bluechip
2024-09-24,113.5942,icici_bluechip
2024-09-23,113.547,icici_bluechip
2024-09-20,112.7908,icici_bluechip
2024-09-19,111.1788,icici_bluechip
2024-09-18,111.2418,icici_bluechip
2024-09-17,110.9778,icici_bluechip
2024-09-16,110.7179,icici_bluechip
2024-09-13,110.5442,icici_bluechip
2024-09-12,110.5163,icici_bluechip
2024-09-11,108.7761,icici_bluechip
2024-09-10,108.8255,icici_bluechip
2024-09-09,108.295,icici_bluechip
2024-09-06,108.1266,icici_bluechip
2024-09-05,108.8654,icici_bluechip
2024-09-04,108.8874,icici_bluechip
2024-09-03,108.8271,icici_bluechip
2024-09-02,108.9623,icici_bluechip
2024-08-31,108.8172,icici_bluechip
2024-08-30,108.8193,icici_bluechip
2024-08-29,107.8731,icici_bluechip
2024-08-28,107.8057,icici_bluechip
2024-08-27,107.7123,icici_bluechip
2024-08-26,107.2803,icici_bluechip
2024-08-23,106.6293,icici_bluechip
2024-08-22,106.7491,icici_bluechip
2024-08-21,106.4116,icici_bluechip
2024-08-20,106.4228,icici_bluechip
2024-08-19,105.1849,icici_bluechip
2024-08-16,105.3212,icici_bluechip
2024-08-14,103.5686,icici_bluechip
2024-08-13,103.6796,icici_bluechip
2024-08-12,104.7072,icici_bluechip
2024-08-09,105.1196,icici_bluechip
2024-08-08,104.0397,icici_bluechip
2024-08-07,104.7231,icici_bluechip
2024-08-06,102.7567,icici_bluechip
2024-08-05,103.3697,icici_bluechip
2024-08-02,106.2855,icici_bluechip
2024-08-01,106.8677,icici_bluechip
2024-07-31,107.2541,icici_bluechip
2024-07-30,106.1309,icici_bluechip
2024-07-29,106.152,icici_bluechip
2024-07-26,105.5663,icici_bluechip
2024-07-25,103.9297,icici_bluechip
2024-07-24,103.5237,icici_bluechip
2024-07-23,103.4111,icici_bluechip
2024-07-22,103.7408,icici_bluechip
2024-07-19,103.1529,icici_bluechip
2024-07-18,104.7371,icici_bluechip
2024-07-16,104.2689,icici_bluechip
2024-07-15,104.2503,icici_bluechip
2024-07-12,103.8648,icici_bluechip
2024-07-11,103.391,icici_bluechip
2024-07-10,103.6139,icici_bluechip
2024-07-09,103.826,icici_bluechip
2024-07-08,103.2534,icici_bluechip
2024-07-05,103.8188,icici_bluechip
2024-07-04,103.5511,icici_bluechip
2024-07-03,103.5393,icici_bluechip
2024-07-02,102.868,icici_bluechip
2024-07-01,103.1944,icici_bluechip
2024-06-28,102.6191,icici_bluechip
2024-06-27,103.0033,icici_bluechip
2024-06-26,102.4418,icici_bluechip
2024-06-25,102.2506,icici_bluechip
2024-06-24,101.9085,icici_bluechip
2024-06-21,101.2079,icici_bluechip
2024-06-20,101.8546,icici_bluechip
2024-06-19,101.7992,icici_bluechip
2024-06-18,102.2403,icici_bluechip
2024-06-14,101.7146,icici_bluechip
2024-06-13,101.0481,icici_bluechip
2024-06-12,100.2724,icici_bluechip
2024-06-11,99.8719,icici_bluechip
2024-06-10,99.7429,icici_bluechip
2024-06-07,99.5188,icici_bluechip
2024-06-06,97.7973,icici_bluechip
2024-06-05,97.1538,icici_bluechip
2024-06-04,93.8529,icici_bluechip
2024-06-03,97.572,icici_bluechip
2024-05-31,95.3435,icici_bluechip
2024-05-30,95.26,icici_bluechip
2024-05-29,96.422,icici_bluechip
2024-05-28,96.9662,icici_bluechip
2024-05-27,97.2496,icici_bluechip
2024-05-24,97.1641,icici_bluechip
2024-05-23,97.6268,icici_bluechip
2024-05-22,96.6311,icici_bluechip
2024-05-21,96.6377,icici_bluechip
2024-05-17,96.5667,icici_bluechip
2024-05-16,95.8039,icici_bluechip
2024-05-15,95.3403,icici_bluechip
2024-05-14,95.0867,icici_bluechip
2024-05-13,94.9181,icici_bluechip
2024-05-10,94.944,icici_bluechip
2024-05-09,94.1648,icici_bluechip
2024-05-08,95.1781,icici_bluechip
2024-05-07,95.2615,icici_bluechip
2024-05-06,96.1226,icici_bluechip
2024-05-03,96.2268,icici_bluechip
2024-05-02,96.6825,icici_bluechip
2024-04-30,96.3277,icici_bluechip
2024-04-29,96.2744,icici_bluechip
2024-04-26,95.5204,icici_bluechip
2024-04-25,96.2399,icici_bluechip
2024-04-24,96.3725,icici_bluechip
2024-04-23,95.9438,icici_bluechip
2024-04-22,95.5704,icici_bluechip
2024-04-19,95.0403,icici_bluechip
2024-04-18,94.7785,icici_bluechip
2024-04-16,95.2528,icici_bluechip
2024-04-15,95.7903,icici_bluechip
2024-04-12,97.352,icici_bluechip
2024-04-10,97.6149,icici_bluechip
2024-04-09,97.5888,icici_bluechip
2024-04-08,97.5362,icici_bluechip
2024-04-05,96.6215,icici_bluechip
2024-04-04,96.4476,icici_bluechip
2024-04-03,95.9101,icici_bluechip
2024-04-02,95.7608,icici_bluechip
2024-04-01,95.504,icici_bluechip
2024-03-31,94.7314,icici_bluechip
2024-03-28,94.7358,icici_bluechip
2024-03-27,93.9876,icici_bluechip
2024-03-26,93.5808,icici_bluechip
2024-03-22,92.3497,icici_bluechip
2024-03-21,91.6362,icici_bluechip
2024-03-20,90.1357,icici_bluechip
2024-03-19,90.1635,icici_bluechip
2024-03-18,90.5286,icici_bluechip
2024-03-15,90.1664,icici_bluechip
2024-03-14,90.2709,icici_bluechip
2024-03-13,89.3397,icici_bluechip
2024-03-12,91.1882,icici_bluechip
2024-03-11,91.2347,icici_bluechip
2024-03-07,90.9543,icici_bluechip
2024-03-06,90.5435,icici_bluechip
2024-03-05,90.0501,icici_bluechip
2024-03-04,90.746,icici_bluechip
2024-03-01,90.8589,icici_bluechip
2024-02-29,89.9973,icici_bluechip
2024-02-28,89.799,icici_bluechip
2024-02-27,90.9648,icici_bluechip
2024-02-26,90.4475,icici_bluechip
2024-02-23,91.0211,icici_bluechip
2024-02-22,90.5233,icici_bluechip
2024-02-21,89.9277,icici_bluechip
2024-02-20,90.5408,icici_bluechip
2024-02-19,90.4864,icici_bluechip
2024-02-16,89.9501,icici_bluechip
2024-02-15,89.2836,icici_bluechip
2024-02-14,88.6018,icici_bluechip
2024-02-13,88.5891,icici_bluechip
2024-02-12,88.4978,icici_bluechip
2024-02-09,88.9904,icici_bluechip
2024-02-08,88.8906,icici_bluechip
2024-02-07,89.1219,icici_bluechip
2024-02-06,88.8898,icici_bluechip
2024-02-05,87.9175,icici_bluechip
2024-02-02,88.0783,icici_bluechip
2024-02-01,87.5274,icici_bluechip
2024-01-31,87.6883,icici_bluechip
2024-01-30,86.7464,icici_bluechip
2024-01-29,87.625,icici_bluechip
2024-01-25,86.7929,icici_bluechip
2024-01-24,87.1611,icici_bluechip
2024-01-23,86.1726,icici_bluechip
2024-01-19,87.7628,icici_bluechip
2024-01-18,87.3317,icici_bluechip
2024-01-17,87.7973,icici_bluechip
2024-01-16,89.0802,icici_bluechip
2024-01-15,89.4426,icici_bluechip
2024-01-12,89.2661,icici_bluechip
2024-01-11,88.8697,icici_bluechip
2024-01-10,88.6949,icici_bluechip
2024-01-09,88.7379,icici_bluechip
2024-01-08,88.4806,icici_bluechip
2024-01-05,89.3931,icici_bluechip
2024-01-04,89.3141,icici_bluechip
2024-01-03,88.276,icici_bluechip
2024-01-02,88.7896,icici_bluechip
2024-01-01,88.5872,icici_bluechip
2023-12-29,88.6224,icici_bluechip
2023-12-28,88.2002,icici_bluechip
2023-12-27,87.8865,icici_bluechip
2023-12-26,87.1531,icici_bluechip
2023-12-22,86.9823,icici_bluechip
2023-12-21,86.3297,icici_bluechip
2023-12-20,85.8692,icici_bluechip
2023-12-19,87.7026,icici_bluechip
2023-12-18,87.7642,icici_bluechip
2023-12-15,87.4489,icici_bluechip
2023-12-14,86.9194,icici_bluechip
2023-12-13,85.5812,icici_bluechip
2023-12-12,85.7571,icici_bluechip
2023-12-11,86.2758,icici_bluechip
2023-12-08,85.9606,icici_bluechip
2023-12-07,86.3885,icici_bluechip
2023-12-06,86.0435,icici_bluechip
2023-12-05,85.591,icici_bluechip
2023-12-04,85.3715,icici_bluechip
2023-12-01,84.5496,icici_bluechip
2023-11-30,84.2614,icici_bluechip
2023-11-29,83.5921,icici_bluechip
2023-11-28,82.5944,icici_bluechip
2023-11-24,82.1289,icici_bluechip
2023-11-23,82.3248,icici_bluechip
2023-11-22,82.7354,icici_bluechip
2023-11-21,82.3562,icici_bluechip
2023-11-20,82.2374,icici_bluechip
2023-11-17,82.6567,icici_bluechip
2023-11-16,82.5266,icici_bluechip
2023-11-15,81.9033,icici_bluechip
2023-11-13,81.1712,icici_bluechip
2023-11-10,81.0978,icici_bluechip
2023-11-09,80.9422,icici_bluechip
2023-11-08,80.8372,icici_bluechip
2023-11-07,80.4516,icici_bluechip
2023-11-06,80.2539,icici_bluechip
2023-11-03,79.4676,icici_bluechip
2023-11-02,79.0811,icici_bluechip
2023-11-01,78.4438,icici_bluechip
2023-10-31,78.7876,icici_bluechip
2023-10-30,78.6548,icici_bluechip
2023-10-27,78.5618,icici_bluechip
2023-10-26,77.8286,icici_bluechip
2023-10-25,78.9728,icici_bluechip
2023-10-23,79.3914,icici_bluechip
2023-10-20,80.6656,icici_bluechip
2023-10-19,80.7616,icici_bluechip
2023-10-18,81.0883,icici_bluechip
2023-10-17,81.6217,icici_bluechip
2023-10-16,81.4291,icici_bluechip
2023-10-13,81.8571,icici_bluechip
2023-10-12,81.5568,icici_bluechip
2023-10-11,81.9337,icici_bluechip
2023-10-10,81.3312,icici_bluechip
2023-10-09,80.6672,icici_bluechip
2023-10-06,81.281,icici_bluechip
2023-10-05,80.5885,icici_bluechip
2023-10-04,80.1873,icici_bluechip
2023-10-03,80.4898,icici_bluechip
2023-09-29,80.2623,icici_bluechip
2023-09-27,80.9407,icici_bluechip
2023-09-26,80.8138,icici_bluechip
2023-09-25,80.5412,icici_bluechip
2023-09-22,80.1359,icici_bluechip
2023-09-21,80.4578,icici_bluechip
2023-09-20,81.0945,icici_bluechip
2023-09-18,81.6682,icici_bluechip
2023-09-15,81.6974,icici_bluechip
2023-09-14,81.4094,icici_bluechip
2023-09-13,80.88,icici_bluechip
2023-09-12,80.9115,icici_bluechip
2023-09-11,81.2572,icici_bluechip
2023-09-08,80.6406,icici_bluechip
2023-09-07,80.2445,icici_bluechip
2023-09-06,79.9096,icici_bluechip
2023-09-05,79.6322,icici_bluechip
2023-09-04,79.2103,icici_bluechip
2023-09-01,78.7931,icici_bluechip
2023-08-31,78.33,icici_bluechip
2023-08-30,78.8146,icici_bluechip
2023-08-29,78.4579,icici_bluechip
2023-08-28,77.9343,icici_bluechip
2023-08-25,77.7906,icici_bluechip
2023-08-24,77.9647,icici_bluechip
2023-08-23,77.7681,icici_bluechip
2023-08-22,77.6152,icici_bluechip
2023-08-21,77.3089,icici_bluechip
2023-08-18,76.6833,icici_bluechip
2023-08-17,77.1435,icici_bluechip
2023-08-16,77.5465,icici_bluechip
2023-08-14,77.6284,icici_bluechip
2023-08-11,78.0866,icici_bluechip
2023-08-10,78.8457,icici_bluechip
2023-08-09,79.1715,icici_bluechip
2023-08-08,79.3359,icici_bluechip
2023-08-07,79.6001,icici_bluechip
2023-08-04,79.4055,icici_bluechip
2023-08-03,78.6486,icici_bluechip
2023-08-02,79.1648,icici_bluechip
2023-08-01,79.8018,icici_bluechip
2023-07-31,79.6969,icici_bluechip
2023-07-28,79.5813,icici_bluechip
2023-07-27,79.2279,icici_bluechip
2023-07-26,79.7424,icici_bluechip
2023-07-25,79.7352,icici_bluechip
2023-07-24,79.672,icici_bluechip
2023-07-21,79.9104,icici_bluechip
2023-07-20,80.242,icici_bluechip
2023-07-19,80.4138,icici_bluechip
2023-07-18,79.8305,icici_bluechip
2023-07-17,80.1899,icici_bluechip
2023-07-14,80.2997,icici_bluechip
2023-07-13,79.508,icici_bluechip
2023-07-12,79.3202,icici_bluechip
2023-07-11,79.1498,icici_bluechip
2023-07-10,78.8891,icici_bluechip
2023-07-07,79.6889,icici_bluechip
2023-07-06,80.3788,icici_bluechip
2023-07-05,79.9962,icici_bluechip
2023-07-04,79.7879,icici_bluechip
2023-07-03,79.1417,icici_bluechip
2023-06-30,79.0815,icici_bluechip
2023-06-28,78.6424,icici_bluechip
2023-06-27,78.1501,icici_bluechip
2023-06-26,77.8,icici_bluechip
2023-06-23,77.6483,icici_bluechip
2023-06-22,78.3375,icici_bluechip
2023-06-21,79.2999,icici_bluechip
2023-06-20,79.259,icici_bluechip
2023-06-19,79.3349,icici_bluechip
2023-06-16,79.3826,icici_bluechip
2023-06-15,78.5273,icici_bluechip
2023-06-14,77.9651,icici_bluechip
2023-06-13,77.9565,icici_bluechip
2023-06-12,77.4286,icici_bluechip
2023-06-09,76.9204,icici_bluechip
2023-06-08,76.8357,icici_bluechip
2023-06-07,77.6009,icici_bluechip
2023-06-06,76.5604,icici_bluechip
2023-06-05,76.1444,icici_bluechip
2023-06-02,76.1186,icici_bluechip
2023-06-01,75.9464,icici_bluechip
2023-05-31,75.5768,icici_bluechip
2023-05-30,75.6253,icici_bluechip
2023-05-29,75.5785,icici_bluechip
2023-05-26,75.2549,icici_bluechip
2023-05-25,74.2147,icici_bluechip
2023-05-24,73.9094,icici_bluechip
2023-05-23,74.1111,icici_bluechip
2023-05-22,73.7622,icici_bluechip
2023-05-19,73.2915,icici_bluechip
2023-05-18,73.0567,icici_bluechip
2023-05-17,73.2558,icici_bluechip
2023-05-16,73.873,icici_bluechip
2023-05-15,73.9206,icici_bluechip
2023-05-12,74.2078,icici_bluechip
2023-05-11,74.2638,icici_bluechip
2023-05-10,74.1124,icici_bluechip
2023-05-09,73.7085,icici_bluechip
2023-05-08,73.7065,icici_bluechip
2023-05-05,72.7981,icici_bluechip
2023-05-04,72.9185,icici_bluechip
2023-05-03,72.0198,icici_bluechip
2023-05-02,71.9451,icici_bluechip
2023-04-28,71.9798,icici_bluechip
2023-04-27,70.8328,icici_bluechip
2023-04-26,70.2651,icici_bluechip
2023-04-25,70.2622,icici_bluechip
2023-04-24,70.1351,icici_bluechip
2023-04-21,70.0472,icici_bluechip
2023-04-20,69.884,icici_bluechip
2023-04-19,70.0991,icici_bluechip
2023-04-18,70.2852,icici_bluechip
2023-04-17,69.9252,icici_bluechip
2023-04-13,70.0008,icici_bluechip
2023-04-12,69.8881,icici_bluechip
2023-04-11,69.4778,icici_bluechip
2023-04-10,68.8753,icici_bluechip
2023-04-06,69.073,icici_bluechip
2023-04-05,68.808,icici_bluechip
2023-04-03,68.1351,icici_bluechip
2023-03-31,67.5488,icici_bluechip
2023-03-29,66.7265,icici_bluechip
2023-03-28,65.9999,icici_bluechip
2023-03-27,66.0237,icici_bluechip
2023-03-24,66.2364,icici_bluechip
2023-03-23,66.7888,icici_bluechip
2023-03-22,66.8934,icici_bluechip
2023-03-21,66.5076,icici_bluechip
2023-03-20,66.3291,icici_bluechip
2023-03-17,66.8784,icici_bluechip
2023-03-16,66.6861,icici_bluechip
2023-03-15,66.4041,icici_bluechip
2023-03-14,66.4865,icici_bluechip
2023-03-13,67.0393,icici_bluechip
2023-03-10,67.9665,icici_bluechip
2023-03-09,68.4496,icici_bluechip
2023-03-08,69.0308,icici_bluechip
2023-03-06,69.1585,icici_bluechip
2023-03-03,68.7209,icici_bluechip
2023-03-02,68.5425,icici_bluechip
2023-03-01,68.9211,icici_bluechip
2023-02-28,68.3805,icici_bluechip
2023-02-27,68.4824,icici_bluechip
2023-02-24,68.7126,icici_bluechip
2023-02-23,68.7063,icici_bluechip
2023-02-22,68.9248,icici_bluechip
2023-02-21,69.9427,icici_bluechip
2023-02-20,69.9459,icici_bluechip
2023-02-17,70.0019,icici_bluechip
2023-02-16,70.5816,icici_bluechip
2023-02-15,70.0632,icici_bluechip
2023-02-14,69.1866,icici_bluechip
2023-02-13,68.9661,icici_bluechip
2023-02-10,69.8154,icici_bluechip
2023-02-09,69.8143,icici_bluechip
2023-02-08,69.6656,icici_bluechip
2023-02-07,68.8848,icici_bluechip
2023-02-06,68.7995,icici_bluechip
2023-02-03,68.936,icici_bluechip
2023-02-02,68.5272,icici_bluechip
2023-02-01,68.5751,icici_bluechip
2023-01-31,68.3442,icici_bluechip
2023-01-30,68.4819,icici_bluechip
2023-01-27,68.0593,icici_bluechip
2023-01-25,68.4487,icici_bluechip
2023-01-24,69.2382,icici_bluechip
2023-01-23,69.3624,icici_bluechip
2023-01-20,69.0239,icici_bluechip
2023-01-19,69.4972,icici_bluechip
2023-01-18,70.0482,icici_bluechip
2023-01-17,69.8692,icici_bluechip
2023-01-16,69.659,icici_bluechip
2023-01-13,70.263,icici_bluechip
2023-01-12,70.1017,icici_bluechip
2023-01-11,70.0302,icici_bluechip
2023-01-10,70.3295,icici_bluechip
2023-01-09,70.68,icici_bluechip
2023-01-06,70.0052,icici_bluechip
2023-01-05,70.7817,icici_bluechip
2023-01-04,71.6233,icici_bluechip
2023-01-03,72.4388,icici_bluechip
2023-01-02,72.1487,icici_bluechip
2022-12-30,72.1133,icici_bluechip
2022-12-29,72.326,icici_bluechip
2022-12-28,72.239,icici_bluechip
2022-12-27,72.2696,icici_bluechip
2022-12-26,71.8064,icici_bluechip
2022-12-23,70.9687,icici_bluechip
2022-12-22,72.4265,icici_bluechip
2022-12-21,72.9939,icici_bluechip
2022-12-20,73.6085,icici_bluechip
2022-12-19,73.7565,icici_bluechip
2022-12-16,73.0535,icici_bluechip
2022-12-15,74.0003,icici_bluechip
2022-12-14,74.7981,icici_bluechip
2022-12-13,74.2943,icici_bluechip
2022-12-12,73.8144,icici_bluechip
2022-12-09,73.7258,icici_bluechip
2022-12-08,74.0809,icici_bluechip
2022-12-07,74.2084,icici_bluechip
2022-12-06,74.5749,icici_bluechip
2022-12-05,74.5897,icici_bluechip
2022-12-02,74.5548,icici_bluechip
2022-12-01,74.7124,icici_bluechip
2022-11-30,74.3607,icici_bluechip
2022-11-29,73.8042,icici_bluechip
2022-11-28,73.7588,icici_bluechip
2022-11-25,73.4058,icici_bluechip
2022-11-24,73.4842,icici_bluechip
2022-11-23,73.0808,icici_bluechip
2022-11-22,72.8393,icici_bluechip
2022-11-21,72.5227,icici_bluechip
2022-11-18,73.0331,icici_bluechip
2022-11-17,73.3032,icici_bluechip
2022-11-16,73.9799,icici_bluechip
2022-11-15,74.2266,icici_bluechip
2022-11-14,74.4336,icici_bluechip
2022-11-11,74.2379,icici_bluechip
2022-11-10,73.2877,icici_bluechip
2022-11-09,74.0695,icici_bluechip
2022-11-07,74.3683,icici_bluechip
2022-11-04,74.6355,icici_bluechip
2022-11-03,74.4512,icici_bluechip
2022-11-02,74.5626,icici_bluechip
2022-11-01,74.829,icici_bluechip
2022-10-31,73.9984,icici_bluechip
2022-10-28,73.0108,icici_bluechip
2022-10-27,73.0833,icici_bluechip
2022-10-25,73.2124,icici_bluechip
2022-10-21,73.1574,icici_bluechip
2022-10-20,74.0023,icici_bluechip
2022-10-19,73.525,icici_bluechip
2022-10-18,73.3122,icici_bluechip
2022-10-17,72.939,icici_bluechip
2022-10-14,72.6922,icici_bluechip
2022-10-13,72.2693,icici_bluechip
2022-10-12,72.7405,icici_bluechip
2022-10-11,72.1344,icici_bluechip
2022-10-10,73.3259,icici_bluechip
2022-10-07,73.8803,icici_bluechip
2022-10-06,74.0728,icici_bluechip
2022-10-04,74.1916,icici_bluechip
2022-10-03,72.5115,icici_bluechip
2022-09-30,73.174,icici_bluechip
2022-09-29,72.1439,icici_bluechip
2022-09-28,72.5238,icici_bluechip
2022-09-27,72.7936,icici_bluechip
2022-09-26,72.7149,icici_bluechip
2022-09-23,74.1328,icici_bluechip
2022-09-22,75.5508,icici_bluechip
2022-09-21,75.5546,icici_bluechip
2022-09-20,76.1536,icici_bluechip
2022-09-19,75.4771,icici_bluechip
2022-09-16,74.951,icici_bluechip
2022-09-15,76.9184,icici_bluechip
2022-09-14,77.092,icici_bluechip
2022-09-13,77.3455,icici_bluechip
2022-09-12,76.9253,icici_bluechip
2022-09-09,76.641,icici_bluechip
2022-09-08,76.6277,icici_bluechip
2022-09-07,76.0521,icici_bluechip
2022-09-06,75.9521,icici_bluechip
2022-09-05,76.3428,icici_bluechip
2022-09-02,76.2954,icici_bluechip
2022-09-01,76.0456,icici_bluechip
2022-08-30,76.2211,icici_bluechip
2022-08-29,74.3321,icici_bluechip
2022-08-26,75.2754,icici_bluechip
2022-08-25,74.9546,icici_bluechip
2022-08-24,75.1045,icici_bluechip
2022-08-23,74.7255,icici_bluechip
2022-08-22,74.4093,icici_bluechip
2022-08-19,75.7918,icici_bluechip
2022-08-18,76.6729,icici_bluechip
2022-08-17,76.5286,icici_bluechip
2022-08-16,75.8512,icici_bluechip
2022-08-12,75.3228,icici_bluechip
2022-08-11,75.3237,icici_bluechip
2022-08-10,74.4544,icici_bluechip
2022-08-08,74.8976,icici_bluechip
2022-08-05,74.6044,icici_bluechip
2022-08-04,74.2272,icici_bluechip
2022-08-03,73.8828,icici_bluechip
2022-08-02,74.0304,icici_bluechip
2022-08-01,73.7095,icici_bluechip
2022-07-29,72.9947,icici_bluechip
2022-07-28,71.9063,icici_bluechip
2022-07-27,69.8525,icici_bluechip
2022-07-26,69.1326,icici_bluechip
2022-07-25,69.7673,icici_bluechip
2022-07-22,69.9601,icici_bluechip
2022-07-21,69.9609,icici_bluechip
2022-07-20,69.1252,icici_bluechip
2022-07-19,68.925,icici_bluechip
2022-07-18,68.6155,icici_bluechip
2022-07-15,67.5691,icici_bluechip
2022-07-14,67.0015,icici_bluechip
2022-07-13,67.1057,icici_bluechip
2022-07-12,66.9495,icici_bluechip
2022-07-11,67.7432,icici_bluechip
2022-07-08,67.7009,icici_bluechip
2022-07-07,67.537,icici_bluechip
2022-07-06,67.1482,icici_bluechip
2022-07-05,65.7151,icici_bluechip
2022-07-04,65.6105,icici_bluechip
2022-07-01,65.0877,icici_bluechip
2022-06-30,64.3604,icici_bluechip
2022-06-29,64.8133,icici_bluechip
2022-06-28,65.4275,icici_bluechip
2022-06-27,65.5288,icici_bluechip
2022-06-24,65.2431,icici_bluechip
2022-06-23,64.47,icici_bluechip
2022-06-22,63.7074,icici_bluechip
2022-06-21,64.4233,icici_bluechip
2022-06-20,63.378,icici_bluechip
2022-06-17,62.9852,icici_bluechip
2022-06-16,63.7459,icici_bluechip
2022-06-15,64.8568,icici_bluechip
2022-06-14,64.3993,icici_bluechip
2022-06-13,64.4339,icici_bluechip
2022-06-10,66.1339,icici_bluechip
2022-06-09,67.2604,icici_bluechip
2022-06-08,66.9337,icici_bluechip
2022-06-07,66.7412,icici_bluechip
2022-06-06,67.548,icici_bluechip
2022-06-03,68.0717,icici_bluechip
2022-06-02,68.8276,icici_bluechip
2022-06-01,68.8319,icici_bluechip
2022-05-31,69.1361,icici_bluechip
2022-05-30,68.533,icici_bluechip
2022-05-27,67.2291,icici_bluechip
2022-05-26,66.161,icici_bluechip
2022-05-25,65.4557,icici_bluechip
2022-05-24,66.3628,icici_bluechip
2022-05-23,66.6512,icici_bluechip
2022-05-20,66.8472,icici_bluechip
2022-05-19,65.8496,icici_bluechip
2022-05-18,67.772,icici_bluechip
2022-05-17,67.8271,icici_bluechip
2022-05-16,66.2938,icici_bluechip
2022-05-13,65.4373,icici_bluechip
2022-05-12,65.4083,icici_bluechip
2022-05-11,66.8623,icici_bluechip
2022-05-10,67.7491,icici_bluechip
2022-05-09,68.3816,icici_bluechip
2022-05-06,68.9738,icici_bluechip
2022-05-05,71.8904,icici_bluechip
2022-05-04,71.9729,icici_bluechip
2022-05-02,74.1048,icici_bluechip
2022-04-29,74.2535,icici_bluechip
2022-04-28,74.7458,icici_bluechip
2022-04-27,73.9744,icici_bluechip
2022-04-26,75.2145,icici_bluechip
2022-04-25,74.1743,icici_bluechip
2022-04-22,75.0345,icici_bluechip
2022-04-21,75.4805,icici_bluechip
2022-04-20,74.5345,icici_bluechip
2022-04-19,74.1182,icici_bluechip
2022-04-18,75.4011,icici_bluechip
2022-04-13,76.3584,icici_bluechip
2022-04-12,76.6442,icici_bluechip
2022-04-11,77.4023,icici_bluechip
2022-04-08,77.5007,icici_bluechip
2022-04-07,76.7796,icici_bluechip
2022-04-06,77.2841,icici_bluechip
2022-04-05,77.8618,icici_bluechip
2022-04-04,77.7401,icici_bluechip
2022-04-01,76.3631,icici_bluechip
2022-03-31,75.5061,icici_bluechip
2022-03-30,75.6682,icici_bluechip
2022-03-29,74.6649,icici_bluechip
2022-03-28,74.1641,icici_bluechip
2022-03-25,74.332,icici_bluechip
2022-03-24,74.6781,icici_bluechip
2022-03-23,75.0377,icici_bluechip
2022-03-22,75.2075,icici_bluechip
2022-03-21,74.8165,icici_bluechip
2022-03-17,75.7167,icici_bluechip
2022-03-16,74.358,icici_bluechip
2022-03-15,73.1899,icici_bluechip
2022-03-14,73.5318,icici_bluechip
2022-03-11,73.1308,icici_bluechip
2022-03-10,73.0061,icici_bluechip
2022-03-09,71.7508,icici_bluechip
2022-03-08,70.6214,icici_bluechip
2022-03-07,69.7358,icici_bluechip
2022-03-04,71.6986,icici_bluechip
2022-03-03,73.3142,icici_bluechip
2022-03-02,73.8204,icici_bluechip
2022-02-28,74.4883,icici_bluechip
2022-02-25,73.9328,icici_bluechip
2022-02-24,71.3778,icici_bluechip
2022-02-23,74.8289,icici_bluechip
2022-02-22,74.6777,icici_bluechip
2022-02-21,74.9357,icici_bluechip
2022-02-18,75.2152,icici_bluechip
2022-02-17,75.8591,icici_bluechip
2022-02-16,75.8994,icici_bluechip
2022-02-15,76.0554,icici_bluechip
2022-02-14,74.1305,icici_bluechip
2022-02-11,76.053,icici_bluechip
2022-02-10,77.5656,icici_bluechip
2022-02-09,77.128,icici_bluechip
2022-02-08,76.2751,icici_bluechip
2022-02-07,76.5225,icici_bluechip
2022-02-04,78.1271,icici_bluechip
2022-02-03,78.1087,icici_bluechip
2022-02-02,79.1057,icici_bluechip
2022-02-01,77.887,icici_bluechip
2022-01-31,76.8741,icici_bluechip
2022-01-28,75.6428,icici_bluechip
2022-01-27,75.3274,icici_bluechip
2022-01-25,76.7127,icici_bluechip
2022-01-24,76.6805,icici_bluechip
2022-01-21,79.7572,icici_bluechip
2022-01-20,81.238,icici_bluechip
2022-01-19,81.8537,icici_bluechip
2022-01-18,83.0109,icici_bluechip
2022-01-17,84.1011,icici_bluechip
2022-01-14,83.7325,icici_bluechip
2022-01-13,83.4606,icici_bluechip
2022-01-12,83.6159,icici_bluechip
2022-01-11,83.932,icici_bluechip
2022-01-10,83.7001,icici_bluechip
2022-01-07,83.8626,icici_bluechip
2022-01-06,83.5037,icici_bluechip
2022-01-05,83.8475,icici_bluechip
2022-01-04,83.287,icici_bluechip
2022-01-03,82.4289,icici_bluechip
2021-12-31,81.2402,icici_bluechip
2021-12-30,80.2221,icici_bluechip
2021-12-29,80.2977,icici_bluechip
2021-12-28,80.3139,icici_bluechip
2021-12-27,79.5375,icici_bluechip
2021-12-24,79.1895,icici_bluechip
2021-12-23,79.6287,icici_bluechip
2021-12-22,79.1261,icici_bluechip
2021-12-21,78.0346,icici_bluechip
2021-12-20,77.5931,icici_bluechip
2021-12-17,79.6694,icici_bluechip
2021-12-16,81.036,icici_bluechip
2021-12-15,81.0588,icici_bluechip
2021-12-14,81.5686,icici_bluechip
2021-12-13,81.7787,icici_bluechip
2021-12-10,82.4418,icici_bluechip
2021-12-09,82.4078,icici_bluechip
2021-12-08,82.3253,icici_bluechip
2021-12-07,81.2636,icici_bluechip
2021-12-06,80.1411,icici_bluechip
2021-12-03,81.7367,icici_bluechip
2021-12-02,82.3468,icici_bluechip
2021-12-01,81.2494,icici_bluechip
2021-11-30,80.8104,icici_bluechip
2021-11-29,80.6496,icici_bluechip
2021-11-26,80.5581,icici_bluechip
2021-11-25,82.6405,icici_bluechip
2021-11-24,82.3818,icici_bluechip
2021-11-23,82.4535,icici_bluechip
2021-11-22,81.8661,icici_bluechip
2021-11-18,84.4609,icici_bluechip
2021-11-17,85.3839,icici_bluechip
2021-11-16,85.7294,icici_bluechip
2021-11-15,85.4638,icici_bluechip
2021-11-12,85.3485,icici_bluechip
2021-11-11,84.2245,icici_bluechip
2021-11-10,84.6363,icici_bluechip
2021-11-09,84.4667,icici_bluechip
2021-11-08,84.5536,icici_bluechip
2021-11-03,83.3546,icici_bluechip
2021-11-02,83.3971,icici_bluechip
2021-11-01,83.4744,icici_bluechip
2021-10-29,82.6397,icici_bluechip
2021-10-28,83.2316,icici_bluechip
2021-10-27,84.0077,icici_bluechip
2021-10-26,83.7637,icici_bluechip
2021-10-25,82.4621,icici_bluechip
2021-10-22,83.9738,icici_bluechip
2021-10-21,84.6113,icici_bluechip
2021-10-20,84.8923,icici_bluechip
2021-10-19,86.1444,icici_bluechip
2021-10-18,86.906,icici_bluechip
2021-10-14,87.4659,icici_bluechip
2021-10-13,86.6202,icici_bluechip
2021-10-12,85.2721,icici_bluechip
2021-10-11,84.9535,icici_bluechip
2021-10-08,84.2722,icici_bluechip
2021-10-07,84.116,icici_bluechip
2021-10-06,83.3956,icici_bluechip
2021-10-05,83.9434,icici_bluechip
2021-10-04,83.6199,icici_bluechip
2021-10-01,82.3533,icici_bluechip
2021-09-30,82.8497,icici_bluechip
2021-09-29,82.9626,icici_bluechip
2021-09-28,83.2962,icici_bluechip
2021-09-27,84.3182,icici_bluechip
2021-09-24,84.766,icici_bluechip
2021-09-23,85.1846,icici_bluechip
2021-09-22,84.2283,icici_bluechip
2021-09-21,84.2897,icici_bluechip
2021-09-20,83.2059,icici_bluechip
2021-09-17,83.7154,icici_bluechip
2021-09-16,83.8102,icici_bluechip
2021-09-15,83.3885,icici_bluechip
2021-09-14,83.0189,icici_bluechip
2021-09-13,82.6854,icici_bluechip
2021-09-09,82.255,icici_bluechip
2021-09-08,82.0739,icici_bluechip
2021-09-07,81.7986,icici_bluechip
2021-09-06,81.9726,icici_bluechip
2021-09-03,82.0104,icici_bluechip
2021-09-02,81.864,icici_bluechip
2021-09-01,81.3088,icici_bluechip
2021-08-31,81.2869,icici_bluechip
2021-08-30,80.0445,icici_bluechip
2021-08-27,78.8144,icici_bluechip
2021-08-26,78.268,icici_bluechip
2021-08-25,77.9829,icici_bluechip
2021-08-24,77.6842,icici_bluechip
2021-08-23,76.715,icici_bluechip
2021-08-20,76.3521,icici_bluechip
2021-08-18,76.6204,icici_bluechip
2021-08-17,76.4159,icici_bluechip
2021-08-16,76.0397,icici_bluechip
2021-08-13,75.9653,icici_bluechip
2021-08-12,75.6608,icici_bluechip
2021-08-11,75.3045,icici_bluechip
2021-08-10,75.5859,icici_bluechip
2021-08-09,75.5804,icici_bluechip
2021-08-06,75.8131,icici_bluechip
2021-08-05,76.008,icici_bluechip
2021-08-04,76.021,icici_bluechip
2021-08-03,75.9397,icici_bluechip
2021-08-02,75.0437,icici_bluechip
2021-07-30,74.2211,icici_bluechip
2021-07-29,74.5288,icici_bluechip
2021-07-28,74.1284,icici_bluechip
2021-07-27,74.294,icici_bluechip
2021-07-26,74.4544,icici_bluechip
2021-07-23,74.5025,icici_bluechip
2021-07-22,74.5876,icici_bluechip
2021-07-20,73.8128,icici_bluechip
2021-07-19,73.9938,icici_bluechip
2021-07-16,74.3636,icici_bluechip
2021-07-15,74.2924,icici_bluechip
2021-07-14,74.218,icici_bluechip
2021-07-13,74.0438,icici_bluechip
2021-07-12,74.0474,icici_bluechip
2021-07-09,74.0795,icici_bluechip
2021-07-08,73.9363,icici_bluechip
2021-07-07,74.2331,icici_bluechip
2021-07-06,73.9922,icici_bluechip
2021-07-05,74.02,icici_bluechip
2021-07-02,73.4383,icici_bluechip
2021-07-01,73.1256,icici_bluechip
2021-06-30,72.8723,icici_bluechip
2021-06-29,72.726,icici_bluechip
2021-06-28,72.8531,icici_bluechip
2021-06-25,72.8784,icici_bluechip
2021-06-24,72.5226,icici_bluechip
2021-06-23,72.1387,icici_bluechip
2021-06-22,72.5265,icici_bluechip
2021-06-21,72.3846,icici_bluechip
2021-06-18,72.1931,icici_bluechip
2021-06-17,72.3683,icici_bluechip
2021-06-16,72.6385,icici_bluechip
2021-06-15,72.8587,icici_bluechip
2021-06-14,72.4523,icici_bluechip
2021-06-11,72.2529,icici_bluechip
2021-06-10,72.3612,icici_bluechip
2021-06-09,71.4079,icici_bluechip
2021-06-08,71.682,icici_bluechip
2021-06-07,71.6821,icici_bluechip
2021-06-04,71.582,icici_bluechip
2021-06-03,71.495,icici_bluechip
2021-06-02,70.9471,icici_bluechip
2021-06-01,70.3808,icici_bluechip
2021-05-31,70.2453,icici_bluechip
2021-05-28,69.8483,icici_bluechip
2021-05-27,70.0134,icici_bluechip
2021-05-26,69.8961,icici_bluechip
2021-05-25,69.3104,icici_bluechip
2021-05-24,69.0821,icici_bluechip
2021-05-21,69.0525,icici_bluechip
2021-05-20,68.1195,icici_bluechip
2021-05-19,68.4275,icici_bluechip
2021-05-18,68.7087,icici_bluechip
2021-05-17,67.3697,icici_bluechip
2021-05-14,66.5356,icici_bluechip
2021-05-12,66.9675,icici_bluechip
2021-05-11,67.5422,icici_bluechip
2021-05-10,68.1078,icici_bluechip
2021-05-07,67.558,icici_bluechip
2021-05-06,67.5074,icici_bluechip
2021-05-05,67.165,icici_bluechip
2021-05-04,66.6541,icici_bluechip
2021-05-03,67.0875,icici_bluechip
2021-04-30,66.9264,icici_bluechip
2021-04-29,68.0292,icici_bluechip
2021-04-28,67.9358,icici_bluechip
2021-04-27,66.5924,icici_bluechip
2021-04-26,65.8562,icici_bluechip
2021-04-23,65.4656,icici_bluechip
2021-04-22,65.4039,icici_bluechip
2021-04-20,65.0174,icici_bluechip
2021-04-19,65.0908,icici_bluechip
2021-04-16,66.3723,icici_bluechip
2021-04-15,65.7774,icici_bluechip
2021-04-13,65.5948,icici_bluechip
2021-04-12,65.222,icici_bluechip
2021-04-09,67.7033,icici_bluechip
2021-04-08,67.8958,icici_bluechip
2021-04-07,67.4155,icici_bluechip
2021-04-06,66.3985,icici_bluechip
2021-04-05,66.1132,icici_bluechip
2021-04-01,67.0371,icici_bluechip
2021-03-31,66.3499,icici_bluechip
2021-03-30,66.5679,icici_bluechip
2021-03-26,65.7904,icici_bluechip
2021-03-25,64.864,icici_bluechip
2021-03-24,66.1412,icici_bluechip
2021-03-23,67.2521,icici_bluechip
2021-03-22,66.8021,icici_bluechip
2021-03-19,66.7529,icici_bluechip
2021-03-18,66.2719,icici_bluechip
2021-03-17,67.2323,icici_bluechip
2021-03-16,68.0344,icici_bluechip
2021-03-15,67.9814,icici_bluechip
2021-03-12,68.3853,icici_bluechip
2021-03-10,68.9064,icici_bluechip
2021-03-09,68.541,icici_bluechip
2021-03-08,68.0512,icici_bluechip
2021-03-05,68.454,icici_bluechip
2021-03-04,68.9431,icici_bluechip
2021-03-03,69.1273,icici_bluechip
2021-03-02,67.814,icici_bluechip
2021-03-01,66.6336,icici_bluechip
2021-02-26,65.7906,icici_bluechip
2021-02-25,67.5493,icici_bluechip
2021-02-24,67.3751,icici_bluechip
2021-02-23,66.8644,icici_bluechip
2021-02-22,66.7885,icici_bluechip
2021-02-19,67.9212,icici_bluechip
2021-02-18,68.5185,icici_bluechip
2021-02-17,68.6967,icici_bluechip
2021-02-16,69.3418,icici_bluechip
2021-02-15,69.3997,icici_bluechip
2021-02-12,68.1007,icici_bluechip
2021-02-11,68.1178,icici_bluechip
2021-02-10,67.59,icici_bluechip
2021-02-09,66.9563,icici_bluechip
2021-02-08,67.1298,icici_bluechip
2021-02-05,66.3772,icici_bluechip
2021-02-04,66.216,icici_bluechip
2021-02-03,65.4614,icici_bluechip
2021-02-02,64.9817,icici_bluechip
2021-02-01,63.2909,icici_bluechip
2021-01-29,61.0128,icici_bluechip
2021-01-28,62.2646,icici_bluechip
2021-01-27,63.2001,icici_bluechip
2021-01-25,64.4204,icici_bluechip
2021-01-22,65.0458,icici_bluechip
2021-01-21,65.3636,icici_bluechip
2021-01-20,65.6415,icici_bluechip
2021-01-19,65.1644,icici_bluechip
2021-01-18,63.9697,icici_bluechip
2021-01-15,65.1807,icici_bluechip
2021-01-14,66.0755,icici_bluechip
2021-01-13,66.0534,icici_bluechip
2021-01-12,66.9093,icici_bluechip
2021-01-11,67.1855,icici_bluechip
2021-01-08,66.77,icici_bluechip
2021-01-07,65.7504,icici_bluechip
2021-01-06,65.8741,icici_bluechip
2021-01-05,66.3871,icici_bluechip
2021-01-04,65.5681,icici_bluechip
2021-01-01,64.982,icici_bluechip
2020-12-31,64.6805,icici_bluechip
2020-12-30,64.5447,icici_bluechip
2020-12-29,64.0114,icici_bluechip
2020-12-28,63.9489,icici_bluechip
2020-12-24,63.4684,icici_bluechip
2020-12-23,63.0442,icici_bluechip
2020-12-22,62.375,icici_bluechip
2020-12-21,61.9754,icici_bluechip
2020-12-18,63.654,icici_bluechip
2020-12-17,63.309,icici_bluechip
2020-12-16,62.9874,icici_bluechip
2020-12-15,62.6215,icici_bluechip
2020-12-14,62.2695,icici_bluechip
2020-12-11,61.9606,icici_bluechip
2020-12-10,61.9425,icici_bluechip
2020-12-09,61.8566,icici_bluechip
2020-12-08,61.3644,icici_bluechip
2020-12-07,61.1734,icici_bluechip
2020-12-04,61.0214,icici_bluechip
2020-12-03,60.7394,icici_bluechip
2020-12-02,60.3507,icici_bluechip
2020-12-01,60.5083,icici_bluechip
2020-11-27,60.2353,icici_bluechip
2020-11-26,59.7982,icici_bluechip
2020-11-25,59.1082,icici_bluechip
2020-11-24,60.1029,icici_bluechip
2020-11-23,59.8224,icici_bluechip
2020-11-20,59.1344,icici_bluechip
2020-11-19,58.0742,icici_bluechip
2020-11-18,58.5899,icici_bluechip
2020-11-17,58.2212,icici_bluechip
2020-11-13,57.2281,icici_bluechip
2020-11-12,56.9553,icici_bluechip
2020-11-11,56.9431,icici_bluechip
2020-11-10,56.2903,icici_bluechip
2020-11-09,55.9657,icici_bluechip
2020-11-06,55.3169,icici_bluechip
2020-11-05,54.9099,icici_bluechip
2020-11-04,54.0352,icici_bluechip
2020-11-03,53.4532,icici_bluechip
2020-11-02,52.8932,icici_bluechip
2020-10-30,52.6432,icici_bluechip
2020-10-29,52.8208,icici_bluechip
2020-10-28,52.7335,icici_bluechip
2020-10-27,53.3319,icici_bluechip
2020-10-26,52.0546,icici_bluechip
2020-10-23,52.3818,icici_bluechip
2020-10-22,51.8735,icici_bluechip
2020-10-21,51.8558,icici_bluechip
2020-10-20,51.9759,icici_bluechip
2020-10-19,51.7939,icici_bluechip
2020-10-16,51.5,icici_bluechip
2020-10-15,51.0383,icici_bluechip
2020-10-14,52.1671,icici_bluechip
2020-10-13,51.7895,icici_bluechip
2020-10-12,52.0031,icici_bluechip
2020-10-09,52.0684,icici_bluechip
2020-10-08,52.0817,icici_bluechip
2020-10-07,51.769,icici_bluechip
2020-10-06,51.8471,icici_bluechip
2020-10-05,51.3416,icici_bluechip
2020-10-01,51.2488,icici_bluechip
2020-09-30,50.5719,icici_bluechip
2020-09-29,50.3304,icici_bluechip
2020-09-28,50.1929,icici_bluechip
2020-09-25,49.1743,icici_bluechip
2020-09-24,48.0502,icici_bluechip
2020-09-23,49.3347,icici_bluechip
2020-09-22,49.5275,icici_bluechip
2020-09-21,49.8814,icici_bluechip
2020-09-18,51.1081,icici_bluechip
2020-09-17,51.2436,icici_bluechip
2020-09-16,51.5236,icici_bluechip
2020-09-15,51.2406,icici_bluechip
2020-09-14,50.833,icici_bluechip
2020-09-11,50.7472,icici_bluechip
2020-09-10,50.6651,icici_bluechip
2020-09-09,50.3218,icici_bluechip
2020-09-08,50.6846,icici_bluechip
2020-09-07,50.997,icici_bluechip
2020-09-04,51.1327,icici_bluechip
2020-09-03,51.7669,icici_bluechip
2020-09-02,51.5632,icici_bluechip
2020-09-01,51.2617,icici_bluechip
2020-08-31,50.578,icici_bluechip
2020-08-28,52.1529,icici_bluechip
2020-08-27,51.8177,icici_bluechip
2020-08-26,51.9163,icici_bluechip
2020-08-25,51.8047,icici_bluechip
2020-08-24,51.5292,icici_bluechip
2020-08-21,51.046,icici_bluechip
2020-08-20,50.7888,icici_bluechip
2020-08-19,50.8747,icici_bluechip
2020-08-18,50.7373,icici_bluechip
2020-08-17,50.0781,icici_bluechip
2020-08-14,49.6459,icici_bluechip
2020-08-13,50.2208,icici_bluechip
2020-08-12,50.1173,icici_bluechip
2020-08-11,50.333,icici_bluechip
2020-08-10,50.3349,icici_bluechip
2020-08-07,49.7696,icici_bluechip
2020-08-06,49.3785,icici_bluechip
2020-08-05,48.9544,icici_bluechip
2020-08-04,48.7527,icici_bluechip
2020-08-03,48.0767,icici_bluechip
2020-07-31,48.6272,icici_bluechip
2020-07-30,48.4634,icici_bluechip
2020-07-29,48.6187,icici_bluechip
2020-07-28,48.6965,icici_bluechip
2020-07-27,47.9389,icici_bluechip
2020-07-24,48.2886,icici_bluechip
2020-07-23,48.8602,icici_bluechip
2020-07-22,48.5253,icici_bluechip
2020-07-21,48.8579,icici_bluechip
2020-07-20,48.7371,icici_bluechip
2020-07-17,48.0103,icici_bluechip
2020-07-16,47.5782,icici_bluechip
2020-07-15,47.3582,icici_bluechip
2020-07-14,47.2694,icici_bluechip
2020-07-13,48.0225,icici_bluechip
2020-07-10,48.3586,icici_bluechip
2020-07-09,48.6452,icici_bluechip
2020-07-08,48.2897,icici_bluechip
2020-07-07,49.0073,icici_bluechip
2020-07-06,48.2351,icici_bluechip
2020-07-03,47.5785,icici_bluechip
2020-07-02,47.6297,icici_bluechip
2020-07-01,47.2575,icici_bluechip
2020-06-30,47.0399,icici_bluechip
2020-06-29,46.9765,icici_bluechip
2020-06-26,47.174,icici_bluechip
2020-06-25,47.0816,icici_bluechip
2020-06-24,47.0349,icici_bluechip
2020-06-23,47.7131,icici_bluechip
2020-06-22,46.9144,icici_bluechip
2020-06-19,46.54,icici_bluechip
2020-06-18,46.2021,icici_bluechip
2020-06-17,45.7357,icici_bluechip
2020-06-16,45.8454,icici_bluechip
2020-06-15,45.421,icici_bluechip
2020-06-12,46.1403,icici_bluechip
2020-06-11,45.7706,icici_bluechip
2020-06-10,46.4633,icici_bluechip
2020-06-09,46.218,icici_bluechip
2020-06-08,46.7292,icici_bluechip
2020-06-05,46.7759,icici_bluechip
2020-06-04,46.2798,icici_bluechip
2020-06-03,46.5934,icici_bluechip
2020-06-02,46.2677,icici_bluechip
2020-06-01,45.6082,icici_bluechip
2020-05-29,44.6462,icici_bluechip
2020-05-28,44.0203,icici_bluechip
2020-05-27,43.1592,icici_bluechip
2020-05-26,42.6159,icici_bluechip
2020-05-22,42.8272,icici_bluechip
2020-05-21,43.2827,icici_bluechip
2020-05-20,43.1069,icici_bluechip
2020-05-19,42.3384,icici_bluechip
2020-05-18,41.8882,icici_bluechip
2020-05-15,43.2228,icici_bluechip
2020-05-14,43.3273,icici_bluechip
2020-05-13,43.8787,icici_bluechip
2020-05-12,43.3466,icici_bluechip
2020-05-11,43.4478,icici_bluechip
2020-05-08,43.4867,icici_bluechip
2020-05-07,43.1938,icici_bluechip
2020-05-06,43.866,icici_bluechip
2020-05-05,43.4431,icici_bluechip
2020-05-04,43.9775,icici_bluechip
2020-04-30,46.2403,icici_bluechip
2020-04-29,45.1796,icici_bluechip
2020-04-28,44.4792,icici_bluechip
2020-04-27,43.9317,icici_bluechip
2020-04-24,43.3221,icici_bluechip
2020-04-23,44.2908,icici_bluechip
2020-04-22,43.6292,icici_bluechip
2020-04-21,42.8546,icici_bluechip
2020-04-20,44.0535,icici_bluechip
2020-04-17,44.1263,icici_bluechip
2020-04-16,42.8712,icici_bluechip
2020-04-15,42.7458,icici_bluechip
2020-04-13,42.8958,icici_bluechip
2020-04-09,43.829,icici_bluechip
2020-04-08,41.9653,icici_bluechip
2020-04-07,41.8335,icici_bluechip
2020-04-03,39.2576,icici_bluechip
2020-04-01,40.2742,icici_bluechip
2020-03-31,41.7364,icici_bluechip
2020-03-30,40.9103,icici_bluechip
2020-03-27,42.4778,icici_bluechip
2020-03-26,42.2508,icici_bluechip
2020-03-25,40.4084,icici_bluechip
2020-03-24,38.446,icici_bluechip
2020-03-23,37.6463,icici_bluechip
2020-03-20,42.895,icici_bluechip
2020-03-19,41.0376,icici_bluechip
2020-03-18,42.3458,icici_bluechip
2020-03-17,44.891,icici_bluechip
2020-03-16,45.8588,icici_bluechip
2020-03-13,48.5999,icici_bluechip
2020-03-12,47.8039,icici_bluechip
2020-03-11,51.3449,icici_bluechip
2020-03-09,51.2994,icici_bluechip
2020-03-06,53.0987,icici_bluechip
2020-03-05,53.645,icici_bluechip
2020-03-04,53.0825,icici_bluechip
2020-03-03,53.5505,icici_bluechip
2020-03-02,52.8009,icici_bluechip
2020-02-28,52.8907,icici_bluechip
2020-02-27,54.3307,icici_bluechip
2020-02-26,54.4616,icici_bluechip
2020-02-25,54.8741,icici_bluechip
2020-02-24,55.0739,icici_bluechip
2020-02-20,56.0837,icici_bluechip
2020-02-19,56.1832,icici_bluechip
2020-02-18,55.593,icici_bluechip
2020-02-17,55.8525,icici_bluechip
2020-02-14,56.1437,icici_bluechip
2020-02-13,56.6034,icici_bluechip
2020-02-12,56.6194,icici_bluechip
2020-02-11,56.1376,icici_bluechip
2020-02-10,56.0931,icici_bluechip
2020-02-07,55.7358,icici_bluechip
2020-02-06,55.6957,icici_bluechip
2020-02-05,55.439,icici_bluechip
2020-02-04,54.9917,icici_bluechip
2020-02-03,53.9914,icici_bluechip
2020-01-31,54.3388,icici_bluechip
2020-01-30,54.2354,icici_bluechip
2020-01-29,54.4893,icici_bluechip
2020-01-28,54.0279,icici_bluechip
2020-01-27,54.0408,icici_bluechip
2020-01-24,54.3219,icici_bluechip
2020-01-23,53.6822,icici_bluechip
2020-01-22,53.3944,icici_bluechip
2020-01-21,53.5685,icici_bluechip
2020-01-20,53.8785,icici_bluechip
2020-01-17,54.4449,icici_bluechip
2020-01-16,54.3185,icici_bluechip
2020-01-15,54.0222,icici_bluechip
2020-01-14,54.1131,icici_bluechip
2020-01-13,53.8602,icici_bluechip
2020-01-10,53.6188,icici_bluechip
2020-01-09,53.3485,icici_bluechip
2020-01-08,52.7438,icici_bluechip
2020-01-07,52.6992,icici_bluechip
2020-01-06,52.3269,icici_bluechip
2020-01-03,53.3371,icici_bluechip
2020-01-02,53.3612,icici_bluechip
2020-01-01,53.2623,icici_bluechip
2019-12-31,53.2357,icici_bluechip
2019-12-30,53.5844,icici_bluechip
2019-12-27,53.5587,icici_bluechip
2019-12-26,53.1793,icici_bluechip
2019-12-24,53.2331,icici_bluechip
2019-12-23,53.4977,icici_bluechip
2019-12-20,53.5651,icici_bluechip
2019-12-19,53.4483,icici_bluechip
2019-12-18,53.2201,icici_bluechip
2019-12-17,52.823,icici_bluechip
2019-12-16,52.2265,icici_bluechip
2019-12-13,52.3885,icici_bluechip
2019-12-12,51.9371,icici_bluechip
2019-12-11,51.6608,icici_bluechip
2019-12-10,51.3884,icici_bluechip
2019-12-09,51.7165,icici_bluechip
2019-12-06,51.7574,icici_bluechip
2019-12-05,52.1739,icici_bluechip
2019-12-04,52.1758,icici_bluechip
2019-12-03,52.1391,icici_bluechip
2019-12-02,52.0831,icici_bluechip
2019-11-29,52.5202,icici_bluechip
2019-11-28,52.6551,icici_bluechip
2019-11-27,52.5541,icici_bluechip
2019-11-26,52.1819,icici_bluechip
2019-11-25,52.4058,icici_bluechip
2019-11-22,51.8055,icici_bluechip
2019-11-21,51.9749,icici_bluechip
2019-11-20,52.2197,icici_bluechip
2019-11-19,52.3017,icici_bluechip
2019-11-18,52.6458,icici_bluechip
2019-11-15,52.8598,icici_bluechip
2019-11-14,52.9216,icici_bluechip
2019-11-13,52.7507,icici_bluechip
2019-11-11,52.7747,icici_bluechip
2019-11-08,52.6691,icici_bluechip
2019-11-07,53.1469,icici_bluechip
2019-11-06,53.0273,icici_bluechip
2019-11-05,52.8708,icici_bluechip
2019-11-04,52.9846,icici_bluechip
2019-11-01,53.1065,icici_bluechip
2019-10-31,53.1953,icici_bluechip
2019-10-30,52.9263,icici_bluechip
2019-10-29,52.7875,icici_bluechip
2019-10-25,51.789,icici_bluechip
2019-10-24,51.8755,icici_bluechip
2019-10-23,51.8553,icici_bluechip
2019-10-22,51.9124,icici_bluechip
2019-10-18,51.7965,icici_bluechip
2019-10-17,51.5637,icici_bluechip
2019-10-16,51.1431,icici_bluechip
2019-10-15,50.8906,icici_bluechip
2019-10-14,50.3561,icici_bluechip
2019-10-11,50.3824,icici_bluechip
2019-10-10,49.8371,icici_bluechip
2019-10-09,50.1686,icici_bluechip
2019-10-07,49.6532,icici_bluechip
2019-10-04,49.7632,icici_bluechip
2019-10-03,50.0372,icici_bluechip
2019-10-01,50.3569,icici_bluechip
2019-09-30,50.5655,icici_bluechip
2019-09-27,50.9252,icici_bluechip
2019-09-26,50.9655,icici_bluechip
2019-09-25,50.501,icici_bluechip
2019-09-24,50.9665,icici_bluechip
2019-09-23,51.4523,icici_bluechip
2019-09-20,49.5049,icici_bluechip
2019-09-19,46.5793,icici_bluechip
2019-09-18,47.0925,icici_bluechip
2019-09-17,46.875,icici_bluechip
2019-09-16,47.6812,icici_bluechip
2019-09-13,47.7489,icici_bluechip
2019-09-12,47.5026,icici_bluechip
2019-09-11,47.7491,icici_bluechip
2019-09-09,47.6889,icici_bluechip
2019-09-06,47.1805,icici_bluechip
2019-09-05,46.9716,icici_bluechip
2019-09-04,46.9908,icici_bluechip
2019-09-03,46.866,icici_bluechip
2019-08-30,47.6846,icici_bluechip
2019-08-29,47.3071,icici_bluechip
2019-08-28,47.6385,icici_bluechip
2019-08-27,47.7229,icici_bluechip
2019-08-26,47.5602,icici_bluechip
2019-08-23,46.5352,icici_bluechip
2019-08-22,46.5543,icici_bluechip
2019-08-21,47.2066,icici_bluechip
2019-08-20,47.4791,icici_bluechip
2019-08-19,47.5458,icici_bluechip
2019-08-16,47.5876,icici_bluechip
2019-08-14,47.4579,icici_bluechip
2019-08-13,47.2855,icici_bluechip
2019-08-09,48.2849,icici_bluechip
2019-08-08,47.4873,icici_bluechip
2019-08-07,47.0773,icici_bluechip
2019-08-06,47.3788,icici_bluechip
2019-08-05,46.6536,icici_bluechip
2019-08-02,47.0393,icici_bluechip
2019-08-01,46.8464,icici_bluechip
2019-07-31,47.2759,icici_bluechip
2019-07-30,46.9379,icici_bluechip
2019-07-29,47.2517,icici_bluechip
2019-07-26,47.5006,icici_bluechip
2019-07-25,47.1099,icici_bluechip
2019-07-24,46.9859,icici_bluechip
2019-07-23,47.2682,icici_bluechip
2019-07-22,47.4019,icici_bluechip
2019-07-19,47.9665,icici_bluechip
2019-07-18,48.6995,icici_bluechip
2019-07-17,48.9859,icici_bluechip
2019-07-16,48.9022,icici_bluechip
2019-07-15,48.7139,icici_bluechip
2019-07-12,48.3958,icici_bluechip
2019-07-11,48.6231,icici_bluechip
2019-07-10,48.1232,icici_bluechip
2019-07-09,48.498,icici_bluechip
2019-07-08,48.5793,icici_bluechip
2019-07-05,49.5638,icici_bluechip
2019-07-04,50.258,icici_bluechip
2019-07-03,50.1794,icici_bluechip
2019-07-02,50.1515,icici_bluechip
2019-07-01,49.7716,icici_bluechip
2019-06-28,49.3756,icici_bluechip
2019-06-27,49.366,icici_bluechip
2019-06-26,49.2897,icici_bluechip
2019-06-25,48.996,icici_bluechip
2019-06-24,48.5922,icici_bluechip
2019-06-21,48.5317,icici_bluechip
2019-06-20,48.8821,icici_bluechip
2019-06-19,48.4036,icici_bluechip
2019-06-18,48.4502,icici_bluechip
2019-06-17,48.5141,icici_bluechip
2019-06-14,48.8909,icici_bluechip
2019-06-13,49.2907,icici_bluechip
2019-06-12,49.234,icici_bluechip
2019-06-11,49.653,icici_bluechip
2019-06-10,49.5439,icici_bluechip
2019-06-07,49.443,icici_bluechip
2019-06-06,49.4851,icici_bluechip
2019-06-04,50.041,icici_bluechip
2019-06-03,50.216,icici_bluechip
2019-05-31,49.6009,icici_bluechip
2019-05-30,49.5043,icici_bluechip
2019-05-29,48.9649,icici_bluechip
2019-05-28,48.8592,icici_bluechip
2019-05-27,48.7481,icici_bluechip
2019-05-24,48.4689,icici_bluechip
2019-05-23,47.927,icici_bluechip
2019-05-22,48.1288,icici_bluechip
2019-05-21,47.8968,icici_bluechip
2019-05-20,48.4883,icici_bluechip
2019-05-17,46.7549,icici_bluechip
2019-05-16,46.225,icici_bluechip
2019-05-15,45.9877,icici_bluechip
2019-05-14,45.5871,icici_bluechip
2019-05-13,45.8407,icici_bluechip
2019-05-10,46.2551,icici_bluechip
2019-05-09,46.2216,icici_bluechip
2019-05-08,46.3892,icici_bluechip
2019-05-07,46.9154,icici_bluechip
2019-05-06,47.1499,icici_bluechip
2019-05-03,47.5539,icici_bluechip
2019-05-02,47.768,icici_bluechip
2019-04-30,47.7229,icici_bluechip
2019-04-26,47.587,icici_bluechip
2019-04-25,47.4253,icici_bluechip
2019-04-24,47.7032,icici_bluechip
2019-04-23,47.0397,icici_bluechip
2019-04-22,47.0681,icici_bluechip
2019-04-18,47.5729,icici_bluechip
2019-04-16,47.9452,icici_bluechip
2019-04-15,47.687,icici_bluechip
2019-04-12,47.2601,icici_bluechip
2019-04-11,47.175,icici_bluechip
2019-04-10,47.2548,icici_bluechip
2019-04-09,47.4487,icici_bluechip
2019-04-08,47.3717,icici_bluechip
2019-04-05,47.4887,icici_bluechip
2019-04-04,47.1582,icici_bluechip
2019-04-03,47.3076,icici_bluechip
2019-04-02,47.3153,icici_bluechip
2019-04-01,47.1959,icici_bluechip
2019-03-29,46.981,icici_bluechip
2019-03-28,46.6551,icici_bluechip
2019-03-27,46.2936,icici_bluechip
2019-03-26,46.3096,icici_bluechip
2019-03-25,45.8064,icici_bluechip
2019-03-22,46.086,icici_bluechip
2019-03-20,46.2349,icici_bluechip
2019-03-19,46.5113,icici_bluechip
2019-03-18,46.5115,icici_bluechip
2019-03-15,46.6669,icici_bluechip
2019-03-14,46.3853,icici_bluechip
2019-03-13,46.5112,icici_bluechip
2019-03-12,46.2528,icici_bluechip
2019-03-11,45.9878,icici_bluechip
2019-03-08,45.3368,icici_bluechip
2019-03-07,45.2268,icici_bluechip
2019-03-06,45.3919,icici_bluechip
2019-03-05,45.1533,icici_bluechip
2019-03-01,44.6198,icici_bluechip
2019-02-28,44.4396,icici_bluechip
2019-02-27,44.5667,icici_bluechip
2019-02-26,44.5733,icici_bluechip
2019-02-25,44.296,icici_bluechip
2019-02-22,43.7049,icici_bluechip
2019-02-21,43.7567,icici_bluechip
2019-02-20,43.6851,icici_bluechip
2019-02-19,43.1958,icici_bluechip
2019-02-18,43.3006,icici_bluechip
2019-02-15,43.7705,icici_bluechip
2019-02-14,44.069,icici_bluechip
2019-02-13,44.2871,icici_bluechip
2019-02-12,44.3109,icici_bluechip
2019-02-11,44.5422,icici_bluechip
2019-02-08,44.8823,icici_bluechip
2019-02-07,45.183,icici_bluechip
2019-02-06,44.8555,icici_bluechip
2019-02-05,44.3637,icici_bluechip
2019-02-04,44.1172,icici_bluechip
2019-02-01,43.9509,icici_bluechip
2019-01-31,43.5103,icici_bluechip
2019-01-30,43.2035,icici_bluechip
2019-01-29,43.2329,icici_bluechip
2019-01-28,43.2665,icici_bluechip
2019-01-25,43.7855,icici_bluechip
2019-01-24,44.1054,icici_bluechip
2019-01-23,44.275,icici_bluechip
2019-01-22,44.1753,icici_bluechip
2019-01-21,44.2645,icici_bluechip
2019-01-18,44.3353,icici_bluechip
2019-01-17,44.3741,icici_bluechip
2019-01-16,44.3757,icici_bluechip
2019-01-15,44.6295,icici_bluechip
2019-01-14,44.192,icici_bluechip
2019-01-11,44.451,icici_bluechip
2019-01-10,44.7078,icici_bluechip
2019-01-09,44.669,icici_bluechip
2019-01-08,44.6935,icici_bluechip
2019-01-07,45.1689,icici_bluechip
2019-01-04,45.318,icici_bluechip
2019-01-03,45.3334,icici_bluechip
2019-01-02,45.6003,icici_bluechip
2019-01-01,46.0296,icici_bluechip
2018-12-31,45.9487,icici_bluechip
2018-12-28,45.8494,icici_bluechip
2018-12-27,45.4602,icici_bluechip
2018-12-26,45.3484,icici_bluechip
2018-12-24,45.313,icici_bluechip
2018-12-21,45.8127,icici_bluechip
2018-12-20,46.4699,icici_bluechip
2018-12-19,46.5653,icici_bluechip
2018-12-18,46.2921,icici_bluechip
2018-12-17,46.2157,icici_bluechip
2018-12-14,45.8628,icici_bluechip
2018-12-13,45.8382,icici_bluechip
2018-12-12,45.4228,icici_bluechip
2018-12-11,44.4437,icici_bluechip
2018-12-10,44.0545,icici_bluechip
2018-12-07,44.813,icici_bluechip
2018-12-06,44.4363,icici_bluechip
2018-12-05,45.0236,icici_bluechip
2018-12-04,45.4645,icici_bluechip
2018-12-03,45.5142,icici_bluechip
2018-11-30,45.5428,icici_bluechip
2018-11-29,45.1652,icici_bluechip
2018-11-28,44.633,icici_bluechip
2018-11-27,44.4178,icici_bluechip
2018-11-26,44.1062,icici_bluechip
2018-11-22,43.9282,icici_bluechip
2018-11-21,44.1877,icici_bluechip
2018-11-20,44.1911,icici_bluechip
2018-11-19,44.4665,icici_bluechip
2018-11-16,44.3022,icici_bluechip
2018-11-15,43.9766,icici_bluechip
2018-11-14,43.71,icici_bluechip
2018-11-13,43.845,icici_bluechip
2018-11-12,43.5524,icici_bluechip
2018-11-09,44.1023,icici_bluechip
2018-11-06,43.7198,icici_bluechip
2018-11-05,43.81,icici_bluechip
2018-11-02,43.85,icici_bluechip
2018-11-01,43.1171,icici_bluechip
2018-10-31,42.8528,icici_bluechip
2018-10-30,41.9306,icici_bluechip
2018-10-29,42.1527,icici_bluechip
2018-10-26,41.5634,icici_bluechip
2018-10-25,41.7228,icici_bluechip
2018-10-24,41.8934,icici_bluechip
2018-10-23,41.2102,icici_bluechip
2018-10-22,41.8448,icici_bluechip
2018-10-19,42.2254,icici_bluechip
2018-10-17,42.6098,icici_bluechip
2018-10-16,43.4351,icici_bluechip
2018-10-15,43.2515,icici_bluechip
2018-10-12,43.1784,icici_bluechip
2018-10-11,42.0772,icici_bluechip
2018-10-10,42.9547,icici_bluechip
2018-10-09,41.9931,icici_bluechip
2018-10-08,41.9164,icici_bluechip
2018-10-05,42.1007,icici_bluechip
2018-10-04,42.7151,icici_bluechip
2018-10-03,43.5984,icici_bluechip
2018-10-01,44.4205,icici_bluechip
2018-09-28,44.6596,icici_bluechip
2018-09-27,44.845,icici_bluechip
2018-09-26,45.3522,icici_bluechip
2018-09-25,45.6957,icici_bluechip
2018-09-24,45.3802,icici_bluechip
2018-09-21,46.5231,icici_bluechip
2018-09-19,46.9948,icici_bluechip
2018-09-18,47.3009,icici_bluechip
2018-09-17,47.6817,icici_bluechip
2018-09-14,48.2119,icici_bluechip
2018-09-12,47.5556,icici_bluechip
2018-09-11,47.2567,icici_bluechip
2018-09-10,47.8953,icici_bluechip
2018-09-07,48.7308,icici_bluechip
2018-09-06,48.7309,icici_bluechip
2018-09-05,48.4323,icici_bluechip
2018-09-04,48.7022,icici_bluechip
2018-09-03,49.163,icici_bluechip
2018-08-31,49.5414,icici_bluechip
2018-08-30,49.4987,icici_bluechip
2018-08-29,49.6369,icici_bluechip
2018-08-28,49.4611,icici_bluechip
2018-08-27,49.2514,icici_bluechip
2018-08-24,48.6583,icici_bluechip
2018-08-23,48.761,icici_bluechip
2018-08-21,48.6048,icici_bluechip
2018-08-20,48.3837,icici_bluechip
2018-08-17,48.1444,icici_bluechip
2018-08-16,47.8863,icici_bluechip
2018-08-14,48.162,icici_bluechip
2018-08-13,47.7677,icici_bluechip
2018-08-10,48.1197,icici_bluechip
2018-08-09,48.3109,icici_bluechip
2018-08-08,48.2043,icici_bluechip
2018-08-07,48.0329,icici_bluechip
2018-08-06,48.0192,icici_bluechip
2018-08-03,48.1229,icici_bluechip
2018-08-02,47.674,icici_bluechip
2018-08-01,48.265,icici_bluechip
2018-07-31,48.2668,icici_bluechip
2018-07-30,48.0705,icici_bluechip
2018-07-27,48.2232,icici_bluechip
2018-07-26,47.9672,icici_bluechip
2018-07-25,48.1091,icici_bluechip
2018-07-24,48.131,icici_bluechip
2018-07-23,47.8292,icici_bluechip
2018-07-20,47.4761,icici_bluechip
2018-07-19,46.9584,icici_bluechip
2018-07-18,47.2694,icici_bluechip
2018-07-17,47.1688,icici_bluechip
2018-07-16,46.796,icici_bluechip
2018-07-13,47.3626,icici_bluechip
2018-07-12,47.4669,icici_bluechip
2018-07-11,47.33,icici_bluechip
2018-07-10,47.2806,icici_bluechip
2018-07-09,46.9185,icici_bluechip
2018-07-06,46.6949,icici_bluechip
2018-07-05,46.5507,icici_bluechip
2018-07-04,46.4418,icici_bluechip
2018-07-03,46.0473,icici_bluechip
2018-07-02,45.7514,icici_bluechip
2018-06-29,45.8172,icici_bluechip
2018-06-28,45.4715,icici_bluechip
2018-06-27,45.7051,icici_bluechip
2018-06-26,46.0382,icici_bluechip
2018-06-25,46.0384,icici_bluechip
2018-06-22,46.2405,icici_bluechip
2018-06-21,45.8965,icici_bluechip
2018-06-20,46.0752,icici_bluechip
2018-06-19,45.8521,icici_bluechip
2018-06-18,46.1941,icici_bluechip
2018-06-15,46.6102,icici_bluechip
2018-06-14,46.6297,icici_bluechip
2018-06-13,46.6806,icici_bluechip
2018-06-12,46.6921,icici_bluechip
2018-06-11,46.4037,icici_bluechip
2018-06-08,46.3772,icici_bluechip
2018-06-07,46.2776,icici_bluechip
2018-06-06,46.0611,icici_bluechip
2018-06-05,45.4377,icici_bluechip
2018-06-04,45.791,icici_bluechip
2018-06-01,46.2936,icici_bluechip
2018-05-31,46.7453,icici_bluechip
2018-05-30,46.4314,icici_bluechip
2018-05-29,46.1664,icici_bluechip
2018-05-28,46.0973,icici_bluechip
2018-05-25,45.7053,icici_bluechip
2018-05-24,44.9205,icici_bluechip
2018-05-23,44.5882,icici_bluechip
2018-05-22,45.0447,icici_bluechip
2018-05-21,44.96,icici_bluechip
2018-05-18,45.5903,icici_bluechip
2018-05-17,45.8324,icici_bluechip
2018-05-16,45.8304,icici_bluechip
2018-05-15,45.8985,icici_bluechip
2018-05-14,45.8161,icici_bluechip
2018-05-11,46.058,icici_bluechip
2018-05-10,45.8115,icici_bluechip
2018-05-09,46.0353,icici_bluechip
2018-05-08,46.1987,icici_bluechip
2018-05-07,45.9842,icici_bluechip
2018-05-04,45.8291,icici_bluechip
2018-05-03,46.0162,icici_bluechip
2018-05-02,46.423,icici_bluechip
2018-04-30,46.3585,icici_bluechip
2018-04-27,45.9163,icici_bluechip
2018-04-26,45.9246,icici_bluechip
2018-04-25,45.6684,icici_bluechip
2018-04-24,45.8566,icici_bluechip
2018-04-23,45.7622,icici_bluechip
2018-04-20,45.5433,icici_bluechip
2018-04-19,45.5448,icici_bluechip
2018-04-18,45.3724,icici_bluechip
2018-04-17,45.565,icici_bluechip
2018-04-16,45.5742,icici_bluechip
2018-04-13,45.1852,icici_bluechip
2018-04-12,45.1019,icici_bluechip
2018-04-11,44.8579,icici_bluechip
2018-04-10,44.6607,icici_bluechip
2018-04-09,44.6744,icici_bluechip
2018-04-06,44.5188,icici_bluechip
2018-04-05,44.3133,icici_bluechip
2018-04-04,43.6392,icici_bluechip
2018-04-03,43.8922,icici_bluechip
2018-04-02,43.7299,icici_bluechip
2018-03-28,42.8589,icici_bluechip
2018-03-27,42.8956,icici_bluechip
2018-03-26,42.4293,icici_bluechip
2018-03-23,41.881,icici_bluechip
2018-03-22,42.2615,icici_bluechip
2018-03-21,42.4211,icici_bluechip
2018-03-20,42.2834,icici_bluechip
2018-03-19,42.1986,icici_bluechip
2018-03-16,42.5813,icici_bluechip
2018-03-15,43.2154,icici_bluechip
2018-03-14,43.1976,icici_bluechip
2018-03-13,43.168,icici_bluechip
2018-03-12,43.1646,icici_bluechip
2018-03-09,42.8256,icici_bluechip
2018-03-08,42.6226,icici_bluechip
2018-03-07,42.4853,icici_bluechip
2018-03-06,42.8249,icici_bluechip
2018-03-05,43.1863,icici_bluechip
2018-03-01,43.4761,icici_bluechip
2018-02-28,43.6216,icici_bluechip
2018-02-27,43.7346,icici_bluechip
2018-02-26,43.6298,icici_bluechip
2018-02-23,43.1378,icici_bluechip
2018-02-22,42.5132,icici_bluechip
2018-02-21,42.7113,icici_bluechip
2018-02-20,42.635,icici_bluechip
2018-02-19,42.7144,icici_bluechip
2018-02-16,42.9466,icici_bluechip
2018-02-15,43.1527,icici_bluechip
2018-02-14,43.2179,icici_bluechip
2018-02-12,43.1983,icici_bluechip
2018-02-09,42.7755,icici_bluechip
2018-02-08,42.9776,icici_bluechip
2018-02-07,42.3219,icici_bluechip
2018-02-06,42.3687,icici_bluechip
2018-02-05,43.0571,icici_bluechip
2018-02-02,43.6676,icici_bluechip
2018-02-01,44.8934,icici_bluechip
2018-01-31,44.8938,icici_bluechip
2018-01-30,44.8918,icici_bluechip
2018-01-29,45.31,icici_bluechip
2018-01-25,45.1246,icici_bluechip
2018-01-24,45.3295,icici_bluechip
2018-01-23,45.644,icici_bluechip
2018-01-22,45.7891,icici_bluechip
2018-01-19,45.9092,icici_bluechip
2018-01-18,45.2456,icici_bluechip
2018-01-17,45.0557,icici_bluechip
2018-01-16,44.811,icici_bluechip
2018-01-15,45.1435,icici_bluechip
2018-01-12,45.0602,icici_bluechip
2018-01-11,44.8982,icici_bluechip
2018-01-10,44.7981,icici_bluechip
2018-01-09,44.723,icici_bluechip
2018-01-08,44.813,icici_bluechip
2018-01-05,44.6544,icici_bluechip
2018-01-04,44.1072,icici_bluechip
2018-01-03,43.9237,icici_bluechip
2018-01-02,43.8511,icici_bluechip
2018-01-01,44.0453,icici_bluechip
2017-12-29,44.2977,icici_bluechip
2017-12-28,43.8786,icici_bluechip
2017-12-27,43.9602,icici_bluechip
2017-12-26,44.1143,icici_bluechip
2017-12-22,44.0927,icici_bluechip
2017-12-21,43.9254,icici_bluechip
2017-12-20,43.8332,icici_bluechip
2017-12-19,43.9035,icici_bluechip
2017-12-18,43.5965,icici_bluechip
2017-12-15,43.0731,icici_bluechip
2017-12-14,42.6119,icici_bluechip
2017-12-13,42.6097,icici_bluechip
2017-12-12,42.8721,icici_bluechip
2017-12-11,43.0751,icici_bluechip
2017-12-08,42.8027,icici_bluechip
2017-12-07,42.3686,icici_bluechip
2017-12-06,41.9862,icici_bluechip
2017-12-05,42.2472,icici_bluechip
2017-12-04,42.4191,icici_bluechip
2017-12-01,42.4195,icici_bluechip
2017-11-30,42.6016,icici_bluechip
2017-11-29,42.8964,icici_bluechip
2017-11-28,42.8953,icici_bluechip
2017-11-27,42.7038,icici_bluechip
2017-11-24,42.5955,icici_bluechip
2017-11-23,42.3461,icici_bluechip
2017-11-22,42.4111,icici_bluechip
2017-11-21,42.3903,icici_bluechip
2017-11-20,42.3849,icici_bluechip
2017-11-17,42.2027,icici_bluechip
2017-11-16,41.8798,icici_bluechip
2017-11-15,41.469,icici_bluechip
2017-11-14,41.7377,icici_bluechip
2017-11-13,41.9121,icici_bluechip
2017-11-10,42.1625,icici_bluechip
2017-11-09,42.2021,icici_bluechip
2017-11-08,42.051,icici_bluechip
2017-11-07,42.1968,icici_bluechip
2017-11-06,42.4219,icici_bluechip
2017-11-03,42.442,icici_bluechip
2017-11-02,42.4388,icici_bluechip
2017-11-01,42.4335,icici_bluechip
2017-10-31,42.1959,icici_bluechip
2017-10-30,42.2295,icici_bluechip
2017-10-27,41.8638,icici_bluechip
2017-10-26,41.6251,icici_bluechip
2017-10-25,41.6526,icici_bluechip
2017-10-24,41.8201,icici_bluechip
2017-10-23,41.8592,icici_bluechip
2017-10-18,42.0782,icici_bluechip
2017-10-17,42.1503,icici_bluechip
2017-10-16,42.1965,icici_bluechip
2017-10-13,42.1996,icici_bluechip
2017-10-12,41.9776,icici_bluechip
2017-10-11,41.5534,icici_bluechip
2017-10-10,41.6587,icici_bluechip
2017-10-09,41.4651,icici_bluechip
2017-10-06,41.4115,icici_bluechip
2017-10-05,41.1997,icici_bluechip
2017-10-04,41.2008,icici_bluechip
2017-10-03,41.0754,icici_bluechip
2017-09-29,40.9177,icici_bluechip
2017-09-28,40.659,icici_bluechip
2017-09-27,40.4635,icici_bluechip
2017-09-26,41.1104,icici_bluechip
2017-09-25,41.0216,icici_bluechip
2017-09-22,41.5579,icici_bluechip
2017-09-21,42.1447,icici_bluechip
2017-09-20,42.1747,icici_bluechip
2017-09-19,42.2549,icici_bluechip
2017-09-18,42.2254,icici_bluechip
2017-09-15,41.9728,icici_bluechip
2017-09-14,41.8746,icici_bluechip
2017-09-13,41.8537,icici_bluechip
2017-09-12,42.0057,icici_bluechip
2017-09-11,41.713,icici_bluechip
2017-09-08,41.3939,icici_bluechip
2017-09-07,41.2746,icici_bluechip
2017-09-06,40.8249,icici_bluechip
2017-09-05,40.7617,icici_bluechip
2017-09-04,40.5261,icici_bluechip
2017-09-01,40.7117,icici_bluechip
2017-08-31,40.4839,icici_bluechip
2017-08-30,40.3433,icici_bluechip
2017-08-29,39.9721,icici_bluechip
2017-08-28,40.4418,icici_bluechip
2017-08-24,40.0803,icici_bluechip
2017-08-23,39.9841,icici_bluechip
2017-08-22,39.7218,icici_bluechip
2017-08-21,39.7426,icici_bluechip
2017-08-18,39.9352,icici_bluechip
2017-08-17,40.0426,icici_bluechip
2017-08-16,40.1679,icici_bluechip
2017-08-14,39.7254,icici_bluechip
2017-08-11,39.3275,icici_bluechip
2017-08-10,39.3885,icici_bluechip
2017-08-09,40.0602,icici_bluechip
2017-08-08,40.615,icici_bluechip
2017-08-07,40.9032,icici_bluechip
2017-08-04,40.6241,icici_bluechip
2017-08-03,40.4307,icici_bluechip
2017-08-02,40.7686,icici_bluechip
2017-08-01,40.8371,icici_bluechip
2017-07-31,40.7545,icici_bluechip
2017-07-28,40.5241,icici_bluechip
2017-07-27,40.3421,icici_bluechip
2017-07-26,40.1413,icici_bluechip
2017-07-25,40.0758,icici_bluechip
2017-07-24,40.0444,icici_bluechip
2017-07-21,39.9436,icici_bluechip
2017-07-20,39.7729,icici_bluechip
2017-07-19,39.8442,icici_bluechip
2017-07-18,39.528,icici_bluechip
2017-07-17,39.644,icici_bluechip
2017-07-14,39.5038,icici_bluechip
2017-07-13,39.5849,icici_bluechip
2017-07-12,39.3091,icici_bluechip
2017-07-11,39.2034,icici_bluechip
2017-07-10,39.3134,icici_bluechip
2017-07-07,38.9992,icici_bluechip
2017-07-06,39.0762,icici_bluechip
2017-07-05,38.8788,icici_bluechip
2017-07-04,38.7575,icici_bluechip
2017-07-03,38.7437,icici_bluechip
2017-06-30,38.5957,icici_bluechip
2017-06-29,38.402,icici_bluechip
2017-06-28,38.4284,icici_bluechip
2017-06-27,38.4889,icici_bluechip
2017-06-23,38.8132,icici_bluechip
2017-06-22,39.1303,icici_bluechip
2017-06-21,39.1056,icici_bluechip
2017-06-20,39.152,icici_bluechip
2017-06-19,39.2961,icici_bluechip
2017-06-16,39.0665,icici_bluechip
2017-06-15,39.0056,icici_bluechip
2017-06-14,39.1042,icici_bluechip
2017-06-13,39.0799,icici_bluechip
2017-06-12,39.0069,icici_bluechip
2017-06-09,39.0801,icici_bluechip
2017-06-08,38.8185,icici_bluechip
2017-06-07,38.7054,icici_bluechip
2017-06-06,38.5089,icici_bluechip
2017-06-05,38.5761,icici_bluechip
2017-06-02,38.4372,icici_bluechip
2017-06-01,38.1456,icici_bluechip
2017-05-31,38.0466,icici_bluechip
2017-05-30,37.7915,icici_bluechip
2017-05-29,37.7726,icici_bluechip
2017-05-26,37.9005,icici_bluechip
2017-05-25,37.4522,icici_bluechip
2017-05-24,36.8408,icici_bluechip
2017-05-23,36.9611,icici_bluechip
2017-05-22,37.2391,icici_bluechip
2017-05-19,37.4612,icici_bluechip
2017-05-18,37.7636,icici_bluechip
2017-05-17,38.1886,icici_bluechip
2017-05-16,38.4042,icici_bluechip
2017-05-15,38.2789,icici_bluechip
2017-05-12,38.0429,icici_bluechip
2017-05-11,38.1868,icici_bluechip
2017-05-10,38.1331,icici_bluechip
2017-05-09,37.7357,icici_bluechip
2017-05-08,37.6089,icici_bluechip
2017-05-05,37.5239,icici_bluechip
2017-05-04,37.7064,icici_bluechip
2017-05-03,37.5841,icici_bluechip
2017-05-02,37.5727,icici_bluechip
2017-04-28,37.4136,icici_bluechip
2017-04-27,37.4758,icici_bluechip
2017-04-26,37.4489,icici_bluechip
2017-04-25,37.3847,icici_bluechip
2017-04-24,37.1764,icici_bluechip
2017-04-21,36.7325,icici_bluechip
2017-04-20,36.8038,icici_bluechip
2017-04-19,36.489,icici_bluechip
2017-04-18,36.4412,icici_bluechip
2017-04-17,36.5094,icici_bluechip
2017-04-13,36.6936,icici_bluechip
2017-04-12,36.8213,icici_bluechip
2017-04-11,36.9007,icici_bluechip
2017-04-10,36.6778,icici_bluechip
2017-04-07,36.6454,icici_bluechip
2017-04-06,36.7785,icici_bluechip
2017-04-05,36.7997,icici_bluechip
2017-04-03,36.5586,icici_bluechip
2017-03-31,36.2991,icici_bluechip
2017-03-30,36.3577,icici_bluechip
2017-03-29,36.1291,icici_bluechip
2017-03-28,36.0397,icici_bluechip
2017-03-27,35.9497,icici_bluechip
2017-03-24,36.0363,icici_bluechip
2017-03-23,35.9047,icici_bluechip
2017-03-22,35.7299,icici_bluechip
2017-03-21,35.8909,icici_bluechip
2017-03-20,35.9269,icici_bluechip
2017-03-17,35.8451,icici_bluechip
2017-03-16,35.751,icici_bluechip
2017-03-15,35.4595,icici_bluechip
2017-03-14,35.2493,icici_bluechip
2017-03-10,34.6742,icici_bluechip
2017-03-09,34.5838,icici_bluechip
2017-03-08,34.4506,icici_bluechip
2017-03-07,34.3356,icici_bluechip
2017-03-06,34.4305,icici_bluechip
2017-03-03,34.2938,icici_bluechip
2017-03-02,34.4318,icici_bluechip
2017-03-01,34.7051,icici_bluechip
2017-02-28,34.53,icici_bluechip
2017-02-27,34.478,icici_bluechip
2017-02-23,34.5983,icici_bluechip
2017-02-22,34.5787,icici_bluechip
2017-02-21,34.7434,icici_bluechip
2017-02-20,34.7032,icici_bluechip
2017-02-17,34.5605,icici_bluechip
2017-02-16,34.3374,icici_bluechip
2017-02-15,33.9591,icici_bluechip
2017-02-14,34.2981,icici_bluechip
2017-02-13,34.3026,icici_bluechip
2017-02-10,34.2666,icici_bluechip
2017-02-09,34.1633,icici_bluechip
2017-02-08,34.2462,icici_bluechip
2017-02-07,34.2879,icici_bluechip
2017-02-06,34.2516,icici_bluechip
2017-02-03,34.0524,icici_bluechip
2017-02-02,33.9741,icici_bluechip
2017-02-01,33.9805,icici_bluechip
2017-01-31,33.4018,icici_bluechip
2017-01-30,33.6873,icici_bluechip
2017-01-27,33.6921,icici_bluechip
2017-01-25,33.4747,icici_bluechip
2017-01-24,32.9095,icici_bluechip
2017-01-23,32.5012,icici_bluechip
2017-01-20,32.4128,icici_bluechip
2017-01-19,32.6848,icici_bluechip
2017-01-18,32.6117,icici_bluechip
2017-01-17,32.4342,icici_bluechip
2017-01-16,32.4397,icici_bluechip
2017-01-13,32.4258,icici_bluechip
2017-01-12,32.4691,icici_bluechip
2017-01-11,32.4137,icici_bluechip
2017-01-10,32.1411,icici_bluechip
2017-01-09,31.9912,icici_bluechip
2017-01-06,32.0693,icici_bluechip
2017-01-05,32.0326,icici_bluechip
2017-01-04,31.8272,icici_bluechip
2017-01-03,31.9537,icici_bluechip
2017-01-02,31.9456,icici_bluechip
2016-12-30,31.8709,icici_bluechip
2016-12-29,31.7307,icici_bluechip
2016-12-28,31.384,icici_bluechip
2016-12-27,31.1393,icici_bluechip
2016-12-26,30.8257,icici_bluechip
2016-12-23,31.1878,icici_bluechip
2016-12-22,31.2633,icici_bluechip
2016-12-21,31.5778,icici_bluechip
2016-12-20,31.6173,icici_bluechip
2016-12-19,31.8054,icici_bluechip
2016-12-16,32.0919,icici_bluechip
2016-12-15,32.0776,icici_bluechip
2016-12-14,32.1576,icici_bluechip
2016-12-13,32.3619,icici_bluechip
2016-12-12,32.25,icici_bluechip
2016-12-09,32.5093,icici_bluechip
2016-12-08,32.6371,icici_bluechip
2016-12-07,32.0904,icici_bluechip
2016-12-06,32.2736,icici_bluechip
2016-12-05,32.2203,icici_bluechip
2016-12-02,32.1706,icici_bluechip
2016-12-01,32.6471,icici_bluechip
2016-11-30,32.7938,icici_bluechip
2016-11-29,32.3852,icici_bluechip
2016-11-28,32.2954,icici_bluechip
2016-11-25,32.2696,icici_bluechip
2016-11-24,31.6558,icici_bluechip
2016-11-23,31.8969,icici_bluechip
2016-11-22,31.7987,icici_bluechip
2016-11-21,31.465,icici_bluechip
2016-11-18,32.0324,icici_bluechip
2016-11-17,31.9725,icici_bluechip
2016-11-16,32.0917,icici_bluechip
2016-11-15,31.9294,icici_bluechip
2016-11-11,33.0425,icici_bluechip
2016-11-10,33.9122,icici_bluechip
2016-11-09,33.7079,icici_bluechip
2016-11-08,34.1794,icici_bluechip
2016-11-07,34.1912,icici_bluechip
2016-11-04,34.1118,icici_bluechip
2016-11-03,34.6874,icici_bluechip
2016-11-02,34.8763,icici_bluechip
2016-11-01,35.3692,icici_bluechip
2016-10-28,35.2742,icici_bluechip
2016-10-27,35.1056,icici_bluechip
2016-10-26,35.19,icici_bluechip
2016-10-25,35.0645,icici_bluechip
2016-10-24,35.0094,icici_bluechip
2016-10-21,35.0213,icici_bluechip
2016-10-20,34.8173,icici_bluechip
2016-10-19,34.7616,icici_bluechip
2016-10-18,34.8396,icici_bluechip
2016-10-17,34.3414,icici_bluechip
2016-10-14,34.7682,icici_bluechip
2016-10-13,34.7014,icici_bluechip
2016-10-10,35.1907,icici_bluechip
2016-10-07,35.1869,icici_bluechip
2016-10-06,35.2964,icici_bluechip
2016-10-05,35.3256,icici_bluechip
2016-10-04,35.3535,icici_bluechip
2016-10-03,35.2722,icici_bluechip
2016-09-30,34.5758,icici_bluechip
2016-09-29,34.3278,icici_bluechip
2016-09-28,34.8625,icici_bluechip
2016-09-27,34.7497,icici_bluechip
2016-09-26,34.7529,icici_bluechip
2016-09-23,34.9991,icici_bluechip
2016-09-22,35.0227,icici_bluechip
2016-09-21,34.6859,icici_bluechip
2016-09-20,34.6832,icici_bluechip
2016-09-19,34.7558,icici_bluechip
2016-09-16,34.8283,icici_bluechip
2016-09-15,34.6304,icici_bluechip
2016-09-14,34.5255,icici_bluechip
2016-09-12,34.5872,icici_bluechip
2016-09-09,35.1591,icici_bluechip
2016-09-08,35.3805,icici_bluechip
2016-09-07,35.1675,icici_bluechip
2016-09-06,35.2977,icici_bluechip
2016-09-02,34.9656,icici_bluechip
2016-09-01,34.8799,icici_bluechip
2016-08-31,34.8669,icici_bluechip
2016-08-30,34.726,icici_bluechip
2016-08-29,34.3049,icici_bluechip
2016-08-26,34.3923,icici_bluechip
2016-08-25,34.3744,icici_bluechip
2016-08-24,34.4618,icici_bluechip
2016-08-23,34.3065,icici_bluechip
2016-08-22,34.2859,icici_bluechip
2016-08-19,34.4209,icici_bluechip
2016-08-18,34.4924,icici_bluechip
2016-08-17,34.3508,icici_bluechip
2016-08-16,34.3404,icici_bluechip
2016-08-12,34.4515,icici_bluechip
2016-08-11,34.3164,icici_bluechip
2016-08-10,34.2988,icici_bluechip
2016-08-09,34.7366,icici_bluechip
2016-08-08,34.8229,icici_bluechip
2016-08-05,34.6599,icici_bluechip
2016-08-04,34.3186,icici_bluechip
2016-08-03,34.2669,icici_bluechip
2016-08-02,34.7268,icici_bluechip
2016-08-01,34.7983,icici_bluechip
2016-07-29,34.7703,icici_bluechip
2016-07-28,34.7497,icici_bluechip
2016-07-27,34.2683,icici_bluechip
2016-07-26,34.0496,icici_bluechip
2016-07-25,34.2216,icici_bluechip
2016-07-22,33.8753,icici_bluechip
2016-07-21,33.6839,icici_bluechip
2016-07-20,33.7924,icici_bluechip
2016-07-19,33.4857,icici_bluechip
2016-07-18,33.468,icici_bluechip
2016-07-15,33.5625,icici_bluechip
2016-07-14,33.4704,icici_bluechip
2016-07-13,33.3,icici_bluechip
2016-07-12,33.343,icici_bluechip
2016-07-11,33.1952,icici_bluechip
2016-07-08,32.7291,icici_bluechip
2016-07-07,32.7902,icici_bluechip
2016-07-05,32.8067,icici_bluechip
2016-07-04,32.927,icici_bluechip
2016-07-01,32.8312,icici_bluechip
2016-06-30,32.8316,icici_bluechip
2016-06-29,32.5781,icici_bluechip
2016-06-28,32.2537,icici_bluechip
2016-06-27,32.0321,icici_bluechip
2016-06-24,31.8532,icici_bluechip
2016-06-23,32.4123,icici_bluechip
2016-06-22,32.3207,icici_bluechip
2016-06-21,32.4078,icici_bluechip
2016-06-20,32.419,icici_bluechip
2016-06-17,32.2788,icici_bluechip
2016-06-16,32.2203,icici_bluechip
2016-06-15,32.3829,icici_bluechip
2016-06-14,32.1206,icici_bluechip
2016-06-13,32.0592,icici_bluechip
2016-06-10,32.2419,icici_bluechip
2016-06-09,32.3337,icici_bluechip
2016-06-08,32.5067,icici_bluechip
2016-06-07,32.5025,icici_bluechip
2016-06-06,32.3609,icici_bluechip
2016-06-03,32.354,icici_bluechip
2016-06-02,32.4416,icici_bluechip
2016-06-01,32.4008,icici_bluechip
2016-05-31,32.2497,icici_bluechip
2016-05-30,32.3577,icici_bluechip
2016-05-27,32.2214,icici_bluechip
2016-05-26,31.8498,icici_bluechip
2016-05-25,31.3403,icici_bluechip
2016-05-24,30.7811,icici_bluechip
2016-05-23,30.9309,icici_bluechip
2016-05-20,31.0005,icici_bluechip
2016-05-19,31.0627,icici_bluechip
2016-05-18,31.3772,icici_bluechip
2016-05-17,31.4794,icici_bluechip
2016-05-16,31.3438,icici_bluechip
2016-05-13,31.161,icici_bluechip
2016-05-12,31.3966,icici_bluechip
2016-05-11,31.2078,icici_bluechip
2016-05-10,31.219,icici_bluechip
2016-05-09,31.123,icici_bluechip
2016-05-06,30.7528,icici_bluechip
2016-05-05,30.8117,icici_bluechip
2016-05-04,30.6917,icici_bluechip
2016-05-03,30.7931,icici_bluechip
2016-05-02,30.9972,icici_bluechip
2016-04-29,30.9525,icici_bluechip
2016-04-28,30.8209,icici_bluechip
2016-04-27,31.2075,icici_bluechip
2016-04-26,31.1508,icici_bluechip
2016-04-25,30.7373,icici_bluechip
2016-04-22,30.9638,icici_bluechip
2016-04-21,31.058,icici_bluechip
2016-04-20,31.1638,icici_bluechip
2016-04-18,31.1123,icici_bluechip
2016-04-13,30.947,icici_bluechip
2016-04-12,30.4671,icici_bluechip
2016-04-11,30.2098,icici_bluechip
2016-04-08,29.9438,icici_bluechip
2016-04-07,29.8722,icici_bluechip
2016-04-06,30.0595,icici_bluechip
2016-04-05,29.9676,icici_bluechip
2016-04-04,30.3538,icici_bluechip
2016-04-01,30.3141,icici_bluechip
2016-03-31,30.3426,icici_bluechip
2016-03-30,30.2039,icici_bluechip
2016-03-29,29.858,icici_bluechip
2016-03-28,29.9016,icici_bluechip
2016-03-23,30.2639,icici_bluechip
2016-03-22,30.256,icici_bluechip
2016-03-21,30.1955,icici_bluechip
2016-03-18,29.6795,icici_bluechip
2016-03-17,29.4553,icici_bluechip
2016-03-16,29.3725,icici_bluechip
2016-03-15,29.3713,icici_bluechip
2016-03-14,29.7399,icici_bluechip
2016-03-11,29.6476,icici_bluechip
2016-03-10,29.5812,icici_bluechip
2016-03-09,29.5713,icici_bluechip
2016-03-08,29.5397,icici_bluechip
2016-03-04,29.5697,icici_bluechip
2016-03-03,29.5679,icici_bluechip
2016-03-02,29.2089,icici_bluechip
2016-03-01,28.7737,icici_bluechip
2016-02-29,28.1303,icici_bluechip
2016-02-26,28.0774,icici_bluechip
2016-02-25,28.0521,icici_bluechip
2016-02-24,28.2435,icici_bluechip
2016-02-23,28.6382,icici_bluechip
2016-02-22,29.0003,icici_bluechip
2016-02-19,28.8974,icici_bluechip
2016-02-18,28.8928,icici_bluechip
2016-02-17,28.6926,icici_bluechip
2016-02-16,28.5158,icici_bluechip
2016-02-15,29.0124,icici_bluechip
2016-02-12,28.5467,icici_bluechip
2016-02-11,28.6778,icici_bluechip
2016-02-10,29.6319,icici_bluechip
2016-02-09,29.8739,icici_bluechip
2016-02-08,30.2905,icici_bluechip
2016-02-05,30.5141,icici_bluechip
2016-02-04,30.15,icici_bluechip
2016-02-03,29.9633,icici_bluechip
2016-02-02,30.2285,icici_bluechip
2016-02-01,30.6624,icici_bluechip
2016-01-29,30.6268,icici_bluechip
2016-01-28,29.9832,icici_bluechip
2016-01-27,30.1079,icici_bluechip
2016-01-25,29.9893,icici_bluechip
2016-01-22,29.7542,icici_bluechip
2016-01-21,29.2132,icici_bluechip
2016-01-20,29.3219,icici_bluechip
2016-01-19,29.6193,icici_bluechip
2016-01-18,29.358,icici_bluechip
2016-01-15,30.0061,icici_bluechip
2016-01-14,30.4179,icici_bluechip
2016-01-13,30.6532,icici_bluechip
2016-01-12,30.6696,icici_bluechip
2016-01-11,30.8995,icici_bluechip
2016-01-08,31.11,icici_bluechip
2016-01-07,30.9356,icici_bluechip
2016-01-06,31.4329,icici_bluechip
2016-01-05,31.4237,icici_bluechip
2016-01-04,31.4808,icici_bluechip
2016-01-01,31.9147,icici_bluechip
2015-12-31,31.7424,icici_bluechip
2015-12-30,31.5605,icici_bluechip
2015-12-29,31.6454,icici_bluechip
2015-12-28,31.523,icici_bluechip
2015-12-24,31.3257,icici_bluechip
2015-12-23,31.2991,icici_bluechip
2015-12-22,31.0584,icici_bluechip
2015-12-21,31.0622,icici_bluechip
2015-12-18,31.0875,icici_bluechip
2015-12-17,31.265,icici_bluechip
2015-12-16,30.8023,icici_bluechip
2015-12-15,30.6459,icici_bluechip
2015-12-14,30.4039,icici_bluechip
2015-12-11,30.2825,icici_bluechip
2015-12-10,30.5499,icici_bluechip
2015-12-09,30.3766,icici_bluechip
2015-12-08,30.6797,icici_bluechip
2015-12-07,30.8644,icici_bluechip
2015-12-04,30.7805,icici_bluechip
2015-12-03,30.986,icici_bluechip
2015-12-02,31.1498,icici_bluechip
2015-12-01,31.2789,icici_bluechip
2015-11-30,31.1953,icici_bluechip
2015-11-27,31.2358,icici_bluechip
2015-11-26,31.0137,icici_bluechip
2015-11-24,31.0188,icici_bluechip
2015-11-23,31.1561,icici_bluechip
2015-11-20,31.2654,icici_bluechip
2015-11-19,31.1586,icici_bluechip
2015-11-18,30.6824,icici_bluechip
2015-11-17,30.7813,icici_bluechip
2015-11-16,30.5676,icici_bluechip
2015-11-13,30.5901,icici_bluechip
2015-11-10,30.5802,icici_bluechip
2015-11-09,30.9535,icici_bluechip
2015-11-06,31.0676,icici_bluechip
2015-11-05,31.2215,icici_bluechip
2015-11-04,31.7151,icici_bluechip
2015-11-03,31.877,icici_bluechip
2015-11-02,31.8613,icici_bluechip
2015-10-30,32.0137,icici_bluechip
2015-10-29,31.9364,icici_bluechip
2015-10-28,32.1179,icici_bluechip
2015-10-27,32.2086,icici_bluechip
2015-10-26,32.197,icici_bluechip
2015-10-23,32.3006,icici_bluechip
2015-10-21,32.2841,icici_bluechip
2015-10-20,32.394,icici_bluechip
2015-10-19,32.2097,icici_bluechip
2015-10-16,32.1644,icici_bluechip
2015-10-15,32.018,icici_bluechip
2015-10-14,31.9508,icici_bluechip
2015-10-13,31.9182,icici_bluechip
2015-10-12,32.0015,icici_bluechip
2015-10-09,32.0619,icici_bluechip
2015-10-08,32.0108,icici_bluechip
2015-10-07,32.1395,icici_bluechip
2015-10-06,32.0778,icici_bluechip
2015-10-05,32.0854,icici_bluechip
2015-10-01,31.6707,icici_bluechip
2015-09-30,31.6634,icici_bluechip
2015-09-29,31.5043,icici_bluechip
2015-09-28,31.4118,icici_bluechip
2015-09-24,31.6422,icici_bluechip
2015-09-23,31.4679,icici_bluechip
2015-09-22,31.3324,icici_bluechip
2015-09-21,31.8538,icici_bluechip
2015-09-18,31.7732,icici_bluechip
2015-09-16,31.3223,icici_bluechip
2015-09-15,31.2733,icici_bluechip
2015-09-14,31.3515,icici_bluechip
2015-09-11,31.1477,icici_bluechip
2015-09-10,31.1556,icici_bluechip
2015-09-09,31.1632,icici_bluechip
2015-09-08,30.6846,icici_bluechip
2015-09-07,30.5063,icici_bluechip
2015-09-04,30.918,icici_bluechip
2015-09-03,31.5328,icici_bluechip
2015-09-02,31.1915,icici_bluechip
2015-09-01,31.1741,icici_bluechip
2015-08-31,31.7904,icici_bluechip
2015-08-28,31.8836,icici_bluechip
2015-08-27,31.8271,icici_bluechip
2015-08-26,31.0287,icici_bluechip
2015-08-25,31.3289,icici_bluechip
2015-08-24,31.2214,icici_bluechip
2015-08-21,33.2579,icici_bluechip
2015-08-20,33.4963,icici_bluechip
2015-08-19,33.9152,icici_bluechip
2015-08-18,33.646,icici_bluechip
2015-08-17,33.5512,icici_bluechip
2015-08-14,33.5072,icici_bluechip
2015-08-13,32.8864,icici_bluechip
2015-08-12,32.8422,icici_bluechip
2015-08-11,33.2314,icici_bluechip
2015-08-10,33.3264,icici_bluechip
2015-08-07,33.4199,icici_bluechip
2015-08-06,33.3743,icici_bluechip
2015-08-05,33.2522,icici_bluechip
2015-08-04,32.8123,icici_bluechip
2015-08-03,32.4681,icici_bluechip
2015-07-31,32.467,icici_bluechip
2015-07-30,32.3404,icici_bluechip
2015-07-29,32.2103,icici_bluechip
2015-07-28,31.9281,icici_bluechip
2015-07-27,31.928,icici_bluechip
2015-07-24,32.3235,icici_bluechip
2015-07-23,32.3357,icici_bluechip
2015-07-22,32.4932,icici_bluechip
2015-07-21,32.3062,icici_bluechip
2015-07-20,32.8068,icici_bluechip
2015-07-17,32.7746,icici_bluechip
2015-07-16,32.751,icici_bluechip
2015-07-15,32.3862,icici_bluechip
2015-07-14,32.1318,icici_bluechip
2015-07-13,32.1829,icici_bluechip
2015-07-10,31.8118,icici_bluechip
2015-07-09,31.6663,icici_bluechip
2015-07-08,31.7819,icici_bluechip
2015-07-07,32.1924,icici_bluechip
2015-07-06,32.1055,icici_bluechip
2015-07-03,32.0196,icici_bluechip
2015-07-02,32.0166,icici_bluechip
2015-07-01,31.9387,icici_bluechip
2015-06-30,31.6504,icici_bluechip
2015-06-29,31.4268,icici_bluechip
2015-06-26,31.7973,icici_bluechip
2015-06-25,31.7998,icici_bluechip
2015-06-24,31.6101,icici_bluechip
2015-06-23,31.6685,icici_bluechip
2015-06-22,31.5446,icici_bluechip
2015-06-19,31.1488,icici_bluechip
2015-06-18,31.0028,icici_bluechip
2015-06-17,30.5807,icici_bluechip
2015-06-16,30.2884,icici_bluechip
2015-06-15,30.2065,icici_bluechip
2015-06-12,30.0924,icici_bluechip
2015-06-11,30.2249,icici_bluechip
2015-06-10,30.6897,icici_bluechip
2015-06-09,30.29,icici_bluechip
2015-06-08,30.4278,icici_bluechip
2015-06-05,30.7798,icici_bluechip
2015-06-04,30.815,icici_bluechip
2015-06-03,30.7576,icici_bluechip
2015-06-02,31.1166,icici_bluechip
2015-06-01,31.6586,icici_bluechip
2015-05-29,31.8416,icici_bluechip
2015-05-28,31.3662,icici_bluechip
2015-05-27,31.4793,icici_bluechip
2015-05-26,31.7168,icici_bluechip
2015-05-25,31.9221,icici_bluechip
2015-05-22,32.0902,icici_bluechip
2015-05-21,31.9179,icici_bluechip
2015-05-20,31.865,icici_bluechip
2015-05-19,31.6987,icici_bluechip
2015-05-18,31.7115,icici_bluechip
2015-05-15,31.4703,icici_bluechip
2015-05-14,31.1969,icici_bluechip
2015-05-13,31.1284,icici_bluechip
2015-05-12,30.732,icici_bluechip
2015-05-11,31.2258,icici_bluechip
2015-05-08,30.7078,icici_bluechip
2015-05-07,30.1706,icici_bluechip
2015-05-06,30.494,icici_bluechip
2015-05-05,31.3228,icici_bluechip
2015-05-04,31.2359,icici_bluechip
2015-04-30,30.8966,icici_bluechip
2015-04-29,30.829,icici_bluechip
2015-04-28,30.6372,icici_bluechip
2015-04-27,30.3803,icici_bluechip
2015-04-24,30.8648,icici_bluechip
2015-04-23,31.4737,icici_bluechip
2015-04-22,31.5142,icici_bluechip
2015-04-21,31.5093,icici_bluechip
2015-04-20,31.8738,icici_bluechip
2015-04-17,32.3058,icici_bluechip
2015-04-16,32.8264,icici_bluechip
2015-04-15,33.0515,icici_bluechip
2015-04-13,33.2823,icici_bluechip
2015-04-10,33.136,icici_bluechip
2015-04-09,33.1982,icici_bluechip
2015-04-08,32.9273,icici_bluechip
2015-04-07,32.6857,icici_bluechip
2015-04-06,32.6869,icici_bluechip
2015-04-01,32.3301,icici_bluechip
2015-03-31,31.9463,icici_bluechip
2015-03-30,31.906,icici_bluechip
2015-03-27,31.4144,icici_bluechip
2015-03-26,31.3885,icici_bluechip
2015-03-25,31.8863,icici_bluechip
2015-03-24,32.1688,icici_bluechip
2015-03-23,32.2228,icici_bluechip
2015-03-20,32.3691,icici_bluechip
2015-03-19,32.4866,icici_bluechip
2015-03-18,32.5553,icici_bluechip
2015-03-17,32.5896,icici_bluechip
2015-03-16,32.2082,icici_bluechip
2015-03-13,32.3025,icici_bluechip
2015-03-12,32.6953,icici_bluechip
2015-03-11,32.4226,icici_bluechip
2015-03-10,32.4392,icici_bluechip
2015-03-09,32.6533,icici_bluechip
2015-03-05,33.0907,icici_bluechip
2015-03-04,32.6889,icici_bluechip
2015-03-03,32.7511,icici_bluechip
2015-03-02,32.332,icici_bluechip
2015-02-27,31.61,icici_bluechip
2015-02-26,31.1419,icici_bluechip
2015-02-25,31.5283,icici_bluechip
2015-02-24,31.6726,icici_bluechip
2015-02-23,31.6449,icici_bluechip
2015-02-20,31.7886,icici_bluechip
2015-02-19,31.9522,icici_bluechip
2015-02-18,31.8978,icici_bluechip
2015-02-16,31.4458,icici_bluechip
2015-02-13,31.418,icici_bluechip
2015-02-12,31.1078,icici_bluechip
2015-02-11,30.7771,icici_bluechip
2015-02-10,30.3335,icici_bluechip
2015-02-09,30.2365,icici_bluechip
2015-02-06,30.5713,icici_bluechip
2015-02-05,30.8805,icici_bluechip
2015-02-04,30.8819,icici_bluechip
2015-02-03,31.1223,icici_bluechip
2015-02-02,31.3209,icici_bluechip
2015-01-30,31.2553,icici_bluechip
2015-01-29,31.5677,icici_bluechip
2015-01-28,31.6708,icici_bluechip
2015-01-27,31.7096,icici_bluechip
2015-01-23,31.2909,icici_bluechip
2015-01-22,31.1537,icici_bluechip
2015-01-21,31.1253,icici_bluechip
2015-01-20,31.0859,icici_bluechip
2015-01-19,30.9549,icici_bluechip
2015-01-16,30.8147,icici_bluechip
2015-01-15,30.6178,icici_bluechip
2015-01-14,30.1817,icici_bluechip
2015-01-13,30.0581,icici_bluechip
2015-01-12,30.0342,icici_bluechip
2015-01-09,29.8206,icici_bluechip
2015-01-08,29.7028,icici_bluechip
2015-01-07,29.2748,icici_bluechip
2015-01-06,29.2677,icici_bluechip
2015-01-05,29.9841,icici_bluechip
2015-01-02,29.9872,icici_bluechip
2015-01-01,29.5761,icici_bluechip
2014-12-31,29.4276,icici_bluechip
2014-12-30,29.1987,icici_bluechip
2014-12-29,29.0845,icici_bluechip
2014-12-26,28.8359,icici_bluechip
2014-12-24,28.7047,icici_bluechip
2014-12-23,28.9268,icici_bluechip
2014-12-22,29.0177,icici_bluechip
2014-12-19,28.794,icici_bluechip
2014-12-18,28.6529,icici_bluechip
2014-12-17,27.9985,icici_bluechip
2014-12-16,28.1571,icici_bluechip
2014-12-15,28.6602,icici_bluechip
2014-12-12,28.6958,icici_bluechip
2014-12-11,28.9082,icici_bluechip
2014-12-10,28.8866,icici_bluechip
2014-12-09,28.8865,icici_bluechip
2014-12-08,29.1879,icici_bluechip
2014-12-05,29.3389,icici_bluechip
2014-12-04,29.3911,icici_bluechip
2014-12-03,29.2435,icici_bluechip
2014-12-02,29.0315,icici_bluechip
2014-12-01,28.983,icici_bluechip
2014-11-28,29.0311,icici_bluechip
2014-11-27,28.7032,icici_bluechip
2014-11-26,28.7161,icici_bluechip
2014-11-25,28.7035,icici_bluechip
2014-11-24,29.0243,icici_bluechip
2014-11-21,28.9801,icici_bluechip
2014-11-20,28.8198,icici_bluechip
2014-11-19,28.7373,icici_bluechip
2014-11-18,28.71,icici_bluechip
2014-11-17,28.6139,icici_bluechip
2014-11-14,28.4932,icici_bluechip
2014-11-13,28.3492,icici_bluechip
2014-11-12,28.3193,icici_bluechip
2014-11-11,28.2391,icici_bluechip
2014-11-10,28.0042,icici_bluechip
2014-11-07,28.0049,icici_bluechip
2014-11-05,27.8847,icici_bluechip
2014-11-03,27.7722,icici_bluechip
2014-10-31,27.7075,icici_bluechip
2014-10-30,27.2917,icici_bluechip
2014-10-29,27.0544,icici_bluechip
2014-10-28,26.971,icici_bluechip
2014-10-27,26.8094,icici_bluechip
2014-10-22,26.5601,icici_bluechip
2014-10-21,26.2067,icici_bluechip
2014-10-20,25.9058,icici_bluechip
2014-10-17,25.5407,icici_bluechip
2014-10-16,25.544,icici_bluechip
2014-10-14,26.0296,icici_bluechip
2014-10-13,26.1395,icici_bluechip
2014-10-10,25.9356,icici_bluechip
2014-10-09,26.3647,icici_bluechip
2014-10-08,26.0109,icici_bluechip
2014-10-07,26.1357,icici_bluechip
2014-10-01,26.4262,icici_bluechip
2014-09-30,26.5027,icici_bluechip
2014-09-29,26.3527,icici_bluechip
2014-09-26,26.1973,icici_bluechip
2014-09-25,26.0441,icici_bluechip
2014-09-24,26.3201,icici_bluechip
2014-09-23,26.4886,icici_bluechip
2014-09-22,26.8572,icici_bluechip
2014-09-19,26.9457,icici_bluechip
2014-09-18,26.7414,icici_bluechip
2014-09-17,26.304,icici_bluechip
2014-09-16,26.2875,icici_bluechip
2014-09-15,26.9339,icici_bluechip
2014-09-12,27.0259,icici_bluechip
2014-09-11,26.9513,icici_bluechip
2014-09-10,26.6955,icici_bluechip
2014-09-09,26.7198,icici_bluechip
2014-09-08,26.6756,icici_bluechip
2014-09-05,26.3654,icici_bluechip
2014-09-04,26.3266,icici_bluechip
2014-09-03,26.2996,icici_bluechip
2014-09-02,26.1127,icici_bluechip
2014-09-01,25.8567,icici_bluechip
2014-08-28,25.6427,icici_bluechip
2014-08-27,25.6423,icici_bluechip
2014-08-26,25.4898,icici_bluechip
2014-08-25,25.5033,icici_bluechip
2014-08-22,25.3697,icici_bluechip
2014-08-21,25.2649,icici_bluechip
2014-08-20,25.1107,icici_bluechip
2014-08-19,25.0309,icici_bluechip
2014-08-18,24.7553,icici_bluechip
2014-08-14,24.5198,icici_bluechip
2014-08-13,24.3864,icici_bluechip
2014-08-12,24.3387,icici_bluechip
2014-08-11,24.0808,icici_bluechip
2014-08-08,23.8891,icici_bluechip
2014-08-07,24.1782,icici_bluechip
2014-08-06,24.2479,icici_bluechip
2014-08-05,24.3007,icici_bluechip
2014-08-04,24.1119,icici_bluechip
2014-08-01,23.9306,icici_bluechip
2014-07-31,24.3442,icici_bluechip
2014-07-30,24.4922,icici_bluechip
2014-07-28,24.379,icici_bluechip
2014-07-25,24.4078,icici_bluechip
2014-07-24,24.3907,icici_bluechip
2014-07-23,24.3382,icici_bluechip
2014-07-22,24.4144,icici_bluechip
2014-07-21,24.3276,icici_bluechip
2014-07-18,24.2664,icici_bluechip
2014-07-17,24.2263,icici_bluechip
2014-07-16,23.901,icici_bluechip
2014-07-15,23.6,icici_bluechip
2014-07-14,23.2051,icici_bluechip
2014-07-11,23.2346,icici_bluechip
2014-07-10,23.5146,icici_bluechip
2014-07-09,23.4313,icici_bluechip
2014-07-08,23.7186,icici_bluechip
2014-07-07,24.275,icici_bluechip
2014-07-04,24.2967,icici_bluechip
2014-07-03,24.1979,icici_bluechip
2014-07-02,24.016,icici_bluechip
2014-07-01,23.6544,icici_bluechip
2014-06-30,23.4051,icici_bluechip
2014-06-27,23.056,icici_bluechip
2014-06-26,22.8592,icici_bluechip
2014-06-25,22.8644,icici_bluechip
2014-06-24,22.868,icici_bluechip
2014-06-23,22.735,icici_bluechip
2014-06-20,22.712,icici_bluechip
2014-06-19,22.8413,icici_bluechip
2014-06-18,22.9573,icici_bluechip
2014-06-17,22.962,icici_bluechip
2014-06-16,22.6519,icici_bluechip
2014-06-13,22.6572,icici_bluechip
2014-06-12,22.9122,icici_bluechip
2014-06-11,22.7528,icici_bluechip
2014-06-10,22.9365,icici_bluechip
2014-06-09,22.7465,icici_bluechip
2014-06-06,22.532,icici_bluechip
2014-06-05,22.3183,icici_bluechip
2014-06-04,22.2,icici_bluechip
2014-06-03,22.1067,icici_bluechip
2014-06-02,21.9387,icici_bluechip
2014-05-30,21.5867,icici_bluechip
2014-05-29,21.443,icici_bluechip
2014-05-28,21.5662,icici_bluechip
2014-05-27,21.5816,icici_bluechip
2014-05-26,21.5244,icici_bluechip
2014-05-23,21.6334,icici_bluechip
2014-05-22,21.4746,icici_bluechip
2014-05-21,21.2438,icici_bluechip
2014-05-20,21.1322,icici_bluechip
2014-05-19,20.9973,icici_bluechip
2014-05-16,20.6892,icici_bluechip
2014-05-15,20.4944,icici_bluechip
2014-05-14,20.4753,icici_bluechip
2014-05-13,20.553,icici_bluechip
2014-05-12,20.4204,icici_bluechip
2014-05-09,20.0994,icici_bluechip
2014-05-08,19.706,icici_bluechip
2014-05-07,19.6396,icici_bluechip
2014-05-06,19.6623,icici_bluechip
2014-05-05,19.615,icici_bluechip
2014-05-02,19.6001,icici_bluechip
2014-04-30,19.5769,icici_bluechip
2014-04-29,19.6588,icici_bluechip
2014-04-28,19.7565,icici_bluechip
2014-04-25,19.6863,icici_bluechip
2014-04-23,19.8523,icici_bluechip
2014-04-22,19.6741,icici_bluechip
2014-04-21,19.5891,icici_bluechip
2014-04-17,19.4383,icici_bluechip
2014-04-16,19.2266,icici_bluechip
2014-04-15,19.4304,icici_bluechip
2014-04-11,19.4665,icici_bluechip
2014-04-10,19.5023,icici_bluechip
2014-04-09,19.4787,icici_bluechip
2014-04-07,19.227,icici_bluechip
2014-04-04,19.2274,icici_bluechip
2014-04-03,19.3331,icici_bluechip
2014-04-02,19.3511,icici_bluechip
2014-04-01,19.2809,icici_bluechip
2014-03-31,19.4192,icici_bluechip
2014-03-28,19.3006,icici_bluechip
2014-03-27,19.1714,icici_bluechip
2014-03-26,19.1321,icici_bluechip
2014-03-25,19.1559,icici_bluechip
2014-03-24,19.0559,icici_bluechip
2014-03-21,18.8267,icici_bluechip
2014-03-20,18.8054,icici_bluechip
2014-03-19,18.8426,icici_bluechip
2014-03-18,18.7905,icici_bluechip
2014-03-14,18.6636,icici_bluechip
2014-03-13,18.6354,icici_bluechip
2014-03-12,18.6535,icici_bluechip
2014-03-11,18.5457,icici_bluechip
2014-03-10,18.5498,icici_bluechip
2014-03-07,18.4912,icici_bluechip
2014-03-06,18.338,icici_bluechip
2014-03-05,18.1757,icici_bluechip
2014-03-04,18.0637,icici_bluechip
2014-03-03,17.9248,icici_bluechip
2014-02-28,17.9986,icici_bluechip
2014-02-26,17.8435,icici_bluechip
2014-02-25,17.7507,icici_bluechip
2014-02-24,17.6829,icici_bluechip
2014-02-21,17.534,icici_bluechip
2014-02-20,17.3602,icici_bluechip
2014-02-19,17.4558,icici_bluechip
2014-02-18,17.3448,icici_bluechip
2014-02-17,17.1245,icici_bluechip
2014-02-14,17.0933,icici_bluechip
2014-02-13,16.9622,icici_bluechip
2014-02-12,17.1504,icici_bluechip
2014-02-11,17.0838,icici_bluechip
2014-02-10,17.0094,icici_bluechip
2014-02-07,17.0349,icici_bluechip
2014-02-06,16.9746,icici_bluechip
2014-02-05,16.9623,icici_bluechip
2014-02-04,16.886,icici_bluechip
2014-02-03,16.8643,icici_bluechip
2014-01-31,16.9655,icici_bluechip
2014-01-30,16.8303,icici_bluechip
2014-01-29,16.9315,icici_bluechip
2014-01-28,16.9029,icici_bluechip
2014-01-27,16.949,icici_bluechip
2014-01-24,17.2293,icici_bluechip
2014-01-23,17.459,icici_bluechip
2014-01-22,17.4253,icici_bluechip
2014-01-21,17.4136,icici_bluechip
2014-01-20,17.432,icici_bluechip
2014-01-17,17.2904,icici_bluechip
2014-01-16,17.5559,icici_bluechip
2014-01-15,17.6156,icici_bluechip
2014-01-14,17.4504,icici_bluechip
2014-01-13,17.4915,icici_bluechip
2014-01-10,17.347,icici_bluechip
2014-01-09,17.3968,icici_bluechip
2014-01-08,17.4401,icici_bluechip
2014-01-07,17.3428,icici_bluechip
2014-01-06,17.3726,icici_bluechip
2014-01-03,17.3062,icici_bluechip
2014-01-02,17.2465,icici_bluechip
2014-01-01,17.4606,icici_bluechip
2013-12-31,17.4279,icici_bluechip
2013-12-30,17.3906,icici_bluechip
2013-12-27,17.4295,icici_bluechip
2013-12-26,17.2918,icici_bluechip
2013-12-24,17.2848,icici_bluechip
2013-12-23,17.3223,icici_bluechip
2013-12-20,17.3408,icici_bluechip
2013-12-19,17.1041,icici_bluechip
2013-12-18,17.1442,icici_bluechip
2013-12-17,16.9528,icici_bluechip
2013-12-16,16.9674,icici_bluechip
2013-12-13,16.9744,icici_bluechip
2013-12-12,17.1221,icici_bluechip
2013-12-11,17.1614,icici_bluechip
2013-12-10,17.1309,icici_bluechip
2013-12-09,17.1451,icici_bluechip
2013-12-06,17.0086,icici_bluechip
2013-12-05,16.979,icici_bluechip
2013-12-04,16.8619,icici_bluechip
2013-12-03,17.0192,icici_bluechip
2013-12-02,17.0194,icici_bluechip
2013-11-29,16.8709,icici_bluechip
2013-11-28,16.7602,icici_bluechip
2013-11-27,16.6986,icici_bluechip
2013-11-26,16.6084,icici_bluechip
2013-11-25,16.5718,icici_bluechip
2013-11-22,16.2897,icici_bluechip
2013-11-21,16.1933,icici_bluechip
2013-11-20,16.444,icici_bluechip
2013-11-19,16.5334,icici_bluechip
2013-11-18,16.5226,icici_bluechip
2013-11-14,16.2613,icici_bluechip
2013-11-13,16.17,icici_bluechip
2013-11-12,16.237,icici_bluechip
2013-11-11,16.24,icici_bluechip
2013-11-08,16.2705,icici_bluechip
2013-11-07,16.3104,icici_bluechip
2013-11-06,16.3485,icici_bluechip
2013-11-05,16.2853,icici_bluechip
2013-11-01,16.2955,icici_bluechip
2013-10-31,16.2736,icici_bluechip
2013-10-30,16.1802,icici_bluechip
2013-10-29,16.1585,icici_bluechip
2013-10-28,15.8194,icici_bluechip
2013-10-25,15.8675,icici_bluechip
2013-10-24,15.9415,icici_bluechip
2013-10-23,15.8677,icici_bluechip
2013-10-22,15.877,icici_bluechip
2013-10-21,15.8894,icici_bluechip
2013-10-18,15.7809,icici_bluechip
2013-10-17,15.5453,icici_bluechip
2013-10-15,15.679,icici_bluechip
2013-10-14,15.7324,icici_bluechip
2013-10-11,15.7415,icici_bluechip
2013-10-10,15.6447,icici_bluechip
2013-10-09,15.6088,icici_bluechip
2013-10-08,15.3869,icici_bluechip
2013-10-07,15.3439,icici_bluechip
2013-10-04,15.2672,icici_bluechip
2013-10-03,15.1916,icici_bluechip
2013-10-01,14.9575,icici_bluechip
2013-09-30,14.8343,icici_bluechip
2013-09-27,14.9389,icici_bluechip
2013-09-26,14.9804,icici_bluechip
2013-09-25,14.9967,icici_bluechip
2013-09-24,15.0645,icici_bluechip
2013-09-23,14.9949,icici_bluechip
2013-09-20,15.2064,icici_bluechip
2013-09-19,15.3962,icici_bluechip
2013-09-18,14.9935,icici_bluechip
2013-09-17,14.9042,icici_bluechip
2013-09-16,14.8783,icici_bluechip
2013-09-13,14.8914,icici_bluechip
2013-09-12,14.8835,icici_bluechip
2013-09-11,14.9458,icici_bluechip
2013-09-10,14.8613,icici_bluechip
2013-09-06,14.4284,icici_bluechip
2013-09-05,14.3129,icici_bluechip
2013-09-04,14.0106,icici_bluechip
2013-09-03,13.9014,icici_bluechip
2013-09-02,14.2365,icici_bluechip
2013-08-30,14.1497,icici_bluechip
2013-08-29,13.8991,icici_bluechip
2013-08-28,13.6318,icici_bluechip
2013-08-27,13.7614,icici_bluechip
2013-08-26,14.1695,icici_bluechip
2013-08-23,14.066,icici_bluechip
2013-08-22,13.8944,icici_bluechip
2013-08-21,13.8249,icici_bluechip
2013-08-20,13.9956,icici_bluechip
2013-08-19,14.102,icici_bluechip
2013-08-16,14.3818,icici_bluechip
2013-08-14,14.803,icici_bluechip
2013-08-13,14.7677,icici_bluechip
2013-08-12,14.5806,icici_bluechip
2013-08-08,14.3894,icici_bluechip
2013-08-07,14.2345,icici_bluechip
2013-08-06,14.3633,icici_bluechip
2013-08-05,14.6753,icici_bluechip
2013-08-02,14.6639,icici_bluechip
2013-08-01,14.7515,icici_bluechip
2013-07-31,14.7567,icici_bluechip
2013-07-30,14.806,icici_bluechip
2013-07-29,14.9306,icici_bluechip
2013-07-26,15.025,icici_bluechip
2013-07-25,15.0259,icici_bluechip
2013-07-24,15.1837,icici_bluechip
2013-07-23,15.3502,icici_bluechip
2013-07-22,15.3172,icici_bluechip
2013-07-19,15.3425,icici_bluechip
2013-07-18,15.4558,icici_bluechip
2013-07-17,15.3551,icici_bluechip
2013-07-16,15.4107,icici_bluechip
2013-07-15,15.661,icici_bluechip
2013-07-12,15.6022,icici_bluechip
2013-07-11,15.4709,icici_bluechip
2013-07-10,15.273,icici_bluechip
2013-07-09,15.2741,icici_bluechip
2013-07-08,15.0639,icici_bluechip
2013-07-05,15.1472,icici_bluechip
2013-07-04,15.0843,icici_bluechip
2013-07-03,14.8874,icici_bluechip
2013-07-02,15.0405,icici_bluechip
2013-07-01,15.0643,icici_bluechip
2013-06-28,14.9322,icici_bluechip
2013-06-27,14.5856,icici_bluechip
2013-06-26,14.4661,icici_bluechip
2013-06-25,14.4939,icici_bluechip
2013-06-24,14.4707,icici_bluechip
2013-06-21,14.7306,icici_bluechip
2013-06-20,14.7284,icici_bluechip
2013-06-19,15.0209,icici_bluechip
2013-06-18,14.9532,icici_bluechip
2013-06-17,14.9613,icici_bluechip
2013-06-14,14.8852,icici_bluechip
2013-06-13,14.6936,icici_bluechip
2013-06-12,14.8527,icici_bluechip
2013-06-11,14.9065,icici_bluechip
2013-06-10,15.1368,icici_bluechip
2013-06-07,15.2015,icici_bluechip
2013-06-06,15.2391,icici_bluechip
2013-06-05,15.2456,icici_bluechip
2013-06-04,15.2142,icici_bluechip
2013-06-03,15.2578,icici_bluechip
2013-05-31,15.4335,icici_bluechip
2013-05-30,15.6604,icici_bluechip
2013-05-29,15.5996,icici_bluechip
2013-05-28,15.5632,icici_bluechip
2013-05-27,15.508,icici_bluechip
2013-05-24,15.3594,icici_bluechip
2013-05-23,15.2194,icici_bluechip
2013-05-22,15.4089,icici_bluechip
2013-05-21,15.4753,icici_bluechip
2013-05-20,15.5963,icici_bluechip
2013-05-17,15.6811,icici_bluechip
2013-05-16,15.5917,icici_bluechip
2013-05-15,15.5617,icici_bluechip
2013-05-14,15.2336,icici_bluechip
2013-05-13,15.1284,icici_bluechip
2013-05-10,15.3358,icici_bluechip
2013-05-09,15.2634,icici_bluechip
2013-05-08,15.3597,icici_bluechip
2013-05-07,15.2704,icici_bluechip
2013-05-06,15.1497,icici_bluechip
2013-05-03,15.0518,icici_bluechip
2013-05-02,15.1032,icici_bluechip
2013-04-30,14.8945,icici_bluechip
2013-04-29,14.8289,icici_bluechip
2013-04-26,14.7058,icici_bluechip
2013-04-25,14.7586,icici_bluechip
2013-04-23,14.5801,icici_bluechip
2013-04-22,14.6259,icici_bluechip
2013-04-18,14.4401,icici_bluechip
2013-04-17,14.267,icici_bluechip
2013-04-16,14.2436,icici_bluechip
2013-04-15,13.985,icici_bluechip
2013-04-12,14.0426,icici_bluechip
2013-04-11,14.0994,icici_bluechip
2013-04-10,13.9826,icici_bluechip
2013-04-09,13.9389,icici_bluechip
2013-04-08,14.0224,icici_bluechip
2013-04-07,0.0,icici_bluechip
2013-04-05,14.0479,icici_bluechip
2013-04-04,14.0601,icici_bluechip
2013-04-03,14.2929,icici_bluechip
2013-04-02,14.3768,icici_bluechip
2013-04-01,14.231,icici_bluechip
2013-03-28,14.1991,icici_bluechip
2013-03-26,14.0945,icici_bluechip
2013-03-25,14.0211,icici_bluechip
2013-03-22,14.0638,icici_bluechip
2013-03-21,14.1287,icici_bluechip
2013-03-20,14.1918,icici_bluechip
2013-03-19,14.3756,icici_bluechip
2013-03-18,14.5716,icici_bluechip
2013-03-15,14.6503,icici_bluechip
2013-03-14,14.6688,icici_bluechip
2013-03-13,14.5384,icici_bluechip
2013-03-12,14.69,icici_bluechip
2013-03-11,14.7309,icici_bluechip
2013-03-08,14.6971,icici_bluechip
2013-03-07,14.4921,icici_bluechip
2013-03-06,14.3669,icici_bluechip
2013-03-05,14.3051,icici_bluechip
2013-03-04,14.1535,icici_bluechip
2013-03-01,14.238,icici_bluechip
2013-02-28,14.1092,icici_bluechip
2013-02-27,14.2879,icici_bluechip
2013-02-26,14.2049,icici_bluechip
2013-02-25,14.401,icici_bluechip
2013-02-22,14.4423,icici_bluechip
2013-02-21,14.4163,icici_bluechip
2013-02-20,14.6159,icici_bluechip
2013-02-19,14.6114,icici_bluechip
2013-02-18,14.4915,icici_bluechip
2013-02-15,14.4666,icici_bluechip
2013-02-14,14.5047,icici_bluechip
2013-02-13,14.6106,icici_bluechip
2013-02-12,14.5546,icici_bluechip
2013-02-11,14.5489,icici_bluechip
2013-02-08,14.6145,icici_bluechip
2013-02-07,14.6822,icici_bluechip
2013-02-06,14.7026,icici_bluechip
2013-02-05,14.6435,icici_bluechip
2013-02-04,14.7065,icici_bluechip
2013-02-01,14.6961,icici_bluechip
2013-01-31,14.7326,icici_bluechip
2013-01-30,14.7706,icici_bluechip
2013-01-29,14.7946,icici_bluechip
2013-01-28,14.7769,icici_bluechip
2013-01-25,14.7695,icici_bluechip
2013-01-24,14.6124,icici_bluechip
2013-01-23,14.6961,icici_bluechip
2013-01-22,14.7072,icici_bluechip
2013-01-21,14.7538,icici_bluechip
2013-01-18,14.7954,icici_bluechip
2013-01-17,14.8214,icici_bluechip
2013-01-16,14.8752,icici_bluechip
2013-01-15,14.9813,icici_bluechip
2013-01-14,14.9767,icici_bluechip
2013-01-11,14.8886,icici_bluechip
2013-01-10,15.0619,icici_bluechip
2013-01-09,15.0517,icici_bluechip
2013-01-08,15.1146,icici_bluechip
2013-01-07,15.0913,icici_bluechip
2013-01-04,15.0702,icici_bluechip
2013-01-03,15.0737,icici_bluechip
2013-01-02,15.0253,icici_bluechip
2026-07-24,249.2715,kotak_bluechip
2026-07-23,248.7576,kotak_bluechip
2026-07-22,250.0375,kotak_bluechip
2026-07-21,255.4054,kotak_bluechip
2026-07-20,255.1596,kotak_bluechip
2026-07-17,254.1999,kotak_bluechip
2026-07-16,254.0699,kotak_bluechip
2026-07-15,253.6838,kotak_bluechip
2026-07-14,252.6488,kotak_bluechip
2026-07-13,253.792,kotak_bluechip
2026-07-10,252.7536,kotak_bluechip
2026-07-09,250.2146,kotak_bluechip
2026-07-08,246.671,kotak_bluechip
2026-07-07,250.0029,kotak_bluechip
2026-07-06,250.9377,kotak_bluechip
2026-07-03,251.3342,kotak_bluechip
2026-07-02,251.5008,kotak_bluechip
2026-07-01,250.4484,kotak_bluechip
2026-06-30,250.954,kotak_bluechip
2026-06-29,250.6494,kotak_bluechip
2026-06-25,249.312,kotak_bluechip
2026-06-24,249.8412,kotak_bluechip
2026-06-23,249.9814,kotak_bluechip
2026-06-22,252.0694,kotak_bluechip
2026-06-19,251.5713,kotak_bluechip
2026-06-18,249.1553,kotak_bluechip
2026-06-17,246.3925,kotak_bluechip
2026-06-16,245.2402,kotak_bluechip
2026-06-15,244.629,kotak_bluechip
2026-06-12,244.7205,kotak_bluechip
2026-06-11,240.5886,kotak_bluechip
2026-06-10,241.9186,kotak_bluechip
2026-06-09,244.2347,kotak_bluechip
2026-06-08,242.1594,kotak_bluechip
2026-06-05,246.0878,kotak_bluechip
2026-06-04,246.0784,kotak_bluechip
2026-06-03,245.6593,kotak_bluechip
2026-06-02,246.8566,kotak_bluechip
2026-06-01,246.9814,kotak_bluechip
2026-05-29,248.6673,kotak_bluechip
2026-05-27,251.2273,kotak_bluechip
2026-05-26,251.2702,kotak_bluechip
2026-05-25,249.2266,kotak_bluechip
2026-05-22,247.8039,kotak_bluechip
2026-05-21,248.8853,kotak_bluechip
2026-05-20,244.7199,kotak_bluechip
2026-05-19,241.6771,kotak_bluechip
2026-05-18,241.2615,kotak_bluechip
2026-05-15,242.0952,kotak_bluechip
2026-05-14,243.5314,kotak_bluechip
2026-05-13,240.0746,kotak_bluechip
2026-05-12,238.1528,kotak_bluechip
2026-05-11,242.7219,kotak_bluechip
2026-05-08,244.6201,kotak_bluechip
2026-05-07,245.6055,kotak_bluechip
2026-05-06,245.3878,kotak_bluechip
2026-05-05,242.9594,kotak_bluechip
2026-05-04,242.7655,kotak_bluechip
2026-04-30,240.5353,kotak_bluechip
2026-04-29,242.345,kotak_bluechip
2026-04-28,242.6241,kotak_bluechip
2026-04-27,241.2517,kotak_bluechip
2026-04-24,238.1456,kotak_bluechip
2026-04-23,239.7583,kotak_bluechip
2026-04-22,238.5702,kotak_bluechip
2026-04-21,236.4598,kotak_bluechip
2026-04-20,235.1961,kotak_bluechip
2026-04-17,236.2133,kotak_bluechip
2026-04-16,233.318,kotak_bluechip
2026-04-15,231.5434,kotak_bluechip
2026-04-13,226.9809,kotak_bluechip
2026-04-10,228.6993,kotak_bluechip
2026-04-09,224.6235,kotak_bluechip
2026-04-08,224.5909,kotak_bluechip
2026-04-07,217.9604,kotak_bluechip
2026-04-06,217.6413,kotak_bluechip
2026-04-02,216.2795,kotak_bluechip
2026-04-01,216.7627,kotak_bluechip
2026-03-31,212.3571,kotak_bluechip
2026-03-30,212.3561,kotak_bluechip
2026-03-27,215.979,kotak_bluechip
2026-03-25,218.6866,kotak_bluechip
2026-03-24,214.9164,kotak_bluechip
2026-03-23,210.115,kotak_bluechip
2026-03-20,215.8819,kotak_bluechip
2026-03-19,214.0899,kotak_bluechip
2026-03-18,219.4077,kotak_bluechip
2026-03-17,215.8723,kotak_bluechip
2026-03-16,213.4091,kotak_bluechip
2026-03-13,212.7884,kotak_bluechip
2026-03-12,216.8313,kotak_bluechip
2026-03-11,217.2638,kotak_bluechip
2026-03-10,217.2151,kotak_bluechip
2026-03-09,213.7211,kotak_bluechip
2026-03-06,215.1244,kotak_bluechip
2026-03-05,216.0433,kotak_bluechip
2026-03-04,213.8632,kotak_bluechip
2026-03-02,217.4449,kotak_bluechip
2026-02-27,221.2108,kotak_bluechip
2026-02-26,223.828,kotak_bluechip
2026-02-25,222.6482,kotak_bluechip
2026-02-24,220.5605,kotak_bluechip
2026-02-23,221.7051,kotak_bluechip
2026-02-20,221.3408,kotak_bluechip
2026-02-19,220.4132,kotak_bluechip
2026-02-18,223.2608,kotak_bluechip
2026-02-17,222.9773,kotak_bluechip
2026-02-16,222.4954,kotak_bluechip
2026-02-13,222.5748,kotak_bluechip
2026-02-12,225.4245,kotak_bluechip
2026-02-11,225.6929,kotak_bluechip
2026-02-10,225.1996,kotak_bluechip
2026-02-09,224.5198,kotak_bluechip
2026-02-06,221.7398,kotak_bluechip
2026-02-05,220.8275,kotak_bluechip
2026-02-04,220.8543,kotak_bluechip
2026-02-03,220.1536,kotak_bluechip
2026-02-02,215.3687,kotak_bluechip
2026-01-30,217.3627,kotak_bluechip
2026-01-29,215.8206,kotak_bluechip
2026-01-28,216.5481,kotak_bluechip
2026-01-27,214.5324,kotak_bluechip
2026-01-23,214.913,kotak_bluechip
2026-01-22,218.2378,kotak_bluechip
2026-01-21,216.4631,kotak_bluechip
2026-01-20,220.3003,kotak_bluechip
2026-01-19,224.6687,kotak_bluechip
2026-01-16,224.9528,kotak_bluechip
2026-01-14,225.3953,kotak_bluechip
2026-01-13,225.4815,kotak_bluechip
2026-01-12,226.2587,kotak_bluechip
2026-01-09,227.0265,kotak_bluechip
2026-01-08,229.2263,kotak_bluechip
2026-01-07,233.3132,kotak_bluechip
2026-01-06,233.0409,kotak_bluechip
2026-01-05,234.5069,kotak_bluechip
2026-01-02,236.4132,kotak_bluechip
2026-01-01,235.259,kotak_bluechip
2025-12-31,235.5063,kotak_bluechip
2025-12-30,234.3754,kotak_bluechip
2025-12-29,235.9854,kotak_bluechip
2025-12-26,236.9848,kotak_bluechip
2025-12-24,237.653,kotak_bluechip
2025-12-23,238.7629,kotak_bluechip
2025-12-22,238.0447,kotak_bluechip
2025-12-19,236.9631,kotak_bluechip
2025-12-18,234.7045,kotak_bluechip
2025-12-17,234.3133,kotak_bluechip
2025-12-16,235.7084,kotak_bluechip
2025-12-15,238.3773,kotak_bluechip
2025-12-12,238.1125,kotak_bluechip
2025-12-11,236.1615,kotak_bluechip
2025-12-10,234.2746,kotak_bluechip
2025-12-09,234.7247,kotak_bluechip
2025-12-08,234.3084,kotak_bluechip
2025-12-05,238.011,kotak_bluechip
2025-12-04,238.0141,kotak_bluechip
2025-12-03,238.6028,kotak_bluechip
2025-12-02,239.2874,kotak_bluechip
2025-12-01,240.1195,kotak_bluechip
2025-11-28,240.0428,kotak_bluechip
2025-11-27,240.9565,kotak_bluechip
2025-11-26,240.6092,kotak_bluechip
2025-11-25,237.4439,kotak_bluechip
2025-11-24,238.0858,kotak_bluechip
2025-11-21,240.214,kotak_bluechip
2025-11-20,242.1044,kotak_bluechip
2025-11-19,241.8587,kotak_bluechip
2025-11-18,241.3464,kotak_bluechip
2025-11-17,242.3625,kotak_bluechip
2025-11-14,240.1422,kotak_bluechip
2025-11-13,240.6851,kotak_bluechip
2025-11-12,240.8333,kotak_bluechip
2025-11-11,239.2695,kotak_bluechip
2025-11-10,239.0148,kotak_bluechip
2025-11-07,238.5395,kotak_bluechip
2025-11-06,238.3367,kotak_bluechip
2025-11-04,241.3991,kotak_bluechip
2025-11-03,242.436,kotak_bluechip
2025-10-31,241.241,kotak_bluechip
2025-10-30,241.5912,kotak_bluechip
2025-10-29,242.1269,kotak_bluechip
2025-10-28,240.5906,kotak_bluechip
2025-10-27,241.1116,kotak_bluechip
2025-10-24,238.5586,kotak_bluechip
2025-10-23,238.1741,kotak_bluechip
2025-10-20,238.5658,kotak_bluechip
2025-10-17,237.9585,kotak_bluechip
2025-10-16,239.7386,kotak_bluechip
2025-10-15,238.4586,kotak_bluechip
2025-10-14,236.6668,kotak_bluechip
2025-10-13,237.2262,kotak_bluechip
2025-10-10,238.7569,kotak_bluechip
2025-10-09,235.938,kotak_bluechip
2025-10-08,232.7811,kotak_bluechip
2025-10-07,233.9591,kotak_bluechip
2025-10-06,233.8185,kotak_bluechip
2025-10-03,233.3789,kotak_bluechip
2025-10-01,231.3691,kotak_bluechip
2025-09-30,229.5282,kotak_bluechip
2025-09-26,229.743,kotak_bluechip
2025-09-25,233.8771,kotak_bluechip
2025-09-24,235.1127,kotak_bluechip
2025-09-23,236.4453,kotak_bluechip
2025-09-22,236.6308,kotak_bluechip
2025-09-19,238.7551,kotak_bluechip
2025-09-18,239.2009,kotak_bluechip
2025-09-17,238.4804,kotak_bluechip
2025-09-16,238.5553,kotak_bluechip
2025-09-15,236.803,kotak_bluechip
2025-09-12,235.5009,kotak_bluechip
2025-09-11,234.5814,kotak_bluechip
2025-09-10,232.9172,kotak_bluechip
2025-09-09,231.7601,kotak_bluechip
2025-09-08,230.3334,kotak_bluechip
2025-09-05,230.0261,kotak_bluechip
2025-09-04,230.3147,kotak_bluechip
2025-09-03,231.8308,kotak_bluechip
2025-09-02,230.2564,kotak_bluechip
2025-09-01,230.56,kotak_bluechip
2025-08-29,228.1841,kotak_bluechip
2025-08-28,228.6161,kotak_bluechip
2025-08-26,231.5244,kotak_bluechip
2025-08-25,234.8266,kotak_bluechip
2025-08-22,234.6473,kotak_bluechip
2025-08-21,235.9925,kotak_bluechip
2025-08-20,237.6875,kotak_bluechip
2025-08-19,238.1606,kotak_bluechip
2025-08-18,235.8966,kotak_bluechip
2025-08-14,235.4145,kotak_bluechip
2025-08-13,235.0528,kotak_bluechip
2025-08-12,233.816,kotak_bluechip
2025-08-11,234.2709,kotak_bluechip
2025-08-08,232.4897,kotak_bluechip
2025-08-07,235.6791,kotak_bluechip
2025-08-06,235.1393,kotak_bluechip
2025-08-05,236.2507,kotak_bluechip
2025-08-04,237.9836,kotak_bluechip
2025-08-01,235.534,kotak_bluechip
2025-07-31,240.1581,kotak_bluechip
2025-07-30,243.4561,kotak_bluechip
2025-07-29,243.0613,kotak_bluechip
2025-07-28,240.377,kotak_bluechip
2025-07-25,242.2285,kotak_bluechip
2025-07-24,244.7259,kotak_bluechip
2025-07-23,245.9123,kotak_bluechip
2025-07-22,244.27,kotak_bluechip
2025-07-21,246.4861,kotak_bluechip
2025-07-18,246.0588,kotak_bluechip
2025-07-17,247.6199,kotak_bluechip
2025-07-16,247.8651,kotak_bluechip
2025-07-15,247.6496,kotak_bluechip
2025-07-14,246.3603,kotak_bluechip
2025-07-11,245.4267,kotak_bluechip
2025-07-10,247.9259,kotak_bluechip
2025-07-09,248.2505,kotak_bluechip
2025-07-08,249.0142,kotak_bluechip
2025-07-07,249.6877,kotak_bluechip
2025-07-04,250.2343,kotak_bluechip
2025-07-03,248.6183,kotak_bluechip
2025-07-02,249.1057,kotak_bluechip
2025-07-01,248.2882,kotak_bluechip
2025-06-30,247.8273,kotak_bluechip
2025-06-27,247.1461,kotak_bluechip
2025-06-26,246.3223,kotak_bluechip
2025-06-25,243.8775,kotak_bluechip
2025-06-24,242.5875,kotak_bluechip
2025-06-23,242.2674,kotak_bluechip
2025-06-20,241.4383,kotak_bluechip
2025-06-19,238.563,kotak_bluechip
2025-06-18,241.9956,kotak_bluechip
2025-06-17,243.2315,kotak_bluechip
2025-06-16,245.615,kotak_bluechip
2025-06-13,243.6935,kotak_bluechip
2025-06-12,245.0736,kotak_bluechip
2025-06-11,248.6657,kotak_bluechip
2025-06-10,248.9619,kotak_bluechip
2025-06-09,249.3853,kotak_bluechip
2025-06-06,246.8539,kotak_bluechip
2025-06-05,246.359,kotak_bluechip
2025-06-04,244.5563,kotak_bluechip
2025-06-03,242.9149,kotak_bluechip
2025-06-02,242.9849,kotak_bluechip
2025-05-30,243.2881,kotak_bluechip
2025-05-29,245.5956,kotak_bluechip
2025-05-28,244.1898,kotak_bluechip
2025-05-27,244.8471,kotak_bluechip
2025-05-26,244.6617,kotak_bluechip
2025-05-23,243.1778,kotak_bluechip
2025-05-22,242.5125,kotak_bluechip
2025-05-21,243.7466,kotak_bluechip
2025-05-20,241.4405,kotak_bluechip
2025-05-19,244.8396,kotak_bluechip
2025-05-16,245.9744,kotak_bluechip
2025-05-15,244.8228,kotak_bluechip
2025-05-14,242.8323,kotak_bluechip
2025-05-13,239.3958,kotak_bluechip
2025-05-12,239.4642,kotak_bluechip
2025-05-09,231.1589,kotak_bluechip
2025-05-08,231.2396,kotak_bluechip
2025-05-07,235.412,kotak_bluechip
2025-05-06,233.2886,kotak_bluechip
2025-05-05,238.1259,kotak_bluechip
2025-05-02,234.7715,kotak_bluechip
2025-04-30,236.4184,kotak_bluechip
2025-04-29,237.5659,kotak_bluechip
2025-04-28,237.8403,kotak_bluechip
2025-04-25,234.1117,kotak_bluechip
2025-04-24,239.2636,kotak_bluechip
2025-04-23,239.1752,kotak_bluechip
2025-04-22,237.2151,kotak_bluechip
2025-04-21,236.1813,kotak_bluechip
2025-04-17,233.07,kotak_bluechip
2025-04-16,231.0771,kotak_bluechip
2025-04-15,229.1942,kotak_bluechip
2025-04-11,223.7678,kotak_bluechip
2025-04-09,220.3787,kotak_bluechip
2025-04-08,221.4525,kotak_bluechip
2025-04-07,216.2363,kotak_bluechip
2025-04-04,223.1421,kotak_bluechip
2025-04-03,230.6728,kotak_bluechip
2025-04-02,229.4658,kotak_bluechip
2025-04-01,226.6597,kotak_bluechip
2025-03-31,227.7234,kotak_bluechip
2025-03-28,227.7198,kotak_bluechip
2025-03-27,228.4303,kotak_bluechip
2025-03-26,226.7785,kotak_bluechip
2025-03-25,228.5638,kotak_bluechip
2025-03-24,231.563,kotak_bluechip
2025-03-21,228.9535,kotak_bluechip
2025-03-20,226.422,kotak_bluechip
2025-03-19,224.1758,kotak_bluechip
2025-03-18,219.8179,kotak_bluechip
2025-03-17,216.0426,kotak_bluechip
2025-03-13,215.2816,kotak_bluechip
2025-03-12,216.5917,kotak_bluechip
2025-03-11,215.8426,kotak_bluechip
2025-03-10,215.3282,kotak_bluechip
2025-03-07,217.7349,kotak_bluechip
2025-03-06,217.3614,kotak_bluechip
2025-03-05,214.3513,kotak_bluechip
2025-03-04,208.1479,kotak_bluechip
2025-03-03,208.6743,kotak_bluechip
2025-02-28,209.9337,kotak_bluechip
2025-02-27,215.2527,kotak_bluechip
2025-02-25,217.6951,kotak_bluechip
2025-02-24,219.5091,kotak_bluechip
2025-02-21,222.1916,kotak_bluechip
2025-02-20,223.4854,kotak_bluechip
2025-02-19,221.7637,kotak_bluechip
2025-02-18,219.7878,kotak_bluechip
2025-02-17,221.5414,kotak_bluechip
2025-02-14,220.1629,kotak_bluechip
2025-02-13,224.7555,kotak_bluechip
2025-02-12,223.747,kotak_bluechip
2025-02-11,223.6698,kotak_bluechip
2025-02-10,228.5437,kotak_bluechip
2025-02-07,232.7949,kotak_bluechip
2025-02-06,233.5121,kotak_bluechip
2025-02-05,234.77,kotak_bluechip
2025-02-04,233.8514,kotak_bluechip
2025-02-03,229.5876,kotak_bluechip
2025-01-31,238.7459,kotak_bluechip
2025-01-30,234.0211,kotak_bluechip
2025-01-29,232.2161,kotak_bluechip
2025-01-28,228.974,kotak_bluechip
2025-01-27,230.121,kotak_bluechip
2025-01-24,236.8418,kotak_bluechip
2025-01-23,240.142,kotak_bluechip
2025-01-22,238.0652,kotak_bluechip
2025-01-21,240.1773,kotak_bluechip
2025-01-20,243.3888,kotak_bluechip
2025-01-17,241.8513,kotak_bluechip
2025-01-16,239.087,kotak_bluechip
2025-01-15,236.8193,kotak_bluechip
2025-01-14,237.2368,kotak_bluechip
2025-01-13,232.2336,kotak_bluechip
2025-01-10,240.3735,kotak_bluechip
2025-01-09,243.7067,kotak_bluechip
2025-01-08,245.6596,kotak_bluechip
2025-01-07,246.128,kotak_bluechip
2025-01-06,245.1046,kotak_bluechip
2025-01-03,251.7558,kotak_bluechip
2025-01-02,251.2933,kotak_bluechip
2025-01-01,248.1978,kotak_bluechip
2024-12-31,246.4922,kotak_bluechip
2024-12-30,243.4722,kotak_bluechip
2024-12-27,244.066,kotak_bluechip
2024-12-26,244.0038,kotak_bluechip
2024-12-24,244.3331,kotak_bluechip
2024-12-23,244.1149,kotak_bluechip
2024-12-20,242.1542,kotak_bluechip
2024-12-19,247.0122,kotak_bluechip
2024-12-18,249.1512,kotak_bluechip
2024-12-17,250.2968,kotak_bluechip
2024-12-16,253.2194,kotak_bluechip
2024-12-13,252.2245,kotak_bluechip
2024-12-12,252.263,kotak_bluechip
2024-12-11,254.5099,kotak_bluechip
2024-12-10,253.2317,kotak_bluechip
2024-12-09,253.7464,kotak_bluechip
2024-12-06,253.4045,kotak_bluechip
2024-12-05,253.0051,kotak_bluechip
2024-12-04,252.6181,kotak_bluechip
2024-12-03,252.2592,kotak_bluechip
2024-12-02,250.6584,kotak_bluechip
2024-11-29,249.1551,kotak_bluechip
2024-11-28,247.0727,kotak_bluechip
2024-11-27,246.6074,kotak_bluechip
2024-11-26,245.178,kotak_bluechip
2024-11-25,244.5513,kotak_bluechip
2024-11-22,240.6317,kotak_bluechip
2024-11-21,236.6909,kotak_bluechip
2024-11-19,240.0088,kotak_bluechip
2024-11-18,239.481,kotak_bluechip
2024-11-14,240.3952,kotak_bluechip
2024-11-13,240.373,kotak_bluechip
2024-11-12,244.9038,kotak_bluechip
2024-11-11,248.0054,kotak_bluechip
2024-11-08,250.1345,kotak_bluechip
2024-11-07,253.7427,kotak_bluechip
2024-11-06,256.9198,kotak_bluechip
2024-11-05,252.3112,kotak_bluechip
2024-11-04,251.6918,kotak_bluechip
2024-10-31,253.5332,kotak_bluechip
2024-10-30,255.0505,kotak_bluechip
2024-10-29,251.7044,kotak_bluechip
2024-10-28,250.392,kotak_bluechip
2024-10-25,249.7438,kotak_bluechip
2024-10-24,254.332,kotak_bluechip
2024-10-23,254.7688,kotak_bluechip
2024-10-22,254.9976,kotak_bluechip
2024-10-21,260.1379,kotak_bluechip
2024-10-18,263.2812,kotak_bluechip
2024-10-17,262.7987,kotak_bluechip
2024-10-16,265.5359,kotak_bluechip
2024-10-15,265.9668,kotak_bluechip
2024-10-14,266.9509,kotak_bluechip
2024-10-11,266.9949,kotak_bluechip
2024-10-10,265.5001,kotak_bluechip
2024-10-09,267.5266,kotak_bluechip
2024-10-08,266.6238,kotak_bluechip
2024-10-07,262.0336,kotak_bluechip
2024-10-04,268.0292,kotak_bluechip
2024-10-03,270.3234,kotak_bluechip
2024-10-01,274.7178,kotak_bluechip
2024-09-30,274.5914,kotak_bluechip
2024-09-27,276.8504,kotak_bluechip
2024-09-26,275.1799,kotak_bluechip
2024-09-25,273.8049,kotak_bluechip
2024-09-24,273.07,kotak_bluechip
2024-09-23,272.0416,kotak_bluechip
2024-09-20,270.5107,kotak_bluechip
2024-09-19,268.5655,kotak_bluechip
2024-09-18,270.8616,kotak_bluechip
2024-09-17,272.8506,kotak_bluechip
2024-09-16,273.4417,kotak_bluechip
2024-09-13,274.1736,kotak_bluechip
2024-09-12,271.53,kotak_bluechip
2024-09-11,268.7056,kotak_bluechip
2024-09-10,270.5326,kotak_bluechip
2024-09-09,268.7608,kotak_bluechip
2024-09-06,269.5129,kotak_bluechip
2024-09-05,270.8388,kotak_bluechip
2024-09-04,271.3858,kotak_bluechip
2024-09-03,271.965,kotak_bluechip
2024-09-02,271.6547,kotak_bluechip
2024-08-30,271.8752,kotak_bluechip
2024-08-29,272.5436,kotak_bluechip
2024-08-28,273.5284,kotak_bluechip
2024-08-27,274.5194,kotak_bluechip
2024-08-26,275.7407,kotak_bluechip
2024-08-23,273.0467,kotak_bluechip
2024-08-22,274.1903,kotak_bluechip
2024-08-21,273.4851,kotak_bluechip
2024-08-20,272.1785,kotak_bluechip
2024-08-19,270.7532,kotak_bluechip
2024-08-16,268.1138,kotak_bluechip
2024-08-14,264.9184,kotak_bluechip
2024-08-13,266.6449,kotak_bluechip
2024-08-12,267.8991,kotak_bluechip
2024-08-09,267.936,kotak_bluechip
2024-08-08,269.6324,kotak_bluechip
2024-08-07,269.1662,kotak_bluechip
2024-08-06,263.3229,kotak_bluechip
2024-08-05,265.4979,kotak_bluechip
2024-08-02,274.6382,kotak_bluechip
2024-08-01,277.2299,kotak_bluechip
2024-07-31,278.0632,kotak_bluechip
2024-07-30,276.394,kotak_bluechip
2024-07-29,276.5895,kotak_bluechip
2024-07-26,275.7654,kotak_bluechip
2024-07-25,271.9495,kotak_bluechip
2024-07-24,272.8352,kotak_bluechip
2024-07-23,271.8225,kotak_bluechip
2024-07-22,273.1838,kotak_bluechip
2024-07-19,272.5587,kotak_bluechip
2024-07-18,278.1595,kotak_bluechip
2024-07-16,281.0543,kotak_bluechip
2024-07-15,281.1083,kotak_bluechip
2024-07-12,278.2819,kotak_bluechip
2024-07-11,278.2463,kotak_bluechip
2024-07-10,277.7518,kotak_bluechip
2024-07-09,279.5706,kotak_bluechip
2024-07-08,277.6996,kotak_bluechip
2024-07-05,278.4743,kotak_bluechip
2024-07-04,276.7635,kotak_bluechip
2024-07-03,275.9579,kotak_bluechip
2024-07-02,273.4437,kotak_bluechip
2024-07-01,272.8824,kotak_bluechip
2024-06-28,270.8515,kotak_bluechip
2024-06-27,269.7836,kotak_bluechip
2024-06-26,269.6398,kotak_bluechip
2024-06-25,270.0778,kotak_bluechip
2024-06-24,269.8448,kotak_bluechip
2024-06-21,272.385,kotak_bluechip
2024-06-20,273.0696,kotak_bluechip
2024-06-19,271.0897,kotak_bluechip
2024-06-18,273.3525,kotak_bluechip
2024-06-14,272.7989,kotak_bluechip
2024-06-13,271.1238,kotak_bluechip
2024-06-12,270.1379,kotak_bluechip
2024-06-11,266.9125,kotak_bluechip
2024-06-10,264.3561,kotak_bluechip
2024-06-07,264.4803,kotak_bluechip
2024-06-06,260.5948,kotak_bluechip
2024-06-05,256.1055,kotak_bluechip
2024-06-04,246.1066,kotak_bluechip
2024-06-03,269.8003,kotak_bluechip
2024-05-31,260.132,kotak_bluechip
2024-05-30,258.6151,kotak_bluechip
2024-05-29,259.0983,kotak_bluechip
2024-05-28,259.1987,kotak_bluechip
2024-05-27,261.4705,kotak_bluechip
2024-05-24,264.4223,kotak_bluechip
2024-05-23,264.2809,kotak_bluechip
2024-05-22,262.3579,kotak_bluechip
2024-05-21,263.7411,kotak_bluechip
2024-05-17,258.8589,kotak_bluechip
2024-05-16,254.8362,kotak_bluechip
2024-05-15,253.3955,kotak_bluechip
2024-05-14,252.3782,kotak_bluechip
2024-05-13,247.7744,kotak_bluechip
2024-05-10,246.5479,kotak_bluechip
2024-05-09,243.9372,kotak_bluechip
2024-05-08,248.6217,kotak_bluechip
2024-05-07,246.4945,kotak_bluechip
2024-05-06,252.0095,kotak_bluechip
2024-05-03,254.9479,kotak_bluechip
2024-05-02,255.2092,kotak_bluechip
2024-04-30,252.92,kotak_bluechip
2024-04-29,252.8921,kotak_bluechip
2024-04-26,254.0366,kotak_bluechip
2024-04-25,249.7039,kotak_bluechip
2024-04-24,247.1766,kotak_bluechip
2024-04-23,244.5888,kotak_bluechip
2024-04-22,242.4256,kotak_bluechip
2024-04-19,240.6565,kotak_bluechip
2024-04-18,241.6394,kotak_bluechip
2024-04-16,240.657,kotak_bluechip
2024-04-15,239.8675,kotak_bluechip
2024-04-12,242.7975,kotak_bluechip
2024-04-10,244.7396,kotak_bluechip
2024-04-09,242.3212,kotak_bluechip
2024-04-08,242.6806,kotak_bluechip
2024-04-05,242.7884,kotak_bluechip
2024-04-04,242.4742,kotak_bluechip
2024-04-03,243.228,kotak_bluechip
2024-04-02,240.2601,kotak_bluechip
2024-04-01,237.4406,kotak_bluechip
2024-03-31,233.2192,kotak_bluechip
2024-03-28,233.2261,kotak_bluechip
2024-03-27,231.2945,kotak_bluechip
2024-03-26,230.4922,kotak_bluechip
2024-03-22,228.6795,kotak_bluechip
2024-03-21,228.5007,kotak_bluechip
2024-03-20,224.0817,kotak_bluechip
2024-03-19,223.281,kotak_bluechip
2024-03-18,227.5049,kotak_bluechip
2024-03-15,223.9447,kotak_bluechip
2024-03-14,226.1193,kotak_bluechip
2024-03-13,222.2214,kotak_bluechip
2024-03-12,233.8408,kotak_bluechip
2024-03-11,235.0175,kotak_bluechip
2024-03-07,236.2258,kotak_bluechip
2024-03-06,235.9664,kotak_bluechip
2024-03-05,237.785,kotak_bluechip
2024-03-04,237.4278,kotak_bluechip
2024-03-01,231.8163,kotak_bluechip
2024-02-29,228.3154,kotak_bluechip
2024-02-28,227.1551,kotak_bluechip
2024-02-27,230.4211,kotak_bluechip
2024-02-26,231.8795,kotak_bluechip
2024-02-23,233.061,kotak_bluechip
2024-02-22,232.5025,kotak_bluechip
2024-02-21,229.8352,kotak_bluechip
2024-02-20,232.8586,kotak_bluechip
2024-02-19,233.2058,kotak_bluechip
2024-02-16,231.4292,kotak_bluechip
2024-02-15,230.8369,kotak_bluechip
2024-02-14,226.8667,kotak_bluechip
2024-02-13,224.633,kotak_bluechip
2024-02-12,223.6698,kotak_bluechip
2024-02-09,229.718,kotak_bluechip
2024-02-08,230.7531,kotak_bluechip
2024-02-07,230.5055,kotak_bluechip
2024-02-06,229.7084,kotak_bluechip
2024-02-05,227.471,kotak_bluechip
2024-02-02,224.8078,kotak_bluechip
2024-02-01,221.5425,kotak_bluechip
2024-01-31,222.4922,kotak_bluechip
2024-01-30,220.0328,kotak_bluechip
2024-01-29,221.2243,kotak_bluechip
2024-01-25,216.4988,kotak_bluechip
2024-01-24,214.264,kotak_bluechip
2024-01-23,210.7529,kotak_bluechip
2024-01-19,217.1791,kotak_bluechip
2024-01-18,212.8968,kotak_bluechip
2024-01-17,209.5256,kotak_bluechip
2024-01-16,212.2606,kotak_bluechip
2024-01-15,213.8548,kotak_bluechip
2024-01-12,211.1379,kotak_bluechip
2024-01-11,210.0325,kotak_bluechip
2024-01-10,208.8334,kotak_bluechip
2024-01-09,208.2746,kotak_bluechip
2024-01-08,207.5449,kotak_bluechip
2024-01-05,210.1649,kotak_bluechip
2024-01-04,210.044,kotak_bluechip
2024-01-03,207.2425,kotak_bluechip
2024-01-02,206.992,kotak_bluechip
2024-01-01,205.9027,kotak_bluechip
2023-12-29,204.9528,kotak_bluechip
2023-12-28,204.9905,kotak_bluechip
2023-12-27,201.6236,kotak_bluechip
2023-12-26,201.2701,kotak_bluechip
2023-12-22,200.7116,kotak_bluechip
2023-12-21,200.3601,kotak_bluechip
2023-12-20,195.5966,kotak_bluechip
2023-12-19,202.1036,kotak_bluechip
2023-12-18,202.5117,kotak_bluechip
2023-12-15,201.5599,kotak_bluechip
2023-12-14,200.3266,kotak_bluechip
2023-12-13,198.1083,kotak_bluechip
2023-12-12,197.3596,kotak_bluechip
2023-12-11,199.035,kotak_bluechip
2023-12-08,197.9955,kotak_bluechip
2023-12-07,200.4017,kotak_bluechip
2023-12-06,198.8836,kotak_bluechip
2023-12-05,198.5721,kotak_bluechip
2023-12-04,197.1594,kotak_bluechip
2023-12-01,195.4307,kotak_bluechip
2023-11-30,193.1175,kotak_bluechip
2023-11-29,191.4374,kotak_bluechip
2023-11-28,190.1236,kotak_bluechip
2023-11-24,188.3907,kotak_bluechip
2023-11-23,187.2964,kotak_bluechip
2023-11-22,187.7058,kotak_bluechip
2023-11-21,187.9369,kotak_bluechip
2023-11-20,187.4619,kotak_bluechip
2023-11-17,187.8988,kotak_bluechip
2023-11-16,188.056,kotak_bluechip
2023-11-15,186.2844,kotak_bluechip
2023-11-13,185.9812,kotak_bluechip
2023-11-10,184.5793,kotak_bluechip
2023-11-09,184.0495,kotak_bluechip
2023-11-08,184.4927,kotak_bluechip
2023-11-07,182.9201,kotak_bluechip
2023-11-06,182.0635,kotak_bluechip
2023-11-03,180.4761,kotak_bluechip
2023-11-02,179.9886,kotak_bluechip
2023-11-01,176.6655,kotak_bluechip
2023-10-31,176.4723,kotak_bluechip
2023-10-30,176.3726,kotak_bluechip
2023-10-27,175.7887,kotak_bluechip
2023-10-26,173.6302,kotak_bluechip
2023-10-25,174.6533,kotak_bluechip
2023-10-23,175.6322,kotak_bluechip
2023-10-20,180.2728,kotak_bluechip
2023-10-19,182.8728,kotak_bluechip
2023-10-18,182.6142,kotak_bluechip
2023-10-17,184.7153,kotak_bluechip
2023-10-16,184.1322,kotak_bluechip
2023-10-13,183.7232,kotak_bluechip
2023-10-12,184.6935,kotak_bluechip
2023-10-11,181.7082,kotak_bluechip
2023-10-10,180.4485,kotak_bluechip
2023-10-09,177.6778,kotak_bluechip
2023-10-06,180.1273,kotak_bluechip
2023-10-05,179.3514,kotak_bluechip
2023-10-04,179.6064,kotak_bluechip
2023-10-03,182.3246,kotak_bluechip
2023-09-29,182.3211,kotak_bluechip
2023-09-27,182.1994,kotak_bluechip
2023-09-26,180.7082,kotak_bluechip
2023-09-25,180.2127,kotak_bluechip
2023-09-22,178.4228,kotak_bluechip
2023-09-21,178.7128,kotak_bluechip
2023-09-20,179.8008,kotak_bluechip
2023-09-18,181.3955,kotak_bluechip
2023-09-15,181.8206,kotak_bluechip
2023-09-14,181.7795,kotak_bluechip
2023-09-13,180.7573,kotak_bluechip
2023-09-12,178.5377,kotak_bluechip
2023-09-11,182.7023,kotak_bluechip
2023-09-08,180.5312,kotak_bluechip
2023-09-07,179.0615,kotak_bluechip
2023-09-06,178.4506,kotak_bluechip
2023-09-05,179.1531,kotak_bluechip
2023-09-04,177.596,kotak_bluechip
2023-09-01,175.3529,kotak_bluechip
2023-08-31,172.7257,kotak_bluechip
2023-08-30,172.8789,kotak_bluechip
2023-08-29,171.7431,kotak_bluechip
2023-08-28,171.586,kotak_bluechip
2023-08-25,170.4103,kotak_bluechip
2023-08-24,171.3185,kotak_bluechip
2023-08-23,172.3817,kotak_bluechip
2023-08-22,172.4517,kotak_bluechip
2023-08-21,171.144,kotak_bluechip
2023-08-18,170.2542,kotak_bluechip
2023-08-17,170.2875,kotak_bluechip
2023-08-16,169.9728,kotak_bluechip
2023-08-14,169.3751,kotak_bluechip
2023-08-11,170.0636,kotak_bluechip
2023-08-10,170.7599,kotak_bluechip
2023-08-09,170.3286,kotak_bluechip
2023-08-08,169.607,kotak_bluechip
2023-08-07,168.9046,kotak_bluechip
2023-08-04,168.0284,kotak_bluechip
2023-08-03,167.6171,kotak_bluechip
2023-08-02,167.2217,kotak_bluechip
2023-08-01,170.487,kotak_bluechip
2023-07-31,171.122,kotak_bluechip
2023-07-28,170.6053,kotak_bluechip
2023-07-27,169.3005,kotak_bluechip
2023-07-26,168.3166,kotak_bluechip
2023-07-25,165.269,kotak_bluechip
2023-07-24,164.4436,kotak_bluechip
2023-07-21,164.2707,kotak_bluechip
2023-07-20,164.8306,kotak_bluechip
2023-07-19,164.0955,kotak_bluechip
2023-07-18,162.7716,kotak_bluechip
2023-07-17,163.2076,kotak_bluechip
2023-07-14,161.9301,kotak_bluechip
2023-07-13,159.8087,kotak_bluechip
2023-07-12,161.5415,kotak_bluechip
2023-07-11,161.057,kotak_bluechip
2023-07-10,160.0343,kotak_bluechip
2023-07-07,160.1835,kotak_bluechip
2023-07-06,160.4979,kotak_bluechip
2023-07-05,159.31,kotak_bluechip
2023-07-04,158.4254,kotak_bluechip
2023-07-03,158.3986,kotak_bluechip
2023-06-30,156.8776,kotak_bluechip
2023-06-28,155.6911,kotak_bluechip
2023-06-27,154.6907,kotak_bluechip
2023-06-26,153.8963,kotak_bluechip
2023-06-23,153.1875,kotak_bluechip
2023-06-22,154.5586,kotak_bluechip
2023-06-21,156.3535,kotak_bluechip
2023-06-20,154.9588,kotak_bluechip
2023-06-19,154.5752,kotak_bluechip
2023-06-16,154.8056,kotak_bluechip
2023-06-15,153.6912,kotak_bluechip
2023-06-14,154.3517,kotak_bluechip
2023-06-13,153.7676,kotak_bluechip
2023-06-12,151.3219,kotak_bluechip
2023-06-09,150.4985,kotak_bluechip
2023-06-08,150.4792,kotak_bluechip
2023-06-07,151.5583,kotak_bluechip
2023-06-06,149.9541,kotak_bluechip
2023-06-05,149.8771,kotak_bluechip
2023-06-02,149.2749,kotak_bluechip
2023-06-01,148.8214,kotak_bluechip
2023-05-31,148.2521,kotak_bluechip
2023-05-30,148.2581,kotak_bluechip
2023-05-29,147.2131,kotak_bluechip
2023-05-26,146.9907,kotak_bluechip
2023-05-25,145.579,kotak_bluechip
2023-05-24,145.2001,kotak_bluechip
2023-05-23,145.2943,kotak_bluechip
2023-05-22,145.2982,kotak_bluechip
2023-05-19,144.5852,kotak_bluechip
2023-05-18,144.5564,kotak_bluechip
2023-05-17,145.5436,kotak_bluechip
2023-05-16,146.0016,kotak_bluechip
2023-05-15,146.1892,kotak_bluechip
2023-05-12,145.3671,kotak_bluechip
2023-05-11,146.0869,kotak_bluechip
2023-05-10,146.4076,kotak_bluechip
2023-05-09,146.9646,kotak_bluechip
2023-05-08,147.3298,kotak_bluechip
2023-05-05,146.2396,kotak_bluechip
2023-05-04,148.1713,kotak_bluechip
2023-05-03,146.9304,kotak_bluechip
2023-05-02,147.4707,kotak_bluechip
2023-04-28,146.3658,kotak_bluechip
2023-04-27,143.9685,kotak_bluechip
2023-04-26,143.8899,kotak_bluechip
2023-04-25,143.2685,kotak_bluechip
2023-04-24,143.0605,kotak_bluechip
2023-04-21,142.112,kotak_bluechip
2023-04-20,142.8697,kotak_bluechip
2023-04-19,142.7704,kotak_bluechip
2023-04-18,142.8466,kotak_bluechip
2023-04-17,142.8324,kotak_bluechip
2023-04-13,142.5051,kotak_bluechip
2023-04-12,142.1034,kotak_bluechip
2023-04-11,141.9336,kotak_bluechip
2023-04-10,141.253,kotak_bluechip
2023-04-06,140.8973,kotak_bluechip
2023-04-05,140.1858,kotak_bluechip
2023-04-03,140.0803,kotak_bluechip
2023-03-31,139.1977,kotak_bluechip
2023-03-29,137.2099,kotak_bluechip
2023-03-28,134.8072,kotak_bluechip
2023-03-27,135.0155,kotak_bluechip
2023-03-24,135.3902,kotak_bluechip
2023-03-23,136.7699,kotak_bluechip
2023-03-22,137.8024,kotak_bluechip
2023-03-21,137.424,kotak_bluechip
2023-03-20,136.2904,kotak_bluechip
2023-03-17,137.9719,kotak_bluechip
2023-03-16,137.7193,kotak_bluechip
2023-03-15,137.8601,kotak_bluechip
2023-03-14,137.9846,kotak_bluechip
2023-03-13,139.6585,kotak_bluechip
2023-03-10,142.5247,kotak_bluechip
2023-03-09,144.0023,kotak_bluechip
2023-03-08,144.8362,kotak_bluechip
2023-03-06,143.9738,kotak_bluechip
2023-03-03,143.2378,kotak_bluechip
2023-03-02,141.2125,kotak_bluechip
2023-03-01,141.0957,kotak_bluechip
2023-02-28,139.4266,kotak_bluechip
2023-02-27,139.1144,kotak_bluechip
2023-02-24,139.7942,kotak_bluechip
2023-02-23,141.2408,kotak_bluechip
2023-02-22,141.1745,kotak_bluechip
2023-02-21,142.6417,kotak_bluechip
2023-02-20,143.177,kotak_bluechip
2023-02-17,143.2164,kotak_bluechip
2023-02-16,144.3178,kotak_bluechip
2023-02-15,143.1622,kotak_bluechip
2023-02-14,141.9587,kotak_bluechip
2023-02-13,141.6187,kotak_bluechip
2023-02-10,142.8888,kotak_bluechip
2023-02-09,142.1272,kotak_bluechip
2023-02-08,142.2113,kotak_bluechip
2023-02-07,141.3997,kotak_bluechip
2023-02-06,142.1399,kotak_bluechip
2023-02-03,141.8329,kotak_bluechip
2023-02-02,141.4343,kotak_bluechip
2023-02-01,141.189,kotak_bluechip
2023-01-31,144.6578,kotak_bluechip
2023-01-30,141.1836,kotak_bluechip
2023-01-27,141.3707,kotak_bluechip
2023-01-25,146.0043,kotak_bluechip
2023-01-24,149.1414,kotak_bluechip
2023-01-23,150.2557,kotak_bluechip
2023-01-20,150.0517,kotak_bluechip
2023-01-19,150.8009,kotak_bluechip
2023-01-18,150.7411,kotak_bluechip
2023-01-17,150.919,kotak_bluechip
2023-01-16,151.418,kotak_bluechip
2023-01-13,151.2559,kotak_bluechip
2023-01-12,150.5384,kotak_bluechip
2023-01-11,151.3555,kotak_bluechip
2023-01-10,150.9817,kotak_bluechip
2023-01-09,152.2843,kotak_bluechip
2023-01-06,150.5603,kotak_bluechip
2023-01-05,151.8208,kotak_bluechip
2023-01-04,150.964,kotak_bluechip
2023-01-03,152.9569,kotak_bluechip
2023-01-02,152.1024,kotak_bluechip
2022-12-30,150.2585,kotak_bluechip
2022-12-29,148.6537,kotak_bluechip
2022-12-28,148.2089,kotak_bluechip
2022-12-27,148.0385,kotak_bluechip
2022-12-26,145.8291,kotak_bluechip
2022-12-23,140.3861,kotak_bluechip
2022-12-22,146.8345,kotak_bluechip
2022-12-21,148.566,kotak_bluechip
2022-12-20,152.0756,kotak_bluechip
2022-12-19,152.521,kotak_bluechip
2022-12-16,151.1821,kotak_bluechip
2022-12-15,153.8581,kotak_bluechip
2022-12-14,155.6215,kotak_bluechip
2022-12-13,155.1466,kotak_bluechip
2022-12-12,153.6017,kotak_bluechip
2022-12-09,152.6343,kotak_bluechip
2022-12-08,154.7371,kotak_bluechip
2022-12-07,152.6613,kotak_bluechip
2022-12-06,152.9156,kotak_bluechip
2022-12-05,153.079,kotak_bluechip
2022-12-02,152.3886,kotak_bluechip
2022-12-01,151.3128,kotak_bluechip
2022-11-30,149.665,kotak_bluechip
2022-11-29,149.7115,kotak_bluechip
2022-11-28,149.9924,kotak_bluechip
2022-11-25,149.2333,kotak_bluechip
2022-11-24,147.5941,kotak_bluechip
2022-11-23,147.0259,kotak_bluechip
2022-11-22,146.2966,kotak_bluechip
2022-11-21,145.1487,kotak_bluechip
2022-11-18,144.3165,kotak_bluechip
2022-11-17,144.0831,kotak_bluechip
2022-11-16,144.3685,kotak_bluechip
2022-11-15,145.8004,kotak_bluechip
2022-11-14,145.9642,kotak_bluechip
2022-11-11,146.303,kotak_bluechip
2022-11-10,146.8062,kotak_bluechip
2022-11-09,147.5742,kotak_bluechip
2022-11-07,146.1047,kotak_bluechip
2022-11-04,145.65,kotak_bluechip
2022-11-03,145.4311,kotak_bluechip
2022-11-02,144.3572,kotak_bluechip
2022-11-01,144.4554,kotak_bluechip
2022-10-31,144.5066,kotak_bluechip
2022-10-28,143.3029,kotak_bluechip
2022-10-27,143.6154,kotak_bluechip
2022-10-25,142.4703,kotak_bluechip
2022-10-21,141.3402,kotak_bluechip
2022-10-20,142.4291,kotak_bluechip
2022-10-19,142.1461,kotak_bluechip
2022-10-18,142.0911,kotak_bluechip
2022-10-17,140.1157,kotak_bluechip
2022-10-14,139.0192,kotak_bluechip
2022-10-13,139.159,kotak_bluechip
2022-10-12,140.5843,kotak_bluechip
2022-10-11,139.2999,kotak_bluechip
2022-10-10,142.0986,kotak_bluechip
2022-10-07,142.9606,kotak_bluechip
2022-10-06,142.8724,kotak_bluechip
2022-10-04,141.5815,kotak_bluechip
2022-10-03,137.917,kotak_bluechip
2022-09-30,140.7102,kotak_bluechip
2022-09-29,138.4288,kotak_bluechip
2022-09-28,137.5252,kotak_bluechip
2022-09-27,139.239,kotak_bluechip
2022-09-26,138.9011,kotak_bluechip
2022-09-23,143.7564,kotak_bluechip
2022-09-22,147.0275,kotak_bluechip
2022-09-21,147.089,kotak_bluechip
2022-09-20,148.0999,kotak_bluechip
2022-09-19,146.4419,kotak_bluechip
2022-09-16,144.6279,kotak_bluechip
2022-09-15,148.0874,kotak_bluechip
2022-09-14,147.7233,kotak_bluechip
2022-09-13,147.0281,kotak_bluechip
2022-09-12,146.6505,kotak_bluechip
2022-09-09,145.2952,kotak_bluechip
2022-09-08,144.5818,kotak_bluechip
2022-09-07,143.2948,kotak_bluechip
2022-09-06,142.6098,kotak_bluechip
2022-09-05,142.5414,kotak_bluechip
2022-09-02,141.5479,kotak_bluechip
2022-09-01,140.3487,kotak_bluechip
2022-08-30,139.8072,kotak_bluechip
2022-08-29,137.4254,kotak_bluechip
2022-08-26,138.0588,kotak_bluechip
2022-08-25,136.5525,kotak_bluechip
2022-08-24,137.2337,kotak_bluechip
2022-08-23,135.7256,kotak_bluechip
2022-08-22,134.4195,kotak_bluechip
2022-08-19,135.94,kotak_bluechip
2022-08-18,136.2458,kotak_bluechip
2022-08-17,136.0795,kotak_bluechip
2022-08-16,136.1543,kotak_bluechip
2022-08-12,134.4421,kotak_bluechip
2022-08-11,134.6731,kotak_bluechip
2022-08-10,133.684,kotak_bluechip
2022-08-08,134.0048,kotak_bluechip
2022-08-05,133.3098,kotak_bluechip
2022-08-04,132.7787,kotak_bluechip
2022-08-03,133.9674,kotak_bluechip
2022-08-02,134.5169,kotak_bluechip
2022-08-01,134.3873,kotak_bluechip
2022-07-29,132.6375,kotak_bluechip
2022-07-28,131.0739,kotak_bluechip
2022-07-27,130.9163,kotak_bluechip
2022-07-26,129.8095,kotak_bluechip
2022-07-25,130.5051,kotak_bluechip
2022-07-22,130.4869,kotak_bluechip
2022-07-21,130.3175,kotak_bluechip
2022-07-20,128.3494,kotak_bluechip
2022-07-19,128.5486,kotak_bluechip
2022-07-18,127.6418,kotak_bluechip
2022-07-15,125.9286,kotak_bluechip
2022-07-14,125.1583,kotak_bluechip
2022-07-13,125.9255,kotak_bluechip
2022-07-12,126.1713,kotak_bluechip
2022-07-11,126.5195,kotak_bluechip
2022-07-08,125.3723,kotak_bluechip
2022-07-07,125.0387,kotak_bluechip
2022-07-06,123.1503,kotak_bluechip
2022-07-05,121.5446,kotak_bluechip
2022-07-04,121.6048,kotak_bluechip
2022-07-01,120.3586,kotak_bluechip
2022-06-30,119.9835,kotak_bluechip
2022-06-29,121.3045,kotak_bluechip
2022-06-28,121.3901,kotak_bluechip
2022-06-27,120.9324,kotak_bluechip
2022-06-24,119.9259,kotak_bluechip
2022-06-23,118.0699,kotak_bluechip
2022-06-22,116.656,kotak_bluechip
2022-06-21,119.1233,kotak_bluechip
2022-06-20,115.4594,kotak_bluechip
2022-06-17,117.286,kotak_bluechip
2022-06-16,117.8647,kotak_bluechip
2022-06-15,120.9835,kotak_bluechip
2022-06-14,121.4934,kotak_bluechip
2022-06-13,121.5062,kotak_bluechip
2022-06-10,125.7057,kotak_bluechip
2022-06-09,126.4198,kotak_bluechip
2022-06-08,125.6039,kotak_bluechip
2022-06-07,126.1756,kotak_bluechip
2022-06-06,126.8011,kotak_bluechip
2022-06-03,127.1436,kotak_bluechip
2022-06-02,128.9305,kotak_bluechip
2022-06-01,127.7555,kotak_bluechip
2022-05-31,127.6661,kotak_bluechip
2022-05-30,128.3099,kotak_bluechip
2022-05-27,125.3669,kotak_bluechip
2022-05-26,123.7339,kotak_bluechip
2022-05-25,122.4912,kotak_bluechip
2022-05-24,125.0677,kotak_bluechip
2022-05-23,126.5524,kotak_bluechip
2022-05-20,127.5141,kotak_bluechip
2022-05-19,123.9027,kotak_bluechip
2022-05-18,127.1144,kotak_bluechip
2022-05-17,126.9614,kotak_bluechip
2022-05-16,123.2696,kotak_bluechip
2022-05-13,120.7455,kotak_bluechip
2022-05-12,120.1196,kotak_bluechip
2022-05-11,122.6652,kotak_bluechip
2022-05-10,124.5986,kotak_bluechip
2022-05-09,127.1131,kotak_bluechip
2022-05-06,129.5722,kotak_bluechip
2022-05-05,130.9687,kotak_bluechip
2022-05-04,130.5776,kotak_bluechip
2022-05-02,135.1252,kotak_bluechip
2022-04-29,135.4238,kotak_bluechip
2022-04-28,136.1467,kotak_bluechip
2022-04-27,135.4855,kotak_bluechip
2022-04-26,135.9278,kotak_bluechip
2022-04-25,133.3753,kotak_bluechip
2022-04-22,136.7078,kotak_bluechip
2022-04-21,138.0841,kotak_bluechip
2022-04-20,136.0407,kotak_bluechip
2022-04-19,136.215,kotak_bluechip
2022-04-18,138.4153,kotak_bluechip
2022-04-13,139.5462,kotak_bluechip
2022-04-12,140.066,kotak_bluechip
2022-04-11,141.742,kotak_bluechip
2022-04-08,141.3035,kotak_bluechip
2022-04-07,138.7343,kotak_bluechip
2022-04-06,139.2868,kotak_bluechip
2022-04-05,138.396,kotak_bluechip
2022-04-04,138.1757,kotak_bluechip
2022-04-01,137.1696,kotak_bluechip
2022-03-31,135.6836,kotak_bluechip
2022-03-30,134.3213,kotak_bluechip
2022-03-29,132.7146,kotak_bluechip
2022-03-28,130.1468,kotak_bluechip
2022-03-25,130.6546,kotak_bluechip
2022-03-24,130.0787,kotak_bluechip
2022-03-23,127.2515,kotak_bluechip
2022-03-22,126.368,kotak_bluechip
2022-03-21,126.3259,kotak_bluechip
2022-03-17,125.8022,kotak_bluechip
2022-03-16,124.5593,kotak_bluechip
2022-03-15,122.4305,kotak_bluechip
2022-03-14,122.8303,kotak_bluechip
2022-03-11,122.6214,kotak_bluechip
2022-03-10,122.1145,kotak_bluechip
2022-03-09,121.8261,kotak_bluechip
2022-03-08,118.3143,kotak_bluechip
2022-03-07,116.5848,kotak_bluechip
2022-03-04,118.5841,kotak_bluechip
2022-03-03,121.306,kotak_bluechip
2022-03-02,120.9498,kotak_bluechip
2022-02-28,121.3314,kotak_bluechip
2022-02-25,120.143,kotak_bluechip
2022-02-24,115.354,kotak_bluechip
2022-02-23,122.4841,kotak_bluechip
2022-02-22,122.14,kotak_bluechip
2022-02-21,124.0226,kotak_bluechip
2022-02-18,125.0481,kotak_bluechip
2022-02-17,126.1227,kotak_bluechip
2022-02-16,126.5886,kotak_bluechip
2022-02-15,126.5317,kotak_bluechip
2022-02-14,123.3325,kotak_bluechip
2022-02-11,128.1104,kotak_bluechip
2022-02-10,130.321,kotak_bluechip
2022-02-09,129.718,kotak_bluechip
2022-02-08,128.2557,kotak_bluechip
2022-02-07,129.3986,kotak_bluechip
2022-02-04,130.6492,kotak_bluechip
2022-02-03,131.6462,kotak_bluechip
2022-02-02,132.0523,kotak_bluechip
2022-02-01,129.7313,kotak_bluechip
2022-01-31,128.1208,kotak_bluechip
2022-01-28,126.2127,kotak_bluechip
2022-01-27,124.5614,kotak_bluechip
2022-01-25,124.1798,kotak_bluechip
2022-01-24,122.3992,kotak_bluechip
2022-01-21,126.9673,kotak_bluechip
2022-01-20,129.1206,kotak_bluechip
2022-01-19,129.4117,kotak_bluechip
2022-01-18,129.7285,kotak_bluechip
2022-01-17,131.6676,kotak_bluechip
2022-01-14,131.3247,kotak_bluechip
2022-01-13,130.9552,kotak_bluechip
2022-01-12,130.4142,kotak_bluechip
2022-01-11,128.9376,kotak_bluechip
2022-01-10,128.6834,kotak_bluechip
2022-01-07,126.9977,kotak_bluechip
2022-01-06,127.2091,kotak_bluechip
2022-01-05,127.2368,kotak_bluechip
2022-01-04,126.4906,kotak_bluechip
2022-01-03,126.5068,kotak_bluechip
2021-12-31,125.2807,kotak_bluechip
2021-12-30,123.8013,kotak_bluechip
2021-12-29,124.4717,kotak_bluechip
2021-12-28,124.576,kotak_bluechip
2021-12-27,123.3188,kotak_bluechip
2021-12-24,122.874,kotak_bluechip
2021-12-23,124.1931,kotak_bluechip
2021-12-22,123.2628,kotak_bluechip
2021-12-21,121.795,kotak_bluechip
2021-12-20,119.71,kotak_bluechip
2021-12-17,123.6749,kotak_bluechip
2021-12-16,127.2077,kotak_bluechip
2021-12-15,128.0305,kotak_bluechip
2021-12-14,129.4064,kotak_bluechip
2021-12-13,130.5165,kotak_bluechip
2021-12-10,130.5146,kotak_bluechip
2021-12-09,128.936,kotak_bluechip
2021-12-08,127.8777,kotak_bluechip
2021-12-07,125.9046,kotak_bluechip
2021-12-06,123.5684,kotak_bluechip
2021-12-03,125.6791,kotak_bluechip
2021-12-02,126.1115,kotak_bluechip
2021-12-01,125.2689,kotak_bluechip
2021-11-30,123.2882,kotak_bluechip
2021-11-29,123.4947,kotak_bluechip
2021-11-26,124.5182,kotak_bluechip
2021-11-25,127.3085,kotak_bluechip
2021-11-24,126.7601,kotak_bluechip
2021-11-23,126.6971,kotak_bluechip
2021-11-22,124.8428,kotak_bluechip
2021-11-18,127.7737,kotak_bluechip
2021-11-17,127.615,kotak_bluechip
2021-11-16,128.2358,kotak_bluechip
2021-11-15,127.9441,kotak_bluechip
2021-11-12,127.8162,kotak_bluechip
2021-11-11,126.7011,kotak_bluechip
2021-11-10,128.5292,kotak_bluechip
2021-11-09,129.4627,kotak_bluechip
2021-11-08,126.5553,kotak_bluechip
2021-11-03,123.9671,kotak_bluechip
2021-11-02,124.3528,kotak_bluechip
2021-11-01,122.3731,kotak_bluechip
2021-10-29,121.125,kotak_bluechip
2021-10-28,120.5865,kotak_bluechip
2021-10-27,125.1766,kotak_bluechip
2021-10-26,124.2359,kotak_bluechip
2021-10-25,122.3886,kotak_bluechip
2021-10-22,123.5795,kotak_bluechip
2021-10-21,124.0566,kotak_bluechip
2021-10-20,123.8136,kotak_bluechip
2021-10-19,125.353,kotak_bluechip
2021-10-18,128.1334,kotak_bluechip
2021-10-14,128.1077,kotak_bluechip
2021-10-13,126.7329,kotak_bluechip
2021-10-12,125.3865,kotak_bluechip
2021-10-11,125.0833,kotak_bluechip
2021-10-08,124.4168,kotak_bluechip
2021-10-07,123.9085,kotak_bluechip
2021-10-06,121.0031,kotak_bluechip
2021-10-05,122.8085,kotak_bluechip
2021-10-04,121.3677,kotak_bluechip
2021-10-01,119.6067,kotak_bluechip
2021-09-30,119.6375,kotak_bluechip
2021-09-29,119.5144,kotak_bluechip
2021-09-28,118.9551,kotak_bluechip
2021-09-27,120.5259,kotak_bluechip
2021-09-24,120.4051,kotak_bluechip
2021-09-23,121.3543,kotak_bluechip
2021-09-22,119.0567,kotak_bluechip
2021-09-21,116.8253,kotak_bluechip
2021-09-20,116.2739,kotak_bluechip
2021-09-17,118.2959,kotak_bluechip
2021-09-16,120.0889,kotak_bluechip
2021-09-15,120.1809,kotak_bluechip
2021-09-14,119.6825,kotak_bluechip
2021-09-13,118.0007,kotak_bluechip
2021-09-09,117.5904,kotak_bluechip
2021-09-08,117.2561,kotak_bluechip
2021-09-07,117.1723,kotak_bluechip
2021-09-06,118.4129,kotak_bluechip
2021-09-03,118.3232,kotak_bluechip
2021-09-02,116.8384,kotak_bluechip
2021-09-01,115.819,kotak_bluechip
2021-08-31,115.0803,kotak_bluechip
2021-08-30,114.5617,kotak_bluechip
2021-08-27,112.8523,kotak_bluechip
2021-08-26,111.3224,kotak_bluechip
2021-08-25,111.2587,kotak_bluechip
2021-08-24,110.7465,kotak_bluechip
2021-08-23,108.5636,kotak_bluechip
2021-08-20,110.1044,kotak_bluechip
2021-08-18,112.2595,kotak_bluechip
2021-08-17,112.4596,kotak_bluechip
2021-08-16,112.9477,kotak_bluechip
2021-08-13,113.2091,kotak_bluechip
2021-08-12,113.4808,kotak_bluechip
2021-08-11,111.6255,kotak_bluechip
2021-08-10,111.3368,kotak_bluechip
2021-08-09,113.7666,kotak_bluechip
2021-08-06,115.0773,kotak_bluechip
2021-08-05,114.8914,kotak_bluechip
2021-08-04,116.3895,kotak_bluechip
2021-08-03,118.247,kotak_bluechip
2021-08-02,117.6043,kotak_bluechip
2021-07-30,116.2014,kotak_bluechip
2021-07-29,115.3692,kotak_bluechip
2021-07-28,114.8053,kotak_bluechip
2021-07-27,114.7306,kotak_bluechip
2021-07-26,114.6399,kotak_bluechip
2021-07-23,113.8497,kotak_bluechip
2021-07-22,114.4246,kotak_bluechip
2021-07-20,112.6394,kotak_bluechip
2021-07-19,114.5825,kotak_bluechip
2021-07-16,114.8708,kotak_bluechip
2021-07-15,113.9896,kotak_bluechip
2021-07-14,113.9917,kotak_bluechip
2021-07-13,113.1638,kotak_bluechip
2021-07-12,112.5196,kotak_bluechip
2021-07-09,112.6712,kotak_bluechip
2021-07-08,112.4426,kotak_bluechip
2021-07-07,113.5351,kotak_bluechip
2021-07-06,112.8844,kotak_bluechip
2021-07-05,112.5249,kotak_bluechip
2021-07-02,111.4249,kotak_bluechip
2021-07-01,110.3494,kotak_bluechip
2021-06-30,110.031,kotak_bluechip
2021-06-29,109.7662,kotak_bluechip
2021-06-28,110.4474,kotak_bluechip
2021-06-25,110.5951,kotak_bluechip
2021-06-24,109.1505,kotak_bluechip
2021-06-23,109.382,kotak_bluechip
2021-06-22,109.0671,kotak_bluechip
2021-06-21,108.33,kotak_bluechip
2021-06-18,107.7961,kotak_bluechip
2021-06-17,107.7813,kotak_bluechip
2021-06-16,108.9361,kotak_bluechip
2021-06-15,109.4685,kotak_bluechip
2021-06-14,109.3974,kotak_bluechip
2021-06-11,108.2812,kotak_bluechip
2021-06-10,107.8207,kotak_bluechip
2021-06-09,106.6064,kotak_bluechip
2021-06-08,107.8485,kotak_bluechip
2021-06-07,107.8234,kotak_bluechip
2021-06-04,106.6658,kotak_bluechip
2021-06-03,106.1394,kotak_bluechip
2021-06-02,105.6999,kotak_bluechip
2021-06-01,104.9083,kotak_bluechip
2021-05-31,105.8356,kotak_bluechip
2021-05-28,105.3639,kotak_bluechip
2021-05-27,104.8858,kotak_bluechip
2021-05-26,104.5778,kotak_bluechip
2021-05-25,104.7153,kotak_bluechip
2021-05-24,105.2387,kotak_bluechip
2021-05-21,104.4634,kotak_bluechip
2021-05-20,103.873,kotak_bluechip
2021-05-19,103.9913,kotak_bluechip
2021-05-18,103.9544,kotak_bluechip
2021-05-17,103.0522,kotak_bluechip
2021-05-14,101.9095,kotak_bluechip
2021-05-12,104.0749,kotak_bluechip
2021-05-11,103.9738,kotak_bluechip
2021-05-10,101.7622,kotak_bluechip
2021-05-07,99.8228,kotak_bluechip
2021-05-06,98.8142,kotak_bluechip
2021-05-05,98.0632,kotak_bluechip
2021-05-04,96.3119,kotak_bluechip
2021-05-03,96.3213,kotak_bluechip
2021-04-30,94.7152,kotak_bluechip
2021-04-29,94.9422,kotak_bluechip
2021-04-28,95.7304,kotak_bluechip
2021-04-27,95.2842,kotak_bluechip
2021-04-26,93.8119,kotak_bluechip
2021-04-23,93.2959,kotak_bluechip
2021-04-22,92.9617,kotak_bluechip
2021-04-20,91.9398,kotak_bluechip
2021-04-19,91.1552,kotak_bluechip
2021-04-16,92.2092,kotak_bluechip
2021-04-15,91.3154,kotak_bluechip
2021-04-13,91.6968,kotak_bluechip
2021-04-12,91.0016,kotak_bluechip
2021-04-09,95.195,kotak_bluechip
2021-04-08,93.6119,kotak_bluechip
2021-04-07,92.4212,kotak_bluechip
2021-04-06,91.8145,kotak_bluechip
2021-04-05,90.8865,kotak_bluechip
2021-04-01,90.4644,kotak_bluechip
2021-03-31,89.0426,kotak_bluechip
2021-03-30,89.5502,kotak_bluechip
2021-03-26,87.4733,kotak_bluechip
2021-03-25,86.5314,kotak_bluechip
2021-03-24,88.0379,kotak_bluechip
2021-03-23,89.6235,kotak_bluechip
2021-03-22,89.3146,kotak_bluechip
2021-03-19,88.3019,kotak_bluechip
2021-03-18,85.3837,kotak_bluechip
2021-03-17,85.7745,kotak_bluechip
2021-03-16,87.8189,kotak_bluechip
2021-03-15,87.2741,kotak_bluechip
2021-03-12,87.2898,kotak_bluechip
2021-03-10,87.4713,kotak_bluechip
2021-03-09,87.5484,kotak_bluechip
2021-03-08,87.5496,kotak_bluechip
2021-03-05,86.7431,kotak_bluechip
2021-03-04,88.2736,kotak_bluechip
2021-03-03,87.3625,kotak_bluechip
2021-03-02,86.9881,kotak_bluechip
2021-03-01,85.2498,kotak_bluechip
2021-02-26,83.5002,kotak_bluechip
2021-02-25,83.7388,kotak_bluechip
2021-02-24,82.0946,kotak_bluechip
2021-02-23,81.801,kotak_bluechip
2021-02-22,81.5641,kotak_bluechip
2021-02-19,82.2455,kotak_bluechip
2021-02-18,83.0797,kotak_bluechip
2021-02-17,83.0735,kotak_bluechip
2021-02-16,83.0116,kotak_bluechip
2021-02-15,83.2045,kotak_bluechip
2021-02-12,83.2503,kotak_bluechip
2021-02-11,83.362,kotak_bluechip
2021-02-10,83.4387,kotak_bluechip
2021-02-09,83.4124,kotak_bluechip
2021-02-08,83.0765,kotak_bluechip
2021-02-05,82.0774,kotak_bluechip
2021-02-04,82.3549,kotak_bluechip
2021-02-03,82.0092,kotak_bluechip
2021-02-02,80.7035,kotak_bluechip
2021-02-01,80.247,kotak_bluechip
2021-01-29,79.1266,kotak_bluechip
2021-01-28,79.5197,kotak_bluechip
2021-01-27,79.5643,kotak_bluechip
2021-01-25,81.1978,kotak_bluechip
2021-01-22,82.2957,kotak_bluechip
2021-01-21,83.4044,kotak_bluechip
2021-01-20,84.4445,kotak_bluechip
2021-01-19,84.8174,kotak_bluechip
2021-01-18,83.4649,kotak_bluechip
2021-01-15,84.9691,kotak_bluechip
2021-01-14,85.9377,kotak_bluechip
2021-01-13,85.51,kotak_bluechip
2021-01-12,85.5099,kotak_bluechip
2021-01-11,85.8252,kotak_bluechip
2021-01-08,85.6288,kotak_bluechip
2021-01-07,83.8689,kotak_bluechip
2021-01-06,84.3043,kotak_bluechip
2021-01-05,84.2546,kotak_bluechip
2021-01-04,83.323,kotak_bluechip
2021-01-01,82.3932,kotak_bluechip
2020-12-31,81.4326,kotak_bluechip
2020-12-30,81.2929,kotak_bluechip
2020-12-29,81.4013,kotak_bluechip
2020-12-28,81.1267,kotak_bluechip
2020-12-24,80.2602,kotak_bluechip
2020-12-23,79.6855,kotak_bluechip
2020-12-22,78.4177,kotak_bluechip
2020-12-21,77.0238,kotak_bluechip
2020-12-18,80.1387,kotak_bluechip
2020-12-17,79.1871,kotak_bluechip
2020-12-16,78.6263,kotak_bluechip
2020-12-15,78.3565,kotak_bluechip
2020-12-14,78.0139,kotak_bluechip
2020-12-11,77.5891,kotak_bluechip
2020-12-10,77.427,kotak_bluechip
2020-12-09,77.5729,kotak_bluechip
2020-12-08,77.2836,kotak_bluechip
2020-12-07,77.8069,kotak_bluechip
2020-12-04,76.5668,kotak_bluechip
2020-12-03,75.7648,kotak_bluechip
2020-12-02,75.2548,kotak_bluechip
2020-12-01,74.4241,kotak_bluechip
2020-11-27,72.6231,kotak_bluechip
2020-11-26,71.7821,kotak_bluechip
2020-11-25,71.1447,kotak_bluechip
2020-11-24,71.9309,kotak_bluechip
2020-11-23,71.0088,kotak_bluechip
2020-11-20,70.1959,kotak_bluechip
2020-11-19,70.0525,kotak_bluechip
2020-11-18,70.3177,kotak_bluechip
2020-11-17,69.9825,kotak_bluechip
2020-11-13,68.9702,kotak_bluechip
2020-11-12,68.6813,kotak_bluechip
2020-11-11,68.1997,kotak_bluechip
2020-11-10,68.1961,kotak_bluechip
2020-11-09,68.7861,kotak_bluechip
2020-11-06,68.6093,kotak_bluechip
2020-11-05,68.4809,kotak_bluechip
2020-11-04,66.9865,kotak_bluechip
2020-11-03,66.3515,kotak_bluechip
2020-11-02,66.0187,kotak_bluechip
2020-10-30,65.9,kotak_bluechip
2020-10-29,65.4769,kotak_bluechip
2020-10-28,65.1878,kotak_bluechip
2020-10-27,65.2039,kotak_bluechip
2020-10-26,65.0052,kotak_bluechip
2020-10-23,65.8442,kotak_bluechip
2020-10-22,65.4607,kotak_bluechip
2020-10-21,65.1698,kotak_bluechip
2020-10-20,65.2917,kotak_bluechip
2020-10-19,65.1275,kotak_bluechip
2020-10-16,65.1479,kotak_bluechip
2020-10-15,64.5317,kotak_bluechip
2020-10-14,65.7957,kotak_bluechip
2020-10-13,65.8073,kotak_bluechip
2020-10-12,65.9921,kotak_bluechip
2020-10-09,66.21,kotak_bluechip
2020-10-08,66.806,kotak_bluechip
2020-10-07,66.6421,kotak_bluechip
2020-10-06,66.9087,kotak_bluechip
2020-10-05,66.4188,kotak_bluechip
2020-10-01,65.7441,kotak_bluechip
2020-09-30,65.6953,kotak_bluechip
2020-09-29,65.6623,kotak_bluechip
2020-09-28,65.6529,kotak_bluechip
2020-09-25,64.4883,kotak_bluechip
2020-09-24,63.2843,kotak_bluechip
2020-09-23,64.4889,kotak_bluechip
2020-09-22,63.7533,kotak_bluechip
2020-09-21,64.3706,kotak_bluechip
2020-09-18,66.3189,kotak_bluechip
2020-09-17,65.84,kotak_bluechip
2020-09-16,66.0678,kotak_bluechip
2020-09-15,65.1282,kotak_bluechip
2020-09-14,64.2841,kotak_bluechip
2020-09-11,63.7702,kotak_bluechip
2020-09-10,63.4366,kotak_bluechip
2020-09-09,62.2926,kotak_bluechip
2020-09-08,62.5035,kotak_bluechip
2020-09-07,63.1689,kotak_bluechip
2020-09-04,63.092,kotak_bluechip
2020-09-03,64.2449,kotak_bluechip
2020-09-02,64.0911,kotak_bluechip
2020-09-01,63.1221,kotak_bluechip
2020-08-31,62.4756,kotak_bluechip
2020-08-28,65.1476,kotak_bluechip
2020-08-27,65.2944,kotak_bluechip
2020-08-26,65.7181,kotak_bluechip
2020-08-25,65.5694,kotak_bluechip
2020-08-24,65.6934,kotak_bluechip
2020-08-21,65.1165,kotak_bluechip
2020-08-20,64.5637,kotak_bluechip
2020-08-19,63.9355,kotak_bluechip
2020-08-18,63.2825,kotak_bluechip
2020-08-17,62.7396,kotak_bluechip
2020-08-14,62.6453,kotak_bluechip
2020-08-13,62.7383,kotak_bluechip
2020-08-12,62.7556,kotak_bluechip
2020-08-11,62.9986,kotak_bluechip
2020-08-10,63.6204,kotak_bluechip
2020-08-07,62.6111,kotak_bluechip
2020-08-06,62.1361,kotak_bluechip
2020-08-05,61.3384,kotak_bluechip
2020-08-04,61.2955,kotak_bluechip
2020-08-03,61.0398,kotak_bluechip
2020-07-31,60.404,kotak_bluechip
2020-07-30,59.5941,kotak_bluechip
2020-07-29,60.131,kotak_bluechip
2020-07-28,59.3323,kotak_bluechip
2020-07-27,59.0559,kotak_bluechip
2020-07-24,59.3358,kotak_bluechip
2020-07-23,59.6438,kotak_bluechip
2020-07-22,58.8762,kotak_bluechip
2020-07-21,58.7706,kotak_bluechip
2020-07-20,59.059,kotak_bluechip
2020-07-17,58.54,kotak_bluechip
2020-07-16,57.9806,kotak_bluechip
2020-07-15,57.9193,kotak_bluechip
2020-07-14,57.9919,kotak_bluechip
2020-07-13,58.6437,kotak_bluechip
2020-07-10,58.2981,kotak_bluechip
2020-07-09,58.298,kotak_bluechip
2020-07-08,58.0663,kotak_bluechip
2020-07-07,57.935,kotak_bluechip
2020-07-06,58.113,kotak_bluechip
2020-07-03,57.1696,kotak_bluechip
2020-07-02,56.5285,kotak_bluechip
2020-07-01,56.3051,kotak_bluechip
2020-06-30,56.3796,kotak_bluechip
2020-06-29,56.9851,kotak_bluechip
2020-06-26,57.5425,kotak_bluechip
2020-06-25,57.854,kotak_bluechip
2020-06-24,57.1358,kotak_bluechip
2020-06-23,58.2561,kotak_bluechip
2020-06-22,57.4547,kotak_bluechip
2020-06-19,55.7688,kotak_bluechip
2020-06-18,55.5556,kotak_bluechip
2020-06-17,55.393,kotak_bluechip
2020-06-16,54.8212,kotak_bluechip
2020-06-15,54.2432,kotak_bluechip
2020-06-12,54.6559,kotak_bluechip
2020-06-11,54.4155,kotak_bluechip
2020-06-10,54.8485,kotak_bluechip
2020-06-09,54.6084,kotak_bluechip
2020-06-08,55.1066,kotak_bluechip
2020-06-05,55.0839,kotak_bluechip
2020-06-04,54.1289,kotak_bluechip
2020-06-03,54.1472,kotak_bluechip
2020-06-02,54.0996,kotak_bluechip
2020-06-01,53.8411,kotak_bluechip
2020-05-29,53.2197,kotak_bluechip
2020-05-28,52.9098,kotak_bluechip
2020-05-27,52.6368,kotak_bluechip
2020-05-26,52.2757,kotak_bluechip
2020-05-22,52.314,kotak_bluechip
2020-05-21,52.2025,kotak_bluechip
2020-05-20,51.6204,kotak_bluechip
2020-05-19,51.2438,kotak_bluechip
2020-05-18,50.8905,kotak_bluechip
2020-05-15,52.0253,kotak_bluechip
2020-05-14,51.8594,kotak_bluechip
2020-05-13,51.6134,kotak_bluechip
2020-05-12,51.5599,kotak_bluechip
2020-05-11,51.8446,kotak_bluechip
2020-05-08,51.8829,kotak_bluechip
2020-05-07,52.0884,kotak_bluechip
2020-05-06,52.105,kotak_bluechip
2020-05-05,51.7331,kotak_bluechip
2020-05-04,51.7864,kotak_bluechip
2020-04-30,51.9138,kotak_bluechip
2020-04-29,51.8212,kotak_bluechip
2020-04-28,51.7687,kotak_bluechip
2020-04-27,51.6601,kotak_bluechip
2020-04-24,50.3992,kotak_bluechip
2020-04-23,50.6232,kotak_bluechip
2020-04-22,49.9446,kotak_bluechip
2020-04-21,49.9428,kotak_bluechip
2020-04-20,50.5395,kotak_bluechip
2020-04-17,50.8369,kotak_bluechip
2020-04-16,50.6858,kotak_bluechip
2020-04-15,49.9375,kotak_bluechip
2020-04-13,49.7987,kotak_bluechip
2020-04-09,49.7311,kotak_bluechip
2020-04-08,48.5326,kotak_bluechip
2020-04-07,46.715,kotak_bluechip
2020-04-03,43.6407,kotak_bluechip
2020-04-01,43.7147,kotak_bluechip
2020-03-31,44.41,kotak_bluechip
2020-03-30,42.9923,kotak_bluechip
2020-03-27,43.3332,kotak_bluechip
2020-03-26,43.3782,kotak_bluechip
2020-03-25,41.754,kotak_bluechip
2020-03-24,40.7455,kotak_bluechip
2020-03-23,40.4996,kotak_bluechip
2020-03-20,45.0055,kotak_bluechip
2020-03-19,42.0994,kotak_bluechip
2020-03-18,43.3121,kotak_bluechip
2020-03-17,46.2054,kotak_bluechip
2020-03-16,47.316,kotak_bluechip
2020-03-13,50.2095,kotak_bluechip
2020-03-12,49.2353,kotak_bluechip
2020-03-11,53.3443,kotak_bluechip
2020-03-09,53.6295,kotak_bluechip
2020-03-06,56.1637,kotak_bluechip
2020-03-05,57.1614,kotak_bluechip
2020-03-04,56.517,kotak_bluechip
2020-03-03,57.0181,kotak_bluechip
2020-03-02,55.9281,kotak_bluechip
2020-02-28,55.8033,kotak_bluechip
2020-02-27,57.9347,kotak_bluechip
2020-02-26,58.7661,kotak_bluechip
2020-02-25,59.6428,kotak_bluechip
2020-02-24,59.7133,kotak_bluechip
2020-02-20,60.7193,kotak_bluechip
2020-02-19,60.4177,kotak_bluechip
2020-02-18,59.0137,kotak_bluechip
2020-02-17,58.4797,kotak_bluechip
2020-02-14,58.9999,kotak_bluechip
2020-02-13,59.8924,kotak_bluechip
2020-02-12,60.1219,kotak_bluechip
2020-02-11,60.0588,kotak_bluechip
2020-02-10,59.5773,kotak_bluechip
2020-02-07,59.6584,kotak_bluechip
2020-02-06,59.0951,kotak_bluechip
2020-02-05,59.1907,kotak_bluechip
2020-02-04,58.5763,kotak_bluechip
2020-02-03,58.0425,kotak_bluechip
2020-01-31,59.7157,kotak_bluechip
2020-01-30,60.105,kotak_bluechip
2020-01-29,60.8375,kotak_bluechip
2020-01-28,60.5752,kotak_bluechip
2020-01-27,60.6531,kotak_bluechip
2020-01-24,60.4024,kotak_bluechip
2020-01-23,59.7082,kotak_bluechip
2020-01-22,58.8953,kotak_bluechip
2020-01-21,58.7161,kotak_bluechip
2020-01-20,58.5722,kotak_bluechip
2020-01-17,58.7012,kotak_bluechip
2020-01-16,58.5949,kotak_bluechip
2020-01-15,58.4506,kotak_bluechip
2020-01-14,58.2117,kotak_bluechip
2020-01-13,57.4274,kotak_bluechip
2020-01-10,57.0136,kotak_bluechip
2020-01-09,57.0619,kotak_bluechip
2020-01-08,56.1255,kotak_bluechip
2020-01-07,56.2173,kotak_bluechip
2020-01-06,55.6976,kotak_bluechip
2020-01-03,56.778,kotak_bluechip
2020-01-02,56.9688,kotak_bluechip
2020-01-01,56.4189,kotak_bluechip
2019-12-31,56.428,kotak_bluechip
2019-12-30,56.5326,kotak_bluechip
2019-12-27,56.3996,kotak_bluechip
2019-12-26,55.9528,kotak_bluechip
2019-12-24,55.7772,kotak_bluechip
2019-12-23,55.9366,kotak_bluechip
2019-12-20,56.0646,kotak_bluechip
2019-12-19,56.0773,kotak_bluechip
2019-12-18,55.8029,kotak_bluechip
2019-12-17,56.0988,kotak_bluechip
2019-12-16,55.9057,kotak_bluechip
2019-12-13,56.418,kotak_bluechip
2019-12-12,56.0762,kotak_bluechip
2019-12-11,55.6148,kotak_bluechip
2019-12-10,55.3357,kotak_bluechip
2019-12-09,56.171,kotak_bluechip
2019-12-06,56.2917,kotak_bluechip
2019-12-05,56.7838,kotak_bluechip
2019-12-04,57.0755,kotak_bluechip
2019-12-03,56.965,kotak_bluechip
2019-12-02,57.3629,kotak_bluechip
2019-11-29,57.5918,kotak_bluechip
2019-11-28,57.8483,kotak_bluechip
2019-11-27,57.3408,kotak_bluechip
2019-11-26,56.7251,kotak_bluechip
2019-11-25,57.2265,kotak_bluechip
2019-11-22,56.9015,kotak_bluechip
2019-11-21,57.351,kotak_bluechip
2019-11-20,57.4379,kotak_bluechip
2019-11-19,57.3307,kotak_bluechip
2019-11-18,57.0568,kotak_bluechip
2019-11-15,56.681,kotak_bluechip
2019-11-14,56.8178,kotak_bluechip
2019-11-13,56.7102,kotak_bluechip
2019-11-11,56.1837,kotak_bluechip
2019-11-08,55.7464,kotak_bluechip
2019-11-07,56.0601,kotak_bluechip
2019-11-06,56.2854,kotak_bluechip
2019-11-05,56.2048,kotak_bluechip
2019-11-04,57.081,kotak_bluechip
2019-11-01,57.082,kotak_bluechip
2019-10-31,57.5153,kotak_bluechip
2019-10-30,57.1014,kotak_bluechip
2019-10-29,56.3999,kotak_bluechip
2019-10-25,55.3999,kotak_bluechip
2019-10-24,55.3504,kotak_bluechip
2019-10-23,55.7765,kotak_bluechip
2019-10-22,54.9854,kotak_bluechip
2019-10-18,54.3253,kotak_bluechip
2019-10-17,53.4189,kotak_bluechip
2019-10-16,52.2996,kotak_bluechip
2019-10-15,52.1496,kotak_bluechip
2019-10-14,52.0063,kotak_bluechip
2019-10-11,51.7157,kotak_bluechip
2019-10-10,51.352,kotak_bluechip
2019-10-09,52.1201,kotak_bluechip
2019-10-07,51.5874,kotak_bluechip
2019-10-04,51.5198,kotak_bluechip
2019-10-03,52.4047,kotak_bluechip
2019-10-01,52.3266,kotak_bluechip
2019-09-30,53.0118,kotak_bluechip
2019-09-27,53.9087,kotak_bluechip
2019-09-26,53.9101,kotak_bluechip
2019-09-25,53.4671,kotak_bluechip
2019-09-24,53.8059,kotak_bluechip
2019-09-23,54.1398,kotak_bluechip
2019-09-20,52.9228,kotak_bluechip
2019-09-19,49.8359,kotak_bluechip
2019-09-18,50.4635,kotak_bluechip
2019-09-17,50.1586,kotak_bluechip
2019-09-16,51.1896,kotak_bluechip
2019-09-13,51.9264,kotak_bluechip
2019-09-12,51.6176,kotak_bluechip
2019-09-11,52.1334,kotak_bluechip
2019-09-09,52.2742,kotak_bluechip
2019-09-06,51.6988,kotak_bluechip
2019-09-05,51.037,kotak_bluechip
2019-09-04,51.209,kotak_bluechip
2019-09-03,51.1942,kotak_bluechip
2019-08-30,51.4804,kotak_bluechip
2019-08-29,50.9588,kotak_bluechip
2019-08-28,51.4026,kotak_bluechip
2019-08-27,51.1777,kotak_bluechip
2019-08-26,50.2516,kotak_bluechip
2019-08-23,49.2995,kotak_bluechip
2019-08-22,48.9095,kotak_bluechip
2019-08-21,49.596,kotak_bluechip
2019-08-20,50.5713,kotak_bluechip
2019-08-19,51.0307,kotak_bluechip
2019-08-16,51.1022,kotak_bluechip
2019-08-14,50.8535,kotak_bluechip
2019-08-13,50.1615,kotak_bluechip
2019-08-09,51.3738,kotak_bluechip
2019-08-08,50.8515,kotak_bluechip
2019-08-07,50.5197,kotak_bluechip
2019-08-06,50.8886,kotak_bluechip
2019-08-05,50.1618,kotak_bluechip
2019-08-02,50.7078,kotak_bluechip
2019-08-01,50.825,kotak_bluechip
2019-07-31,51.5601,kotak_bluechip
2019-07-30,51.1131,kotak_bluechip
2019-07-29,51.739,kotak_bluechip
2019-07-26,52.2139,kotak_bluechip
2019-07-25,52.0065,kotak_bluechip
2019-07-24,51.8181,kotak_bluechip
2019-07-23,52.8834,kotak_bluechip
2019-07-22,53.1347,kotak_bluechip
2019-07-19,53.3029,kotak_bluechip
2019-07-18,53.8307,kotak_bluechip
2019-07-17,54.376,kotak_bluechip
2019-07-16,54.6143,kotak_bluechip
2019-07-15,54.2986,kotak_bluechip
2019-07-12,54.3478,kotak_bluechip
2019-07-11,53.9327,kotak_bluechip
2019-07-10,53.5934,kotak_bluechip
2019-07-09,54.1523,kotak_bluechip
2019-07-08,53.6374,kotak_bluechip
2019-07-05,54.9323,kotak_bluechip
2019-07-04,55.6638,kotak_bluechip
2019-07-03,55.5408,kotak_bluechip
2019-07-02,55.5594,kotak_bluechip
2019-07-01,55.465,kotak_bluechip
2019-06-28,55.4608,kotak_bluechip
2019-06-27,55.5133,kotak_bluechip
2019-06-26,55.505,kotak_bluechip
2019-06-25,55.1963,kotak_bluechip
2019-06-24,54.9755,kotak_bluechip
2019-06-21,55.0284,kotak_bluechip
2019-06-20,55.0608,kotak_bluechip
2019-06-19,54.2741,kotak_bluechip
2019-06-18,54.8124,kotak_bluechip
2019-06-17,54.7235,kotak_bluechip
2019-06-14,55.4199,kotak_bluechip
2019-06-13,55.8455,kotak_bluechip
2019-06-12,55.9707,kotak_bluechip
2019-06-11,56.3185,kotak_bluechip
2019-06-10,56.1314,kotak_bluechip
2019-06-07,55.7948,kotak_bluechip
2019-06-06,55.8931,kotak_bluechip
2019-06-04,56.8667,kotak_bluechip
2019-06-03,57.1227,kotak_bluechip
2019-05-31,56.6381,kotak_bluechip
2019-05-30,56.7649,kotak_bluechip
2019-05-29,56.6254,kotak_bluechip
2019-05-28,57.4263,kotak_bluechip
2019-05-27,57.5208,kotak_bluechip
2019-05-24,56.0286,kotak_bluechip
2019-05-23,54.2421,kotak_bluechip
2019-05-22,54.1346,kotak_bluechip
2019-05-21,54.0163,kotak_bluechip
2019-05-20,54.7179,kotak_bluechip
2019-05-17,52.7748,kotak_bluechip
2019-05-16,52.4859,kotak_bluechip
2019-05-15,52.2774,kotak_bluechip
2019-05-14,52.7553,kotak_bluechip
2019-05-13,52.5887,kotak_bluechip
2019-05-10,53.7771,kotak_bluechip
2019-05-09,53.7741,kotak_bluechip
2019-05-08,54.0787,kotak_bluechip
2019-05-07,54.8353,kotak_bluechip
2019-05-06,55.4316,kotak_bluechip
2019-05-03,56.0284,kotak_bluechip
2019-05-02,55.9352,kotak_bluechip
2019-04-30,56.3943,kotak_bluechip
2019-04-26,57.1259,kotak_bluechip
2019-04-25,56.7643,kotak_bluechip
2019-04-24,57.071,kotak_bluechip
2019-04-23,57.3451,kotak_bluechip
2019-04-22,57.1436,kotak_bluechip
2019-04-18,58.4115,kotak_bluechip
2019-04-16,58.8978,kotak_bluechip
2019-04-15,58.8563,kotak_bluechip
2019-04-12,58.4221,kotak_bluechip
2019-04-11,58.0274,kotak_bluechip
2019-04-10,57.9961,kotak_bluechip
2019-04-09,58.2334,kotak_bluechip
2019-04-08,58.2362,kotak_bluechip
2019-04-05,58.4231,kotak_bluechip
2019-04-04,58.1116,kotak_bluechip
2019-04-03,58.3833,kotak_bluechip
2019-04-02,58.9318,kotak_bluechip
2019-04-01,59.155,kotak_bluechip
2019-03-29,58.9169,kotak_bluechip
2019-03-28,58.3251,kotak_bluechip
2019-03-27,57.885,kotak_bluechip
2019-03-26,57.5931,kotak_bluechip
2019-03-25,56.9177,kotak_bluechip
2019-03-22,57.4623,kotak_bluechip
2019-03-20,57.5133,kotak_bluechip
2019-03-19,57.4891,kotak_bluechip
2019-03-18,56.869,kotak_bluechip
2019-03-15,56.9537,kotak_bluechip
2019-03-14,56.7669,kotak_bluechip
2019-03-13,56.7812,kotak_bluechip
2019-03-12,57.1418,kotak_bluechip
2019-03-11,56.8626,kotak_bluechip
2019-03-08,55.8381,kotak_bluechip
2019-03-07,56.2362,kotak_bluechip
2019-03-06,55.9649,kotak_bluechip
2019-03-05,55.7395,kotak_bluechip
2019-03-01,54.1544,kotak_bluechip
2019-02-28,53.7938,kotak_bluechip
2019-02-27,53.519,kotak_bluechip
2019-02-26,53.329,kotak_bluechip
2019-02-25,53.6858,kotak_bluechip
2019-02-22,53.304,kotak_bluechip
2019-02-21,53.1862,kotak_bluechip
2019-02-20,52.4495,kotak_bluechip
2019-02-19,52.1016,kotak_bluechip
2019-02-18,51.9001,kotak_bluechip
2019-02-15,52.2324,kotak_bluechip
2019-02-14,52.907,kotak_bluechip
2019-02-13,52.7316,kotak_bluechip
2019-02-12,53.0963,kotak_bluechip
2019-02-11,53.4023,kotak_bluechip
2019-02-08,54.4952,kotak_bluechip
2019-02-07,55.5605,kotak_bluechip
2019-02-06,55.0284,kotak_bluechip
2019-02-05,54.7139,kotak_bluechip
2019-02-04,54.9498,kotak_bluechip
2019-02-01,54.9992,kotak_bluechip
2019-01-31,55.4075,kotak_bluechip
2019-01-30,55.4969,kotak_bluechip
2019-01-29,54.9597,kotak_bluechip
2019-01-28,54.6951,kotak_bluechip
2019-01-25,55.5767,kotak_bluechip
2019-01-24,56.285,kotak_bluechip
2019-01-23,56.1867,kotak_bluechip
2019-01-22,56.4879,kotak_bluechip
2019-01-21,56.4626,kotak_bluechip
2019-01-18,56.9596,kotak_bluechip
2019-01-17,57.231,kotak_bluechip
2019-01-16,57.5166,kotak_bluechip
2019-01-15,57.5285,kotak_bluechip
2019-01-14,57.3814,kotak_bluechip
2019-01-11,57.5518,kotak_bluechip
2019-01-10,57.7291,kotak_bluechip
2019-01-09,57.493,kotak_bluechip
2019-01-08,57.5187,kotak_bluechip
2019-01-07,57.162,kotak_bluechip
2019-01-04,57.1773,kotak_bluechip
2019-01-03,56.4965,kotak_bluechip
2019-01-02,56.9398,kotak_bluechip
2019-01-01,57.4833,kotak_bluechip
2018-12-31,57.2691,kotak_bluechip
2018-12-28,57.186,kotak_bluechip
2018-12-27,56.7148,kotak_bluechip
2018-12-26,56.8744,kotak_bluechip
2018-12-24,56.7621,kotak_bluechip
2018-12-21,57.1987,kotak_bluechip
2018-12-20,58.0018,kotak_bluechip
2018-12-19,58.1022,kotak_bluechip
2018-12-18,57.2413,kotak_bluechip
2018-12-17,56.8786,kotak_bluechip
2018-12-14,56.7611,kotak_bluechip
2018-12-13,56.6467,kotak_bluechip
2018-12-12,56.3105,kotak_bluechip
2018-12-11,55.0014,kotak_bluechip
2018-12-10,53.9016,kotak_bluechip
2018-12-07,55.0268,kotak_bluechip
2018-12-06,54.7688,kotak_bluechip
2018-12-05,55.7834,kotak_bluechip
2018-12-04,56.6321,kotak_bluechip
2018-12-03,57.0556,kotak_bluechip
2018-11-30,57.1898,kotak_bluechip
2018-11-29,56.6811,kotak_bluechip
2018-11-28,56.3766,kotak_bluechip
2018-11-27,56.6766,kotak_bluechip
2018-11-26,56.2998,kotak_bluechip
2018-11-22,56.0409,kotak_bluechip
2018-11-21,56.5687,kotak_bluechip
2018-11-20,56.0644,kotak_bluechip
2018-11-19,56.921,kotak_bluechip
2018-11-16,56.938,kotak_bluechip
2018-11-15,56.9165,kotak_bluechip
2018-11-14,56.16,kotak_bluechip
2018-11-13,56.0628,kotak_bluechip
2018-11-12,55.9104,kotak_bluechip
2018-11-09,56.356,kotak_bluechip
2018-11-06,55.8355,kotak_bluechip
2018-11-05,55.6086,kotak_bluechip
2018-11-02,56.1832,kotak_bluechip
2018-11-01,56.2748,kotak_bluechip
2018-10-31,55.554,kotak_bluechip
2018-10-30,54.8327,kotak_bluechip
2018-10-29,54.6469,kotak_bluechip
2018-10-26,53.1644,kotak_bluechip
2018-10-25,53.3053,kotak_bluechip
2018-10-24,53.591,kotak_bluechip
2018-10-23,53.6692,kotak_bluechip
2018-10-22,53.9897,kotak_bluechip
2018-10-19,53.9527,kotak_bluechip
2018-10-17,54.4636,kotak_bluechip
2018-10-16,54.9143,kotak_bluechip
2018-10-15,54.6268,kotak_bluechip
2018-10-12,54.2766,kotak_bluechip
2018-10-11,53.6189,kotak_bluechip
2018-10-10,54.8105,kotak_bluechip
2018-10-09,53.8919,kotak_bluechip
2018-10-08,53.9097,kotak_bluechip
2018-10-05,54.5873,kotak_bluechip
2018-10-04,55.7746,kotak_bluechip
2018-10-03,56.7677,kotak_bluechip
2018-10-01,57.1071,kotak_bluechip
2018-09-28,56.7032,kotak_bluechip
2018-09-27,57.2837,kotak_bluechip
2018-09-26,57.7739,kotak_bluechip
2018-09-25,57.5402,kotak_bluechip
2018-09-24,56.9356,kotak_bluechip
2018-09-21,58.0538,kotak_bluechip
2018-09-19,58.7545,kotak_bluechip
2018-09-18,58.9816,kotak_bluechip
2018-09-17,59.5565,kotak_bluechip
2018-09-14,60.1101,kotak_bluechip
2018-09-12,59.411,kotak_bluechip
2018-09-11,58.9633,kotak_bluechip
2018-09-10,59.8002,kotak_bluechip
2018-09-07,60.6367,kotak_bluechip
2018-09-06,60.2592,kotak_bluechip
2018-09-05,59.5398,kotak_bluechip
2018-09-04,59.7035,kotak_bluechip
2018-09-03,60.3649,kotak_bluechip
2018-08-31,60.7597,kotak_bluechip
2018-08-30,60.5187,kotak_bluechip
2018-08-29,60.5234,kotak_bluechip
2018-08-28,60.6619,kotak_bluechip
2018-08-27,60.4211,kotak_bluechip
2018-08-24,60.1112,kotak_bluechip
2018-08-23,60.0756,kotak_bluechip
2018-08-21,59.8449,kotak_bluechip
2018-08-20,59.7522,kotak_bluechip
2018-08-17,59.2794,kotak_bluechip
2018-08-16,58.7001,kotak_bluechip
2018-08-14,58.948,kotak_bluechip
2018-08-13,58.6216,kotak_bluechip
2018-08-10,58.8225,kotak_bluechip
2018-08-09,58.8757,kotak_bluechip
2018-08-08,58.9247,kotak_bluechip
2018-08-07,58.7823,kotak_bluechip
2018-08-06,58.845,kotak_bluechip
2018-08-03,58.8246,kotak_bluechip
2018-08-02,58.5508,kotak_bluechip
2018-08-01,58.8678,kotak_bluechip
2018-07-31,58.7278,kotak_bluechip
2018-07-30,58.5654,kotak_bluechip
2018-07-27,58.5139,kotak_bluechip
2018-07-26,58.1463,kotak_bluechip
2018-07-25,58.0588,kotak_bluechip
2018-07-24,58.0602,kotak_bluechip
2018-07-23,57.6433,kotak_bluechip
2018-07-20,57.2905,kotak_bluechip
2018-07-19,57.0174,kotak_bluechip
2018-07-18,57.1759,kotak_bluechip
2018-07-17,57.3717,kotak_bluechip
2018-07-16,56.9923,kotak_bluechip
2018-07-13,57.4531,kotak_bluechip
2018-07-12,57.5862,kotak_bluechip
2018-07-11,57.3163,kotak_bluechip
2018-07-10,57.6491,kotak_bluechip
2018-07-09,57.3334,kotak_bluechip
2018-07-06,56.9648,kotak_bluechip
2018-07-05,56.8631,kotak_bluechip
2018-07-04,56.8242,kotak_bluechip
2018-07-03,56.6131,kotak_bluechip
2018-07-02,56.3285,kotak_bluechip
2018-06-29,56.4848,kotak_bluechip
2018-06-28,56.1223,kotak_bluechip
2018-06-27,56.499,kotak_bluechip
2018-06-26,56.8186,kotak_bluechip
2018-06-25,56.802,kotak_bluechip
2018-06-22,57.1608,kotak_bluechip
2018-06-21,57.0101,kotak_bluechip
2018-06-20,57.1397,kotak_bluechip
2018-06-19,57.0015,kotak_bluechip
2018-06-18,57.2522,kotak_bluechip
2018-06-15,57.1758,kotak_bluechip
2018-06-14,57.3212,kotak_bluechip
2018-06-13,57.3488,kotak_bluechip
2018-06-12,57.4956,kotak_bluechip
2018-06-11,57.1646,kotak_bluechip
2018-06-08,56.9829,kotak_bluechip
2018-06-07,56.9192,kotak_bluechip
2018-06-06,56.5379,kotak_bluechip
2018-06-05,56.0484,kotak_bluechip
2018-06-04,56.2903,kotak_bluechip
2018-06-01,56.7463,kotak_bluechip
2018-05-31,57.1883,kotak_bluechip
2018-05-30,56.9974,kotak_bluechip
2018-05-29,57.0888,kotak_bluechip
2018-05-28,57.3406,kotak_bluechip
2018-05-25,56.9477,kotak_bluechip
2018-05-24,56.3652,kotak_bluechip
2018-05-23,56.4104,kotak_bluechip
2018-05-22,56.8882,kotak_bluechip
2018-05-21,56.7051,kotak_bluechip
2018-05-18,57.0479,kotak_bluechip
2018-05-17,57.4675,kotak_bluechip
2018-05-16,57.4798,kotak_bluechip
2018-05-15,57.6349,kotak_bluechip
2018-05-14,57.9716,kotak_bluechip
2018-05-11,58.1485,kotak_bluechip
2018-05-10,57.7764,kotak_bluechip
2018-05-09,57.9979,kotak_bluechip
2018-05-08,58.0189,kotak_bluechip
2018-05-07,58.0671,kotak_bluechip
2018-05-04,57.8227,kotak_bluechip
2018-05-03,58.0048,kotak_bluechip
2018-05-02,58.4171,kotak_bluechip
2018-04-30,58.8362,kotak_bluechip
2018-04-27,58.5214,kotak_bluechip
2018-04-26,58.2236,kotak_bluechip
2018-04-25,58.0015,kotak_bluechip
2018-04-24,57.9774,kotak_bluechip
2018-04-23,57.8767,kotak_bluechip
2018-04-20,57.7797,kotak_bluechip
2018-04-19,58.0117,kotak_bluechip
2018-04-18,57.8333,kotak_bluechip
2018-04-17,57.8781,kotak_bluechip
2018-04-16,57.7751,kotak_bluechip
2018-04-13,57.5374,kotak_bluechip
2018-04-12,57.4137,kotak_bluechip
2018-04-11,57.5632,kotak_bluechip
2018-04-10,57.5743,kotak_bluechip
2018-04-09,57.5301,kotak_bluechip
2018-04-06,57.4263,kotak_bluechip
2018-04-05,57.1057,kotak_bluechip
2018-04-04,56.5592,kotak_bluechip
2018-04-03,57.0141,kotak_bluechip
2018-04-02,56.8195,kotak_bluechip
2018-03-31,55.9928,kotak_bluechip
2018-03-28,55.9924,kotak_bluechip
2018-03-27,56.1437,kotak_bluechip
2018-03-26,55.7966,kotak_bluechip
2018-03-23,55.1785,kotak_bluechip
2018-03-22,55.4818,kotak_bluechip
2018-03-21,55.5757,kotak_bluechip
2018-03-20,55.4601,kotak_bluechip
2018-03-19,55.234,kotak_bluechip
2018-03-16,55.6619,kotak_bluechip
2018-03-15,56.1515,kotak_bluechip
2018-03-14,56.1494,kotak_bluechip
2018-03-13,56.1963,kotak_bluechip
2018-03-12,56.0497,kotak_bluechip
2018-03-09,55.4893,kotak_bluechip
2018-03-08,55.5861,kotak_bluechip
2018-03-07,55.3347,kotak_bluechip
2018-03-06,55.8812,kotak_bluechip
2018-03-05,56.273,kotak_bluechip
2018-03-01,56.7842,kotak_bluechip
2018-02-28,56.9969,kotak_bluechip
2018-02-27,57.0693,kotak_bluechip
2018-02-26,57.1568,kotak_bluechip
2018-02-23,56.6859,kotak_bluechip
2018-02-22,56.0697,kotak_bluechip
2018-02-21,56.1844,kotak_bluechip
2018-02-20,56.1813,kotak_bluechip
2018-02-19,56.2988,kotak_bluechip
2018-02-16,56.5924,kotak_bluechip
2018-02-15,56.9874,kotak_bluechip
2018-02-14,57.1892,kotak_bluechip
2018-02-12,57.0739,kotak_bluechip
2018-02-09,56.448,kotak_bluechip
2018-02-08,56.7201,kotak_bluechip
2018-02-07,56.2631,kotak_bluechip
2018-02-06,55.8448,kotak_bluechip
2018-02-05,56.3622,kotak_bluechip
2018-02-02,56.6489,kotak_bluechip
2018-02-01,57.9965,kotak_bluechip
2018-01-31,57.8254,kotak_bluechip
2018-01-30,57.8925,kotak_bluechip
2018-01-29,58.2284,kotak_bluechip
2018-01-25,58.0873,kotak_bluechip
2018-01-24,58.4006,kotak_bluechip
2018-01-23,58.6221,kotak_bluechip
2018-01-22,58.5472,kotak_bluechip
2018-01-19,58.3372,kotak_bluechip
2018-01-18,58.05,kotak_bluechip
2018-01-17,58.5782,kotak_bluechip
2018-01-16,58.2543,kotak_bluechip
2018-01-15,58.8635,kotak_bluechip
2018-01-12,58.7709,kotak_bluechip
2018-01-11,58.7766,kotak_bluechip
2018-01-10,58.5513,kotak_bluechip
2018-01-09,58.7338,kotak_bluechip
2018-01-08,58.681,kotak_bluechip
2018-01-05,58.2755,kotak_bluechip
2018-01-04,57.94,kotak_bluechip
2018-01-03,57.6914,kotak_bluechip
2018-01-02,57.4445,kotak_bluechip
2018-01-01,57.7566,kotak_bluechip
2017-12-29,57.9319,kotak_bluechip
2017-12-28,57.6014,kotak_bluechip
2017-12-27,57.7682,kotak_bluechip
2017-12-26,57.8488,kotak_bluechip
2017-12-22,57.0013,kotak_bluechip
2017-12-21,56.8026,kotak_bluechip
2017-12-20,56.7039,kotak_bluechip
2017-12-19,56.7498,kotak_bluechip
2017-12-18,56.1235,kotak_bluechip
2017-12-15,55.9759,kotak_bluechip
2017-12-14,55.5811,kotak_bluechip
2017-12-13,55.5746,kotak_bluechip
2017-12-12,55.9491,kotak_bluechip
2017-12-11,56.4358,kotak_bluechip
2017-12-08,56.3363,kotak_bluechip
2017-12-07,55.7391,kotak_bluechip
2017-12-06,55.3205,kotak_bluechip
2017-12-05,55.7219,kotak_bluechip
2017-12-04,55.7399,kotak_bluechip
2017-12-01,55.5939,kotak_bluechip
2017-11-30,55.8123,kotak_bluechip
2017-11-29,56.0999,kotak_bluechip
2017-11-28,56.2772,kotak_bluechip
2017-11-27,56.3592,kotak_bluechip
2017-11-24,56.331,kotak_bluechip
2017-11-23,56.0366,kotak_bluechip
2017-11-22,55.7742,kotak_bluechip
2017-11-21,55.3008,kotak_bluechip
2017-11-20,55.0608,kotak_bluechip
2017-11-17,54.8416,kotak_bluechip
2017-11-16,54.5761,kotak_bluechip
2017-11-15,54.4504,kotak_bluechip
2017-11-14,54.98,kotak_bluechip
2017-11-13,54.9131,kotak_bluechip
2017-11-10,55.296,kotak_bluechip
2017-11-09,55.5355,kotak_bluechip
2017-11-08,55.3957,kotak_bluechip
2017-11-07,55.8834,kotak_bluechip
2017-11-06,56.4759,kotak_bluechip
2017-11-03,56.0156,kotak_bluechip
2017-11-02,55.6619,kotak_bluechip
2017-11-01,55.5844,kotak_bluechip
2017-10-31,55.1752,kotak_bluechip
2017-10-30,54.8878,kotak_bluechip
2017-10-27,54.5508,kotak_bluechip
2017-10-26,54.3216,kotak_bluechip
2017-10-25,54.1578,kotak_bluechip
2017-10-24,54.1148,kotak_bluechip
2017-10-23,53.8459,kotak_bluechip
2017-10-18,53.9667,kotak_bluechip
2017-10-17,54.074,kotak_bluechip
2017-10-16,53.8567,kotak_bluechip
2017-10-13,53.7015,kotak_bluechip
2017-10-12,53.6773,kotak_bluechip
2017-10-11,53.4235,kotak_bluechip
2017-10-10,53.808,kotak_bluechip
2017-10-09,53.7749,kotak_bluechip
2017-10-06,53.6176,kotak_bluechip
2017-10-05,53.1179,kotak_bluechip
2017-10-04,52.9694,kotak_bluechip
2017-10-03,52.7802,kotak_bluechip
2017-09-29,52.3224,kotak_bluechip
2017-09-28,52.1137,kotak_bluechip
2017-09-27,51.8133,kotak_bluechip
2017-09-26,52.2702,kotak_bluechip
2017-09-25,52.0166,kotak_bluechip
2017-09-22,52.3697,kotak_bluechip
2017-09-21,53.5512,kotak_bluechip
2017-09-20,53.7644,kotak_bluechip
2017-09-19,53.9021,kotak_bluechip
2017-09-18,53.6369,kotak_bluechip
2017-09-15,53.4129,kotak_bluechip
2017-09-14,53.3451,kotak_bluechip
2017-09-13,53.2516,kotak_bluechip
2017-09-12,53.64,kotak_bluechip
2017-09-11,53.2675,kotak_bluechip
2017-09-08,53.1353,kotak_bluechip
2017-09-07,52.8514,kotak_bluechip
2017-09-06,52.6738,kotak_bluechip
2017-09-05,52.7452,kotak_bluechip
2017-09-04,52.3124,kotak_bluechip
2017-09-01,52.3986,kotak_bluechip
2017-08-31,52.0016,kotak_bluechip
2017-08-30,51.4854,kotak_bluechip
2017-08-29,51.0848,kotak_bluechip
2017-08-28,51.4359,kotak_bluechip
2017-08-24,51.1357,kotak_bluechip
2017-08-23,51.3041,kotak_bluechip
2017-08-22,51.0667,kotak_bluechip
2017-08-21,51.1516,kotak_bluechip
2017-08-18,51.3925,kotak_bluechip
2017-08-17,51.4468,kotak_bluechip
2017-08-16,51.4469,kotak_bluechip
2017-08-14,51.0124,kotak_bluechip
2017-08-11,50.7161,kotak_bluechip
2017-08-10,50.8384,kotak_bluechip
2017-08-09,51.5566,kotak_bluechip
2017-08-08,51.8675,kotak_bluechip
2017-08-07,51.999,kotak_bluechip
2017-08-04,51.8016,kotak_bluechip
2017-08-03,51.5464,kotak_bluechip
2017-08-02,51.6228,kotak_bluechip
2017-08-01,51.5924,kotak_bluechip
2017-07-31,51.594,kotak_bluechip
2017-07-28,51.6688,kotak_bluechip
2017-07-27,51.6326,kotak_bluechip
2017-07-26,51.7039,kotak_bluechip
2017-07-25,51.6699,kotak_bluechip
2017-07-24,51.5258,kotak_bluechip
2017-07-21,51.6779,kotak_bluechip
2017-07-20,51.6241,kotak_bluechip
2017-07-19,51.7677,kotak_bluechip
2017-07-18,51.5988,kotak_bluechip
2017-07-17,52.1358,kotak_bluechip
2017-07-14,51.9899,kotak_bluechip
2017-07-13,52.1989,kotak_bluechip
2017-07-12,51.7894,kotak_bluechip
2017-07-11,51.6444,kotak_bluechip
2017-07-10,51.7595,kotak_bluechip
2017-07-07,51.6244,kotak_bluechip
2017-07-06,51.78,kotak_bluechip
2017-07-05,51.6977,kotak_bluechip
2017-07-04,51.4155,kotak_bluechip
2017-07-03,51.4957,kotak_bluechip
2017-06-30,51.0428,kotak_bluechip
2017-06-29,50.6024,kotak_bluechip
2017-06-28,50.2621,kotak_bluechip
2017-06-27,50.1662,kotak_bluechip
2017-06-23,50.634,kotak_bluechip
2017-06-22,51.0105,kotak_bluechip
2017-06-21,51.1627,kotak_bluechip
2017-06-20,51.3325,kotak_bluechip
2017-06-19,51.0377,kotak_bluechip
2017-06-16,50.8527,kotak_bluechip
2017-06-15,50.7915,kotak_bluechip
2017-06-14,50.6685,kotak_bluechip
2017-06-13,50.7351,kotak_bluechip
2017-06-12,50.8526,kotak_bluechip
2017-06-09,50.9633,kotak_bluechip
2017-06-08,50.9098,kotak_bluechip
2017-06-07,50.9278,kotak_bluechip
2017-06-06,50.9186,kotak_bluechip
2017-06-05,51.1389,kotak_bluechip
2017-06-02,50.8137,kotak_bluechip
2017-06-01,50.5691,kotak_bluechip
2017-05-31,50.086,kotak_bluechip
2017-05-30,49.9086,kotak_bluechip
2017-05-29,49.9694,kotak_bluechip
2017-05-26,50.1525,kotak_bluechip
2017-05-25,49.8005,kotak_bluechip
2017-05-24,49.1609,kotak_bluechip
2017-05-23,49.3919,kotak_bluechip
2017-05-22,49.9904,kotak_bluechip
2017-05-19,50.0984,kotak_bluechip
2017-05-18,50.2709,kotak_bluechip
2017-05-17,50.7513,kotak_bluechip
2017-05-16,50.8546,kotak_bluechip
2017-05-15,50.6543,kotak_bluechip
2017-05-12,50.2195,kotak_bluechip
2017-05-11,50.3709,kotak_bluechip
2017-05-10,50.3488,kotak_bluechip
2017-05-09,50.185,kotak_bluechip
2017-05-08,49.9032,kotak_bluechip
2017-05-05,49.5022,kotak_bluechip
2017-05-04,49.5693,kotak_bluechip
2017-05-03,49.208,kotak_bluechip
2017-05-02,49.2748,kotak_bluechip
2017-04-28,49.2122,kotak_bluechip
2017-04-27,49.3447,kotak_bluechip
2017-04-26,49.3174,kotak_bluechip
2017-04-25,49.4499,kotak_bluechip
2017-04-24,49.0819,kotak_bluechip
2017-04-21,48.7205,kotak_bluechip
2017-04-20,48.8744,kotak_bluechip
2017-04-19,48.7705,kotak_bluechip
2017-04-18,48.5394,kotak_bluechip
2017-04-17,48.8076,kotak_bluechip
2017-04-13,48.7427,kotak_bluechip
2017-04-12,48.8076,kotak_bluechip
2017-04-11,48.9793,kotak_bluechip
2017-04-10,48.7858,kotak_bluechip
2017-04-07,48.6746,kotak_bluechip
2017-04-06,48.8463,kotak_bluechip
2017-04-05,48.8466,kotak_bluechip
2017-04-03,48.6439,kotak_bluechip
2017-03-31,48.4738,kotak_bluechip
2017-03-30,48.4946,kotak_bluechip
2017-03-29,48.1492,kotak_bluechip
2017-03-28,48.2353,kotak_bluechip
2017-03-27,48.0176,kotak_bluechip
2017-03-24,47.974,kotak_bluechip
2017-03-23,47.9662,kotak_bluechip
2017-03-22,47.7387,kotak_bluechip
2017-03-21,48.0443,kotak_bluechip
2017-03-20,48.1478,kotak_bluechip
2017-03-17,47.9569,kotak_bluechip
2017-03-16,47.8785,kotak_bluechip
2017-03-15,47.6148,kotak_bluechip
2017-03-14,47.5888,kotak_bluechip
2017-03-10,47.2595,kotak_bluechip
2017-03-09,47.3759,kotak_bluechip
2017-03-08,47.4553,kotak_bluechip
2017-03-07,47.5058,kotak_bluechip
2017-03-06,47.3499,kotak_bluechip
2017-03-03,47.2031,kotak_bluechip
2017-03-02,46.725,kotak_bluechip
2017-03-01,47.0151,kotak_bluechip
2017-02-28,46.6798,kotak_bluechip
2017-02-27,46.8116,kotak_bluechip
2017-02-23,46.8451,kotak_bluechip
2017-02-22,46.7794,kotak_bluechip
2017-02-21,46.8724,kotak_bluechip
2017-02-20,46.7,kotak_bluechip
2017-02-17,46.5361,kotak_bluechip
2017-02-16,46.3536,kotak_bluechip
2017-02-15,45.9069,kotak_bluechip
2017-02-14,46.1923,kotak_bluechip
2017-02-13,46.2084,kotak_bluechip
2017-02-10,46.1021,kotak_bluechip
2017-02-09,46.1113,kotak_bluechip
2017-02-08,46.1045,kotak_bluechip
2017-02-07,46.1615,kotak_bluechip
2017-02-06,46.4307,kotak_bluechip
2017-02-03,46.0294,kotak_bluechip
2017-02-02,46.135,kotak_bluechip
2017-02-01,45.6344,kotak_bluechip
2017-01-31,45.3401,kotak_bluechip
2017-01-30,45.6634,kotak_bluechip
2017-01-27,45.3839,kotak_bluechip
2017-01-25,44.9529,kotak_bluechip
2017-01-24,44.7528,kotak_bluechip
2017-01-23,44.5136,kotak_bluechip
2017-01-20,44.4805,kotak_bluechip
2017-01-19,44.8812,kotak_bluechip
2017-01-18,44.8719,kotak_bluechip
2017-01-17,44.8612,kotak_bluechip
2017-01-16,44.8403,kotak_bluechip
2017-01-13,44.9041,kotak_bluechip
2017-01-12,44.7539,kotak_bluechip
2017-01-11,44.7656,kotak_bluechip
2017-01-10,44.604,kotak_bluechip
2017-01-09,44.6436,kotak_bluechip
2017-01-06,44.6518,kotak_bluechip
2017-01-05,44.893,kotak_bluechip
2017-01-04,44.5042,kotak_bluechip
2017-01-03,44.4973,kotak_bluechip
2017-01-02,44.2947,kotak_bluechip
2016-12-30,44.2716,kotak_bluechip
2016-12-29,43.8966,kotak_bluechip
2016-12-28,43.6725,kotak_bluechip
2016-12-27,43.5595,kotak_bluechip
2016-12-26,43.3163,kotak_bluechip
2016-12-23,43.6648,kotak_bluechip
2016-12-22,43.7165,kotak_bluechip
2016-12-21,44.0413,kotak_bluechip
2016-12-20,44.2162,kotak_bluechip
2016-12-19,44.5271,kotak_bluechip
2016-12-16,44.7426,kotak_bluechip
2016-12-15,44.6701,kotak_bluechip
2016-12-14,44.7197,kotak_bluechip
2016-12-13,44.9278,kotak_bluechip
2016-12-12,44.7589,kotak_bluechip
2016-12-09,44.9309,kotak_bluechip
2016-12-08,44.7777,kotak_bluechip
2016-12-07,44.2018,kotak_bluechip
2016-12-06,44.4492,kotak_bluechip
2016-12-05,44.4293,kotak_bluechip
2016-12-02,44.3674,kotak_bluechip
2016-12-01,44.6774,kotak_bluechip
2016-11-30,44.7168,kotak_bluechip
2016-11-29,44.6202,kotak_bluechip
2016-11-28,44.7225,kotak_bluechip
2016-11-25,44.774,kotak_bluechip
2016-11-24,44.3228,kotak_bluechip
2016-11-23,44.318,kotak_bluechip
2016-11-22,44.0172,kotak_bluechip
2016-11-21,43.8571,kotak_bluechip
2016-11-18,44.4224,kotak_bluechip
2016-11-17,44.2919,kotak_bluechip
2016-11-16,44.2087,kotak_bluechip
2016-11-15,44.2038,kotak_bluechip
2016-11-11,45.2801,kotak_bluechip
2016-11-10,45.8432,kotak_bluechip
2016-11-09,45.4669,kotak_bluechip
2016-11-08,45.8786,kotak_bluechip
2016-11-07,45.9982,kotak_bluechip
2016-11-04,45.583,kotak_bluechip
2016-11-03,46.1553,kotak_bluechip
2016-11-02,46.4307,kotak_bluechip
2016-11-01,46.714,kotak_bluechip
2016-10-28,46.6386,kotak_bluechip
2016-10-27,46.581,kotak_bluechip
2016-10-26,46.6357,kotak_bluechip
2016-10-25,47.111,kotak_bluechip
2016-10-24,46.9967,kotak_bluechip
2016-10-21,46.8826,kotak_bluechip
2016-10-20,47.1875,kotak_bluechip
2016-10-19,47.0649,kotak_bluechip
2016-10-18,46.9436,kotak_bluechip
2016-10-17,46.4484,kotak_bluechip
2016-10-14,46.1983,kotak_bluechip
2016-10-13,45.9896,kotak_bluechip
2016-10-10,46.6929,kotak_bluechip
2016-10-07,46.4383,kotak_bluechip
2016-10-06,46.4291,kotak_bluechip
2016-10-05,46.5896,kotak_bluechip
2016-10-04,46.5193,kotak_bluechip
2016-10-03,46.5561,kotak_bluechip
2016-09-30,46.0515,kotak_bluechip
2016-09-29,45.7798,kotak_bluechip
2016-09-28,46.4962,kotak_bluechip
2016-09-27,46.306,kotak_bluechip
2016-09-26,46.3804,kotak_bluechip
2016-09-23,46.6784,kotak_bluechip
2016-09-22,46.727,kotak_bluechip
2016-09-21,46.4944,kotak_bluechip
2016-09-20,46.4957,kotak_bluechip
2016-09-19,46.5887,kotak_bluechip
2016-09-16,46.4991,kotak_bluechip
2016-09-15,46.3212,kotak_bluechip
2016-09-14,46.3593,kotak_bluechip
2016-09-12,46.183,kotak_bluechip
2016-09-09,46.7809,kotak_bluechip
2016-09-08,46.9793,kotak_bluechip
2016-09-07,46.8986,kotak_bluechip
2016-09-06,46.8287,kotak_bluechip
2016-09-02,46.6252,kotak_bluechip
2016-09-01,46.4749,kotak_bluechip
2016-08-31,46.7573,kotak_bluechip
2016-08-30,46.8265,kotak_bluechip
2016-08-29,46.5897,kotak_bluechip
2016-08-26,46.5909,kotak_bluechip
2016-08-25,46.7728,kotak_bluechip
2016-08-24,46.9027,kotak_bluechip
2016-08-23,46.5501,kotak_bluechip
2016-08-22,46.6548,kotak_bluechip
2016-08-19,46.8997,kotak_bluechip
2016-08-18,46.7615,kotak_bluechip
2016-08-17,46.7313,kotak_bluechip
2016-08-16,46.1133,kotak_bluechip
2016-08-12,46.2355,kotak_bluechip
2016-08-11,46.2581,kotak_bluechip
2016-08-10,46.2506,kotak_bluechip
2016-08-09,46.7295,kotak_bluechip
2016-08-08,47.0299,kotak_bluechip
2016-08-05,46.6448,kotak_bluechip
2016-08-04,45.6577,kotak_bluechip
2016-08-03,45.6467,kotak_bluechip
2016-08-02,45.8112,kotak_bluechip
2016-08-01,46.1563,kotak_bluechip
2016-07-29,46.0838,kotak_bluechip
2016-07-28,46.2087,kotak_bluechip
2016-07-27,46.2059,kotak_bluechip
2016-07-26,46.1495,kotak_bluechip
2016-07-25,46.28,kotak_bluechip
2016-07-22,46.0221,kotak_bluechip
2016-07-21,45.9055,kotak_bluechip
2016-07-20,46.0671,kotak_bluechip
2016-07-19,46.0677,kotak_bluechip
2016-07-18,46.0924,kotak_bluechip
2016-07-15,46.2723,kotak_bluechip
2016-07-14,46.5461,kotak_bluechip
2016-07-13,46.4546,kotak_bluechip
2016-07-12,46.7207,kotak_bluechip
2016-07-11,47.0822,kotak_bluechip
2016-07-08,46.8158,kotak_bluechip
2016-07-07,46.8895,kotak_bluechip
2016-07-05,46.8559,kotak_bluechip
2016-07-04,46.68,kotak_bluechip
2016-07-01,46.6441,kotak_bluechip
2016-06-30,46.6178,kotak_bluechip
2016-06-29,46.3677,kotak_bluechip
2016-06-28,46.274,kotak_bluechip
2016-06-27,46.6667,kotak_bluechip
2016-06-24,46.3518,kotak_bluechip
2016-06-23,46.7506,kotak_bluechip
2016-06-22,46.3291,kotak_bluechip
2016-06-21,46.0443,kotak_bluechip
2016-06-20,45.9361,kotak_bluechip
2016-06-17,46.0859,kotak_bluechip
2016-06-16,46.076,kotak_bluechip
2016-06-15,46.2784,kotak_bluechip
2016-06-14,46.0534,kotak_bluechip
2016-06-13,45.9779,kotak_bluechip
2016-06-10,46.0846,kotak_bluechip
2016-06-09,46.1665,kotak_bluechip
2016-06-08,46.1363,kotak_bluechip
2016-06-07,45.9444,kotak_bluechip
2016-06-06,45.9507,kotak_bluechip
2016-06-03,46.0204,kotak_bluechip
2016-06-02,45.8856,kotak_bluechip
2016-06-01,45.9132,kotak_bluechip
2016-05-31,45.7905,kotak_bluechip
2016-05-30,45.9932,kotak_bluechip
2016-05-27,46.1269,kotak_bluechip
2016-05-26,45.7658,kotak_bluechip
2016-05-25,45.6852,kotak_bluechip
2016-05-24,45.2422,kotak_bluechip
2016-05-23,45.2863,kotak_bluechip
2016-05-20,45.456,kotak_bluechip
2016-05-19,45.9576,kotak_bluechip
2016-05-18,46.2503,kotak_bluechip
2016-05-17,45.991,kotak_bluechip
2016-05-16,45.9558,kotak_bluechip
2016-05-13,46.1965,kotak_bluechip
2016-05-12,46.361,kotak_bluechip
2016-05-11,46.103,kotak_bluechip
2016-05-10,45.8958,kotak_bluechip
2016-05-09,45.8245,kotak_bluechip
2016-05-06,45.2183,kotak_bluechip
2016-05-05,44.7328,kotak_bluechip
2016-05-04,45.0089,kotak_bluechip
2016-05-03,45.2541,kotak_bluechip
2016-05-02,45.4856,kotak_bluechip
2016-04-29,45.2944,kotak_bluechip
2016-04-28,45.131,kotak_bluechip
2016-04-27,45.4187,kotak_bluechip
2016-04-26,45.493,kotak_bluechip
2016-04-25,45.3364,kotak_bluechip
2016-04-22,45.4468,kotak_bluechip
2016-04-21,45.4675,kotak_bluechip
2016-04-20,45.5324,kotak_bluechip
2016-04-18,45.5604,kotak_bluechip
2016-04-13,45.259,kotak_bluechip
2016-04-12,44.8656,kotak_bluechip
2016-04-11,44.7769,kotak_bluechip
2016-04-08,44.622,kotak_bluechip
2016-04-07,44.5633,kotak_bluechip
2016-04-06,44.7046,kotak_bluechip
2016-04-05,44.5675,kotak_bluechip
2016-04-04,44.8367,kotak_bluechip
2016-04-01,44.909,kotak_bluechip
2016-03-31,44.9562,kotak_bluechip
2016-03-30,44.7303,kotak_bluechip
2016-03-29,44.3582,kotak_bluechip
2016-03-28,44.4202,kotak_bluechip
2016-03-23,45.1516,kotak_bluechip
2016-03-22,45.0016,kotak_bluechip
2016-03-21,44.731,kotak_bluechip
2016-03-18,44.4373,kotak_bluechip
2016-03-17,44.37,kotak_bluechip
2016-03-16,44.2036,kotak_bluechip
2016-03-15,43.8922,kotak_bluechip
2016-03-14,44.2556,kotak_bluechip
2016-03-11,44.2162,kotak_bluechip
2016-03-10,44.3317,kotak_bluechip
2016-03-09,44.4453,kotak_bluechip
2016-03-08,44.3815,kotak_bluechip
2016-03-04,44.3695,kotak_bluechip
2016-03-03,44.222,kotak_bluechip
2016-03-02,43.6878,kotak_bluechip
2016-03-01,43.3789,kotak_bluechip
2016-02-29,42.6259,kotak_bluechip
2016-02-26,42.7921,kotak_bluechip
2016-02-25,42.7945,kotak_bluechip
2016-02-24,42.8792,kotak_bluechip
2016-02-23,43.25,kotak_bluechip
2016-02-22,43.5553,kotak_bluechip
2016-02-19,43.2208,kotak_bluechip
2016-02-18,43.3155,kotak_bluechip
2016-02-17,43.2199,kotak_bluechip
2016-02-16,43.0777,kotak_bluechip
2016-02-15,43.5587,kotak_bluechip
2016-02-12,42.8915,kotak_bluechip
2016-02-11,42.9294,kotak_bluechip
2016-02-10,43.773,kotak_bluechip
2016-02-09,43.8215,kotak_bluechip
2016-02-08,44.0482,kotak_bluechip
2016-02-05,44.0239,kotak_bluechip
2016-02-04,43.5567,kotak_bluechip
2016-02-03,43.6238,kotak_bluechip
2016-02-02,44.0882,kotak_bluechip
2016-02-01,44.4463,kotak_bluechip
2016-01-29,44.524,kotak_bluechip
2016-01-28,44.0616,kotak_bluechip
2016-01-27,44.2096,kotak_bluechip
2016-01-25,44.1217,kotak_bluechip
2016-01-22,43.7916,kotak_bluechip
2016-01-21,43.3958,kotak_bluechip
2016-01-20,43.3523,kotak_bluechip
2016-01-19,43.9695,kotak_bluechip
2016-01-18,43.4943,kotak_bluechip
2016-01-15,43.8217,kotak_bluechip
2016-01-14,44.4203,kotak_bluechip
2016-01-13,44.6923,kotak_bluechip
2016-01-12,45.0379,kotak_bluechip
2016-01-11,45.4949,kotak_bluechip
2016-01-08,45.9423,kotak_bluechip
2016-01-07,45.6282,kotak_bluechip
2016-01-06,45.5699,kotak_bluechip
2016-01-05,45.5268,kotak_bluechip
2016-01-04,45.2516,kotak_bluechip
2016-01-01,45.5737,kotak_bluechip
2015-12-31,45.4427,kotak_bluechip
2015-12-30,45.1147,kotak_bluechip
2015-12-29,45.1986,kotak_bluechip
2015-12-28,45.1978,kotak_bluechip
2015-12-24,45.0668,kotak_bluechip
2015-12-23,45.0817,kotak_bluechip
2015-12-22,44.9345,kotak_bluechip
2015-12-21,44.8511,kotak_bluechip
2015-12-18,44.7304,kotak_bluechip
2015-12-17,44.9241,kotak_bluechip
2015-12-16,44.7086,kotak_bluechip
2015-12-15,44.1356,kotak_bluechip
2015-12-14,44.0177,kotak_bluechip
2015-12-11,44.0887,kotak_bluechip
2015-12-10,44.3488,kotak_bluechip
2015-12-09,43.9016,kotak_bluechip
2015-12-08,44.6029,kotak_bluechip
2015-12-07,44.875,kotak_bluechip
2015-12-04,44.8993,kotak_bluechip
2015-12-03,44.8663,kotak_bluechip
2015-12-02,44.8814,kotak_bluechip
2015-12-01,44.8963,kotak_bluechip
2015-11-30,44.8851,kotak_bluechip
2015-11-27,44.7518,kotak_bluechip
2015-11-26,44.7056,kotak_bluechip
2015-11-24,44.6079,kotak_bluechip
2015-11-23,44.5719,kotak_bluechip
2015-11-20,44.6006,kotak_bluechip
2015-11-19,44.5686,kotak_bluechip
2015-11-18,44.3369,kotak_bluechip
2015-11-17,44.3976,kotak_bluechip
2015-11-16,44.3086,kotak_bluechip
2015-11-13,44.4947,kotak_bluechip
2015-11-10,44.2844,kotak_bluechip
2015-11-09,44.5404,kotak_bluechip
2015-11-06,44.5155,kotak_bluechip
2015-11-05,44.4522,kotak_bluechip
2015-11-04,44.4368,kotak_bluechip
2015-11-03,44.4502,kotak_bluechip
2015-11-02,44.3965,kotak_bluechip
2015-10-30,44.5302,kotak_bluechip
2015-10-28,44.8136,kotak_bluechip
2015-10-27,45.0271,kotak_bluechip
2015-10-26,44.9807,kotak_bluechip
2015-10-23,45.0661,kotak_bluechip
2015-10-21,45.0324,kotak_bluechip
2015-10-20,45.1077,kotak_bluechip
2015-10-19,44.922,kotak_bluechip
2015-10-16,44.838,kotak_bluechip
2015-10-15,44.667,kotak_bluechip
2015-10-14,44.5964,kotak_bluechip
2015-10-13,44.8045,kotak_bluechip
2015-10-12,44.825,kotak_bluechip
2015-10-09,44.9104,kotak_bluechip
2015-10-08,44.8145,kotak_bluechip
2015-10-07,44.9819,kotak_bluechip
2015-10-06,45.1132,kotak_bluechip
2015-10-05,45.0293,kotak_bluechip
2015-10-01,44.6241,kotak_bluechip
2015-09-30,44.3665,kotak_bluechip
2015-09-29,44.1961,kotak_bluechip
2015-09-28,44.3226,kotak_bluechip
2015-09-24,44.3923,kotak_bluechip
2015-09-23,44.4909,kotak_bluechip
2015-09-22,44.4494,kotak_bluechip
2015-09-21,44.6135,kotak_bluechip
2015-09-18,44.5479,kotak_bluechip
2015-09-16,44.237,kotak_bluechip
2015-09-15,44.3774,kotak_bluechip
2015-09-14,44.7141,kotak_bluechip
2015-09-11,44.2894,kotak_bluechip
2015-09-10,44.1792,kotak_bluechip
2015-09-09,44.2422,kotak_bluechip
2015-09-08,43.8319,kotak_bluechip
2015-09-07,43.5462,kotak_bluechip
2015-09-04,44.2901,kotak_bluechip
2015-09-03,44.8316,kotak_bluechip
2015-09-02,44.6353,kotak_bluechip
2015-09-01,44.8299,kotak_bluechip
2015-08-31,45.5376,kotak_bluechip
2015-08-28,45.6951,kotak_bluechip
2015-08-27,45.2391,kotak_bluechip
2015-08-26,44.702,kotak_bluechip
2015-08-25,44.6726,kotak_bluechip
2015-08-24,44.5233,kotak_bluechip
2015-08-21,46.8112,kotak_bluechip
2015-08-20,46.9203,kotak_bluechip
2015-08-19,47.1937,kotak_bluechip
2015-08-18,47.1036,kotak_bluechip
2015-08-17,47.1359,kotak_bluechip
2015-08-14,47.0322,kotak_bluechip
2015-08-13,46.8814,kotak_bluechip
2015-08-12,46.8326,kotak_bluechip
2015-08-11,47.1728,kotak_bluechip
2015-08-10,47.2341,kotak_bluechip
2015-08-07,47.2899,kotak_bluechip
2015-08-06,47.273,kotak_bluechip
2015-08-05,47.4126,kotak_bluechip
2015-08-04,47.4579,kotak_bluechip
2015-08-03,47.2923,kotak_bluechip
2015-07-31,47.2648,kotak_bluechip
2015-07-30,46.9749,kotak_bluechip
2015-07-29,46.9588,kotak_bluechip
2015-07-28,46.7418,kotak_bluechip
2015-07-27,46.6649,kotak_bluechip
2015-07-24,46.8783,kotak_bluechip
2015-07-23,46.9692,kotak_bluechip
2015-07-22,46.9556,kotak_bluechip
2015-07-21,46.7045,kotak_bluechip
2015-07-20,47.3233,kotak_bluechip
2015-07-17,47.4565,kotak_bluechip
2015-07-16,47.5014,kotak_bluechip
2015-07-15,47.1169,kotak_bluechip
2015-07-14,47.0765,kotak_bluechip
2015-07-13,47.0181,kotak_bluechip
2015-07-10,46.7161,kotak_bluechip
2015-07-09,46.5648,kotak_bluechip
2015-07-08,46.5091,kotak_bluechip
2015-07-07,47.0003,kotak_bluechip
2015-07-06,46.9771,kotak_bluechip
2015-07-03,46.9281,kotak_bluechip
2015-07-02,46.75,kotak_bluechip
2015-07-01,46.7598,kotak_bluechip
2015-06-30,46.4944,kotak_bluechip
2015-06-29,46.3877,kotak_bluechip
2015-06-26,46.6247,kotak_bluechip
2015-06-25,46.6303,kotak_bluechip
2015-06-24,46.6983,kotak_bluechip
2015-06-23,46.7231,kotak_bluechip
2015-06-22,46.7138,kotak_bluechip
2015-06-19,46.3519,kotak_bluechip
2015-06-18,46.288,kotak_bluechip
2015-06-17,46.1466,kotak_bluechip
2015-06-16,46.0275,kotak_bluechip
2015-06-15,45.9768,kotak_bluechip
2015-06-12,46.042,kotak_bluechip
2015-06-11,45.8397,kotak_bluechip
2015-06-10,46.4116,kotak_bluechip
2015-06-09,45.844,kotak_bluechip
2015-06-08,46.2913,kotak_bluechip
2015-06-05,46.5337,kotak_bluechip
2015-06-04,46.4376,kotak_bluechip
2015-06-03,46.306,kotak_bluechip
2015-06-02,46.7161,kotak_bluechip
2015-06-01,47.2125,kotak_bluechip
2015-05-29,47.2812,kotak_bluechip
2015-05-28,47.0061,kotak_bluechip
2015-05-27,46.8735,kotak_bluechip
2015-05-26,46.7688,kotak_bluechip
2015-05-25,46.7232,kotak_bluechip
2015-05-22,46.8631,kotak_bluechip
2015-05-21,46.8116,kotak_bluechip
2015-05-20,46.756,kotak_bluechip
2015-05-19,46.6403,kotak_bluechip
2015-05-18,46.5611,kotak_bluechip
2015-05-15,46.433,kotak_bluechip
2015-05-14,46.1093,kotak_bluechip
2015-05-13,46.19,kotak_bluechip
2015-05-12,45.8605,kotak_bluechip
2015-05-11,46.2114,kotak_bluechip
2015-05-08,45.7721,kotak_bluechip
2015-05-07,45.5237,kotak_bluechip
2015-05-06,45.8819,kotak_bluechip
2015-05-05,46.5402,kotak_bluechip
2015-05-04,46.3984,kotak_bluechip
2015-04-30,46.1647,kotak_bluechip
2015-04-29,46.4326,kotak_bluechip
2015-04-28,45.9896,kotak_bluechip
2015-04-27,45.4246,kotak_bluechip
2015-04-24,46.145,kotak_bluechip
2015-04-23,46.7161,kotak_bluechip
2015-04-22,46.7639,kotak_bluechip
2015-04-21,46.6495,kotak_bluechip
2015-04-20,46.8014,kotak_bluechip
2015-04-17,46.9038,kotak_bluechip
2015-04-16,47.308,kotak_bluechip
2015-04-15,47.3503,kotak_bluechip
2015-04-13,47.1096,kotak_bluechip
2015-04-10,46.7435,kotak_bluechip
2015-04-09,46.6422,kotak_bluechip
2015-04-08,46.5189,kotak_bluechip
2015-04-07,46.6399,kotak_bluechip
2015-04-06,46.6118,kotak_bluechip
2015-03-31,45.8432,kotak_bluechip
2015-03-30,45.7778,kotak_bluechip
2015-03-27,45.4589,kotak_bluechip
2015-03-26,45.4437,kotak_bluechip
2015-03-25,45.8806,kotak_bluechip
2015-03-24,45.6127,kotak_bluechip
2015-03-23,45.2108,kotak_bluechip
2015-03-20,45.3497,kotak_bluechip
2015-03-19,45.5074,kotak_bluechip
2015-03-18,45.2129,kotak_bluechip
2015-03-17,44.8675,kotak_bluechip
2015-03-16,44.7028,kotak_bluechip
2015-03-13,44.7963,kotak_bluechip
2015-03-12,45.1561,kotak_bluechip
2015-03-11,44.9324,kotak_bluechip
2015-03-10,44.8872,kotak_bluechip
2015-03-09,44.8287,kotak_bluechip
2015-03-05,44.9791,kotak_bluechip
2015-03-04,44.7062,kotak_bluechip
2015-03-03,44.835,kotak_bluechip
2015-03-02,44.8413,kotak_bluechip
2015-02-27,44.5852,kotak_bluechip
2015-02-26,44.2141,kotak_bluechip
2015-02-25,44.5169,kotak_bluechip
2015-02-24,44.3655,kotak_bluechip
2015-02-23,44.2119,kotak_bluechip
2015-02-20,44.1967,kotak_bluechip
2015-02-19,43.954,kotak_bluechip
2015-02-18,43.8536,kotak_bluechip
2015-02-16,43.6674,kotak_bluechip
2015-02-13,43.5809,kotak_bluechip
2015-02-12,43.3558,kotak_bluechip
2015-02-11,43.0751,kotak_bluechip
2015-02-10,42.7744,kotak_bluechip
2015-02-09,42.6551,kotak_bluechip
2015-02-06,42.9024,kotak_bluechip
2015-02-05,43.1618,kotak_bluechip
2015-02-04,43.3804,kotak_bluechip
2015-02-03,43.6408,kotak_bluechip
2015-02-02,43.8334,kotak_bluechip
2015-01-30,43.3838,kotak_bluechip
2015-01-29,43.6312,kotak_bluechip
2015-01-28,43.3233,kotak_bluechip
2015-01-27,43.5299,kotak_bluechip
2015-01-23,43.3195,kotak_bluechip
2015-01-22,43.336,kotak_bluechip
2015-01-21,43.5297,kotak_bluechip
2015-01-20,43.2958,kotak_bluechip
2015-01-19,43.3996,kotak_bluechip
2015-01-16,43.3962,kotak_bluechip
2015-01-15,43.3244,kotak_bluechip
2015-01-14,43.0518,kotak_bluechip
2015-01-13,43.0722,kotak_bluechip
2015-01-12,42.7468,kotak_bluechip
2015-01-09,42.3017,kotak_bluechip
2015-01-08,42.1954,kotak_bluechip
2015-01-07,41.8746,kotak_bluechip
2015-01-06,41.9532,kotak_bluechip
2015-01-05,42.5467,kotak_bluechip
2015-01-02,42.5325,kotak_bluechip
2015-01-01,42.4985,kotak_bluechip
2014-12-31,42.2877,kotak_bluechip
2014-12-30,42.1408,kotak_bluechip
2014-12-29,42.102,kotak_bluechip
2014-12-26,42.0191,kotak_bluechip
2014-12-24,42.0098,kotak_bluechip
2014-12-23,42.038,kotak_bluechip
2014-12-22,42.2996,kotak_bluechip
2014-12-19,42.0515,kotak_bluechip
2014-12-18,41.9608,kotak_bluechip
2014-12-17,41.5318,kotak_bluechip
2014-12-16,41.7876,kotak_bluechip
2014-12-15,42.1695,kotak_bluechip
2014-12-12,42.3191,kotak_bluechip
2014-12-11,42.5564,kotak_bluechip
2014-12-10,42.7592,kotak_bluechip
2014-12-09,42.8366,kotak_bluechip
2014-12-08,43.158,kotak_bluechip
2014-12-05,43.1095,kotak_bluechip
2014-12-04,42.8363,kotak_bluechip
2014-12-03,42.1938,kotak_bluechip
2014-12-02,42.0164,kotak_bluechip
2014-12-01,41.6301,kotak_bluechip
2014-11-28,41.5949,kotak_bluechip
2014-11-27,41.458,kotak_bluechip
2014-11-26,41.4171,kotak_bluechip
2014-11-25,41.4122,kotak_bluechip
2014-11-24,41.7115,kotak_bluechip
2014-11-21,41.6807,kotak_bluechip
2014-11-20,41.6964,kotak_bluechip
2014-11-19,41.5746,kotak_bluechip
2014-11-18,41.6985,kotak_bluechip
2014-11-17,41.5882,kotak_bluechip
2014-11-14,41.4928,kotak_bluechip
2014-11-13,41.4428,kotak_bluechip
2014-11-12,41.5689,kotak_bluechip
2014-11-11,41.2873,kotak_bluechip
2014-11-10,41.189,kotak_bluechip
2014-11-07,41.2118,kotak_bluechip
2014-11-05,41.1598,kotak_bluechip
2014-11-03,40.8047,kotak_bluechip
2014-10-31,40.8608,kotak_bluechip
2014-10-30,40.6577,kotak_bluechip
2014-10-29,40.7219,kotak_bluechip
2014-10-28,40.5753,kotak_bluechip
2014-10-27,40.3569,kotak_bluechip
2014-10-22,40.243,kotak_bluechip
2014-10-21,40.2162,kotak_bluechip
2014-10-20,40.0595,kotak_bluechip
2014-10-17,39.82,kotak_bluechip
2014-10-16,39.8599,kotak_bluechip
2014-10-14,40.0185,kotak_bluechip
2014-10-13,39.8658,kotak_bluechip
2014-10-10,39.8034,kotak_bluechip
2014-10-09,40.0505,kotak_bluechip
2014-10-08,39.8984,kotak_bluechip
2014-10-07,39.993,kotak_bluechip
2014-10-01,40.0008,kotak_bluechip
2014-09-30,39.8683,kotak_bluechip
2014-09-29,39.8013,kotak_bluechip
2014-09-26,39.662,kotak_bluechip
2014-09-25,39.7424,kotak_bluechip
2014-09-24,39.9335,kotak_bluechip
2014-09-23,39.8477,kotak_bluechip
2014-09-22,40.2295,kotak_bluechip
2014-09-19,40.1908,kotak_bluechip
2014-09-18,40.055,kotak_bluechip
2014-09-17,39.6167,kotak_bluechip
2014-09-16,39.6792,kotak_bluechip
2014-09-15,40.1784,kotak_bluechip
2014-09-12,39.9154,kotak_bluechip
2014-09-11,40.0504,kotak_bluechip
2014-09-10,40.079,kotak_bluechip
2014-09-09,39.9404,kotak_bluechip
2014-09-08,39.8876,kotak_bluechip
2014-09-05,39.4447,kotak_bluechip
2014-09-04,39.3929,kotak_bluechip
2014-09-03,39.1931,kotak_bluechip
2014-09-02,38.8758,kotak_bluechip
2014-09-01,38.822,kotak_bluechip
2014-08-28,38.6759,kotak_bluechip
2014-08-27,38.7438,kotak_bluechip
2014-08-26,38.5566,kotak_bluechip
2014-08-25,38.5089,kotak_bluechip
2014-08-22,38.229,kotak_bluechip
2014-08-21,37.9101,kotak_bluechip
2014-08-20,37.9221,kotak_bluechip
2014-08-19,37.8322,kotak_bluechip
2014-08-18,37.7987,kotak_bluechip
2014-08-14,37.4988,kotak_bluechip
2014-08-13,37.2429,kotak_bluechip
2014-08-12,37.3673,kotak_bluechip
2014-08-11,37.2669,kotak_bluechip
2014-08-08,37.2728,kotak_bluechip
2014-08-07,37.3269,kotak_bluechip
2014-08-06,37.3793,kotak_bluechip
2014-08-05,37.4906,kotak_bluechip
2014-08-04,37.4721,kotak_bluechip
2014-08-01,37.3011,kotak_bluechip
2014-07-31,37.2912,kotak_bluechip
2014-07-30,37.4191,kotak_bluechip
2014-07-28,37.2808,kotak_bluechip
2014-07-25,37.3283,kotak_bluechip
2014-07-24,37.3938,kotak_bluechip
2014-07-23,37.5776,kotak_bluechip
2014-07-22,37.6725,kotak_bluechip
2014-07-21,37.6895,kotak_bluechip
2014-07-18,37.6211,kotak_bluechip
2014-07-17,37.6555,kotak_bluechip
2014-07-16,37.5456,kotak_bluechip
2014-07-15,37.0449,kotak_bluechip
2014-07-14,36.7263,kotak_bluechip
2014-07-11,36.7241,kotak_bluechip
2014-07-10,37.0771,kotak_bluechip
2014-07-09,36.9564,kotak_bluechip
2014-07-08,37.1313,kotak_bluechip
2014-07-07,37.5056,kotak_bluechip
2014-07-04,37.496,kotak_bluechip
2014-07-03,37.3962,kotak_bluechip
2014-07-02,37.4514,kotak_bluechip
2014-07-01,36.9762,kotak_bluechip
2014-06-30,36.9414,kotak_bluechip
2014-06-27,36.7123,kotak_bluechip
2014-06-26,36.6332,kotak_bluechip
2014-06-25,36.6885,kotak_bluechip
2014-06-24,36.5613,kotak_bluechip
2014-06-23,36.4175,kotak_bluechip
2014-06-20,36.557,kotak_bluechip
2014-06-19,36.5263,kotak_bluechip
2014-06-18,36.65,kotak_bluechip
2014-06-17,36.621,kotak_bluechip
2014-06-16,36.5217,kotak_bluechip
2014-06-13,36.4924,kotak_bluechip
2014-06-12,36.7601,kotak_bluechip
2014-06-11,36.8234,kotak_bluechip
2014-06-10,36.9468,kotak_bluechip
2014-06-09,36.8518,kotak_bluechip
2014-06-06,36.5904,kotak_bluechip
2014-06-05,36.399,kotak_bluechip
2014-06-04,36.2579,kotak_bluechip
2014-06-03,36.1302,kotak_bluechip
2014-06-02,36.0403,kotak_bluechip
2014-05-30,35.808,kotak_bluechip
2014-05-29,35.7832,kotak_bluechip
2014-05-28,35.8232,kotak_bluechip
2014-05-27,35.6921,kotak_bluechip
2014-05-26,35.7583,kotak_bluechip
2014-05-23,35.962,kotak_bluechip
2014-05-22,35.9131,kotak_bluechip
2014-05-21,35.7331,kotak_bluechip
2014-05-20,35.5816,kotak_bluechip
2014-05-19,35.3626,kotak_bluechip
2014-05-16,35.2264,kotak_bluechip
2014-05-15,35.1011,kotak_bluechip
2014-05-13,35.1825,kotak_bluechip
2014-05-12,35.0663,kotak_bluechip
2014-05-09,35.1143,kotak_bluechip
2014-05-08,34.9568,kotak_bluechip
2014-05-07,34.9808,kotak_bluechip
2014-05-06,35.0292,kotak_bluechip
2014-05-05,35.0838,kotak_bluechip
2014-05-02,35.0865,kotak_bluechip
2014-04-30,35.1457,kotak_bluechip
2014-04-29,35.3096,kotak_bluechip
2014-04-28,35.4212,kotak_bluechip
2014-04-25,35.3158,kotak_bluechip
2014-04-23,35.277,kotak_bluechip
2014-04-22,35.2249,kotak_bluechip
2014-04-21,35.2201,kotak_bluechip
2014-04-17,35.0202,kotak_bluechip
2014-04-16,34.8088,kotak_bluechip
2014-04-15,34.8415,kotak_bluechip
2014-04-11,34.8263,kotak_bluechip
2014-04-10,34.6955,kotak_bluechip
2014-04-09,34.6294,kotak_bluechip
2014-04-07,34.5081,kotak_bluechip
2014-04-04,34.5208,kotak_bluechip
2014-04-03,34.4587,kotak_bluechip
2014-04-02,34.4663,kotak_bluechip
2014-04-01,34.4386,kotak_bluechip
2014-03-31,34.3716,kotak_bluechip
2014-03-28,34.2524,kotak_bluechip
2014-03-27,34.1115,kotak_bluechip
2014-03-26,33.998,kotak_bluechip
2014-03-25,33.9937,kotak_bluechip
2014-03-24,34.0039,kotak_bluechip
2014-03-21,33.9409,kotak_bluechip
2014-03-20,33.9027,kotak_bluechip
2014-03-19,33.908,kotak_bluechip
2014-03-18,33.8637,kotak_bluechip
2014-03-14,33.8191,kotak_bluechip
2014-03-13,33.8708,kotak_bluechip
2014-03-12,33.918,kotak_bluechip
2014-03-11,33.9443,kotak_bluechip
2014-03-10,33.8479,kotak_bluechip
2014-03-07,33.8733,kotak_bluechip
2014-03-06,33.822,kotak_bluechip
2014-03-05,33.72,kotak_bluechip
2014-03-04,33.6518,kotak_bluechip
2014-03-03,33.4822,kotak_bluechip
2014-02-28,33.4958,kotak_bluechip
2014-02-26,33.5375,kotak_bluechip
2014-02-25,33.443,kotak_bluechip
2014-02-24,33.4027,kotak_bluechip
2014-02-21,33.2961,kotak_bluechip
2014-02-20,33.2042,kotak_bluechip
2014-02-19,33.2091,kotak_bluechip
2014-02-18,33.2698,kotak_bluechip
2014-02-17,33.1427,kotak_bluechip
2014-02-14,33.0458,kotak_bluechip
2014-02-13,33.0386,kotak_bluechip
2014-02-12,33.0892,kotak_bluechip
2014-02-11,33.0822,kotak_bluechip
2014-02-10,33.1096,kotak_bluechip
2014-02-07,33.0979,kotak_bluechip
2014-02-06,33.0351,kotak_bluechip
2014-02-05,33.0271,kotak_bluechip
2014-02-04,32.9965,kotak_bluechip
2014-02-03,33.0118,kotak_bluechip
2014-01-31,33.0176,kotak_bluechip
2014-01-30,32.9481,kotak_bluechip
2014-01-29,33.059,kotak_bluechip
2014-01-28,33.0627,kotak_bluechip
2014-01-27,33.1357,kotak_bluechip
2014-01-24,33.2323,kotak_bluechip
2014-01-23,33.2825,kotak_bluechip
2014-01-22,33.271,kotak_bluechip
2014-01-21,33.2731,kotak_bluechip
2014-01-20,33.2606,kotak_bluechip
2014-01-17,33.1938,kotak_bluechip
2014-01-16,33.2535,kotak_bluechip
2014-01-15,33.2341,kotak_bluechip
2014-01-14,33.185,kotak_bluechip
2014-01-13,33.1891,kotak_bluechip
2014-01-10,33.1133,kotak_bluechip
2014-01-09,33.1135,kotak_bluechip
2014-01-08,33.1048,kotak_bluechip
2014-01-07,33.1179,kotak_bluechip
2014-01-06,33.1183,kotak_bluechip
2014-01-03,33.2596,kotak_bluechip
2014-01-02,33.2215,kotak_bluechip
2014-01-01,33.2578,kotak_bluechip
2013-12-31,33.267,kotak_bluechip
2013-12-30,33.2426,kotak_bluechip
2013-12-27,33.2216,kotak_bluechip
2013-12-26,33.1844,kotak_bluechip
2013-12-24,33.1496,kotak_bluechip
2013-12-23,33.1548,kotak_bluechip
2013-12-21,33.09,kotak_bluechip
2013-12-20,33.0843,kotak_bluechip
2013-12-19,33.0031,kotak_bluechip
2013-12-18,32.9813,kotak_bluechip
2013-12-17,32.834,kotak_bluechip
2013-12-16,32.8574,kotak_bluechip
2013-12-13,32.807,kotak_bluechip
2013-12-12,32.8431,kotak_bluechip
2013-12-11,32.8339,kotak_bluechip
2013-12-10,32.8561,kotak_bluechip
2013-12-09,32.8598,kotak_bluechip
2013-12-06,32.8026,kotak_bluechip
2013-12-05,32.8103,kotak_bluechip
2013-12-04,32.7606,kotak_bluechip
2013-12-03,32.7924,kotak_bluechip
2013-12-02,32.7932,kotak_bluechip
2013-11-29,32.7537,kotak_bluechip
2013-11-28,32.7085,kotak_bluechip
2013-11-27,32.6643,kotak_bluechip
2013-11-26,32.5796,kotak_bluechip
2013-11-25,32.5583,kotak_bluechip
2013-11-22,32.5096,kotak_bluechip
2013-11-21,32.488,kotak_bluechip
2013-11-20,32.5391,kotak_bluechip
2013-11-19,32.5017,kotak_bluechip
2013-11-18,32.4751,kotak_bluechip
2013-11-15,32.4474,kotak_bluechip
2013-11-14,32.4418,kotak_bluechip
2013-11-13,32.4322,kotak_bluechip
2013-11-12,32.3947,kotak_bluechip
2013-11-11,32.4955,kotak_bluechip
2013-11-08,32.5316,kotak_bluechip
2013-11-07,32.5983,kotak_bluechip
2013-11-06,32.6265,kotak_bluechip
2013-11-05,32.7174,kotak_bluechip
2013-11-04,32.6618,kotak_bluechip
2013-11-01,32.6454,kotak_bluechip
2013-10-31,32.6518,kotak_bluechip
2013-10-30,32.6125,kotak_bluechip
2013-10-29,32.6515,kotak_bluechip
2013-10-28,32.5484,kotak_bluechip
2013-10-25,32.5173,kotak_bluechip
2013-10-24,32.5346,kotak_bluechip
2013-10-23,32.5233,kotak_bluechip
2013-10-22,32.4872,kotak_bluechip
2013-10-21,32.4775,kotak_bluechip
2013-10-18,32.4268,kotak_bluechip
2013-10-17,32.3189,kotak_bluechip
2013-10-16,32.2938,kotak_bluechip
2013-10-15,32.2883,kotak_bluechip
2013-10-14,32.3093,kotak_bluechip
2013-10-11,32.3317,kotak_bluechip
2013-10-10,32.301,kotak_bluechip
2013-10-09,32.3213,kotak_bluechip
2013-10-08,32.2513,kotak_bluechip
2013-10-07,32.1285,kotak_bluechip
2013-10-04,32.0989,kotak_bluechip
2013-10-03,32.0673,kotak_bluechip
2013-10-02,31.974,kotak_bluechip
2013-10-01,31.9686,kotak_bluechip
2013-09-30,31.9301,kotak_bluechip
2013-09-27,31.9532,kotak_bluechip
2013-09-26,31.916,kotak_bluechip
2013-09-25,31.8851,kotak_bluechip
2013-09-24,31.8426,kotak_bluechip
2013-09-23,31.8585,kotak_bluechip
2013-09-20,31.934,kotak_bluechip
2013-09-19,32.0075,kotak_bluechip
2013-09-18,31.8899,kotak_bluechip
2013-09-17,31.8351,kotak_bluechip
2013-09-16,31.8692,kotak_bluechip
2013-09-13,31.8004,kotak_bluechip
2013-09-12,31.7783,kotak_bluechip
2013-09-11,31.7662,kotak_bluechip
2013-09-10,31.733,kotak_bluechip
2013-09-06,31.6505,kotak_bluechip
2013-09-05,31.6593,kotak_bluechip
2013-09-04,31.5182,kotak_bluechip
2013-09-03,31.4503,kotak_bluechip
2013-09-02,31.5122,kotak_bluechip
2013-08-30,31.4007,kotak_bluechip
2013-08-29,31.3412,kotak_bluechip
2013-08-28,31.3056,kotak_bluechip
2013-08-27,31.403,kotak_bluechip
2013-08-26,31.5711,kotak_bluechip
2013-08-23,31.5853,kotak_bluechip
2013-08-22,31.477,kotak_bluechip
2013-08-21,31.4778,kotak_bluechip
2013-08-20,31.2916,kotak_bluechip
2013-08-19,31.2745,kotak_bluechip
2013-08-16,31.4561,kotak_bluechip
2013-08-14,31.5721,kotak_bluechip
2013-08-13,31.6179,kotak_bluechip
2013-08-12,31.6104,kotak_bluechip
2013-08-08,31.6269,kotak_bluechip
2013-08-07,31.5634,kotak_bluechip
2013-08-06,31.5344,kotak_bluechip
2013-08-05,31.5483,kotak_bluechip
2013-08-02,31.5368,kotak_bluechip
2013-08-01,31.5515,kotak_bluechip
2013-07-31,31.463,kotak_bluechip
2013-07-30,31.5287,kotak_bluechip
2013-07-29,31.5584,kotak_bluechip
2013-07-26,31.591,kotak_bluechip
2013-07-25,31.5939,kotak_bluechip
2013-07-24,31.3712,kotak_bluechip
2013-07-23,31.5579,kotak_bluechip
2013-07-22,31.5924,kotak_bluechip
2013-07-19,31.6159,kotak_bluechip
2013-07-18,31.6192,kotak_bluechip
2013-07-17,31.5346,kotak_bluechip
2013-07-16,31.5549,kotak_bluechip
2013-07-15,31.8193,kotak_bluechip
2013-07-12,31.8051,kotak_bluechip
2013-07-11,31.757,kotak_bluechip
2013-07-10,31.7128,kotak_bluechip
2013-07-09,31.7138,kotak_bluechip
2013-07-08,31.6958,kotak_bluechip
2013-07-05,31.7308,kotak_bluechip
2013-07-04,31.7005,kotak_bluechip
2013-07-03,31.6149,kotak_bluechip
2013-07-02,31.6447,kotak_bluechip
2013-07-01,31.6354,kotak_bluechip
2013-06-28,31.6061,kotak_bluechip
2013-06-27,31.551,kotak_bluechip
2013-06-26,31.5682,kotak_bluechip
2013-06-25,31.5983,kotak_bluechip
2013-06-24,31.5935,kotak_bluechip
2013-06-21,31.5604,kotak_bluechip
2013-06-20,30.9819,kotak_bluechip
2013-06-19,31.6167,kotak_bluechip
2013-06-18,31.6199,kotak_bluechip
2013-06-17,31.6026,kotak_bluechip
2013-06-14,31.5823,kotak_bluechip
2013-06-13,31.5726,kotak_bluechip
2013-06-12,31.5693,kotak_bluechip
2013-06-11,31.5828,kotak_bluechip
2013-06-10,31.6326,kotak_bluechip
2013-06-07,31.6497,kotak_bluechip
2013-06-06,31.6568,kotak_bluechip
2013-06-05,31.6295,kotak_bluechip
2013-06-04,31.6364,kotak_bluechip
2013-06-03,31.5998,kotak_bluechip
2013-05-31,31.6046,kotak_bluechip
2013-05-30,31.6382,kotak_bluechip
2013-05-29,31.6166,kotak_bluechip
2013-05-28,31.6184,kotak_bluechip
2013-05-27,31.6336,kotak_bluechip
2013-05-24,31.6135,kotak_bluechip
2013-05-23,31.6113,kotak_bluechip
2013-05-22,31.5981,kotak_bluechip
2013-05-21,31.5881,kotak_bluechip
2013-05-20,31.5989,kotak_bluechip
2013-05-17,31.5851,kotak_bluechip
2013-05-16,31.5827,kotak_bluechip
2013-05-15,31.5899,kotak_bluechip
2013-05-14,31.5705,kotak_bluechip
2013-05-13,31.4879,kotak_bluechip
2013-05-10,31.4982,kotak_bluechip
2013-05-09,31.4968,kotak_bluechip
2013-05-08,31.4751,kotak_bluechip
2013-05-07,31.4319,kotak_bluechip
2013-05-06,31.3995,kotak_bluechip
2013-05-03,31.3656,kotak_bluechip
2013-05-02,31.3834,kotak_bluechip
2013-04-30,31.3503,kotak_bluechip
2013-04-29,31.3398,kotak_bluechip
2013-04-26,31.3278,kotak_bluechip
2013-04-25,31.3033,kotak_bluechip
2013-04-24,31.2657,kotak_bluechip
2013-04-23,31.2609,kotak_bluechip
2013-04-22,31.2718,kotak_bluechip
2013-04-19,31.2458,kotak_bluechip
2013-04-18,31.2408,kotak_bluechip
2013-04-17,31.1958,kotak_bluechip
2013-04-16,31.1787,kotak_bluechip
2013-04-15,31.1685,kotak_bluechip
2013-04-12,31.1464,kotak_bluechip
2013-04-11,31.1374,kotak_bluechip
2013-04-10,31.1225,kotak_bluechip
2013-04-09,31.1389,kotak_bluechip
2013-04-08,31.1187,kotak_bluechip
2013-04-05,31.0949,kotak_bluechip
2013-04-04,31.0996,kotak_bluechip
2013-04-03,31.0919,kotak_bluechip
2013-04-02,31.0775,kotak_bluechip
2013-04-01,31.055,kotak_bluechip
2013-03-29,31.0185,kotak_bluechip
2013-03-28,31.0136,kotak_bluechip
2013-03-26,30.9902,kotak_bluechip
2013-03-25,30.9981,kotak_bluechip
2013-03-22,30.9812,kotak_bluechip
2013-03-21,30.9869,kotak_bluechip
2013-03-20,30.9819,kotak_bluechip
2013-03-19,30.9834,kotak_bluechip
2013-03-18,30.9884,kotak_bluechip
2013-03-15,30.9911,kotak_bluechip
2013-03-14,30.9591,kotak_bluechip
2013-03-13,30.9439,kotak_bluechip
2013-03-12,30.9494,kotak_bluechip
2013-03-11,30.9535,kotak_bluechip
2013-03-08,30.9455,kotak_bluechip
2013-03-07,30.9351,kotak_bluechip
2013-03-06,30.9339,kotak_bluechip
2013-03-05,30.9255,kotak_bluechip
2013-03-04,30.9006,kotak_bluechip
2013-03-01,30.8771,kotak_bluechip
2013-02-28,30.8823,kotak_bluechip
2013-02-27,30.8692,kotak_bluechip
2013-02-26,30.8517,kotak_bluechip
2013-02-25,30.8655,kotak_bluechip
2013-02-22,30.6784,kotak_bluechip
2013-02-21,30.6841,kotak_bluechip
2013-02-20,30.7038,kotak_bluechip
2013-02-19,30.6778,kotak_bluechip
2013-02-18,30.6588,kotak_bluechip
2013-02-15,30.6442,kotak_bluechip
2013-02-14,30.648,kotak_bluechip
2013-02-13,30.693,kotak_bluechip
2013-02-12,30.6846,kotak_bluechip
2013-02-11,30.5643,kotak_bluechip
2013-02-08,30.6813,kotak_bluechip
2013-02-07,30.6882,kotak_bluechip
2013-02-06,30.7067,kotak_bluechip
2013-02-05,30.6673,kotak_bluechip
2013-02-04,30.7231,kotak_bluechip
2013-02-01,30.7201,kotak_bluechip
2013-01-31,30.6763,kotak_bluechip
2013-01-30,30.6441,kotak_bluechip
2013-01-29,30.674,kotak_bluechip
2013-01-28,30.6878,kotak_bluechip
2013-01-25,30.6611,kotak_bluechip
2013-01-24,30.6574,kotak_bluechip
2013-01-23,30.6688,kotak_bluechip
2013-01-22,30.6627,kotak_bluechip
2013-01-21,30.6574,kotak_bluechip
2013-01-18,30.658,kotak_bluechip
2013-01-17,30.6565,kotak_bluechip
2013-01-16,30.6804,kotak_bluechip
2013-01-15,30.6993,kotak_bluechip
2013-01-14,30.6862,kotak_bluechip
2013-01-11,30.6305,kotak_bluechip
2013-01-10,30.6784,kotak_bluechip
2013-01-09,30.6492,kotak_bluechip
2013-01-08,30.6239,kotak_bluechip
2013-01-07,30.6076,kotak_bluechip
2026-07-24,99.3273,nippon_large_cap
2026-07-23,99.7294,nippon_large_cap
2026-07-22,100.0997,nippon_large_cap
2026-07-21,101.0669,nippon_large_cap
2026-07-20,101.3229,nippon_large_cap
2026-07-17,101.802,nippon_large_cap
2026-07-16,101.0586,nippon_large_cap
2026-07-15,101.0231,nippon_large_cap
2026-07-14,100.5326,nippon_large_cap
2026-07-13,101.2495,nippon_large_cap
2026-07-10,101.3203,nippon_large_cap
2026-07-09,100.3086,nippon_large_cap
2026-07-08,99.81,nippon_large_cap
2026-07-07,101.9321,nippon_large_cap
2026-07-06,102.1267,nippon_large_cap
2026-07-03,101.3599,nippon_large_cap
2026-07-02,101.4442,nippon_large_cap
2026-07-01,100.8965,nippon_large_cap
2026-06-30,100.4828,nippon_large_cap
2026-06-29,100.7184,nippon_large_cap
2026-06-25,101.1917,nippon_large_cap
2026-06-24,101.0387,nippon_large_cap
2026-06-23,100.4605,nippon_large_cap
2026-06-22,101.3654,nippon_large_cap
2026-06-19,100.7824,nippon_large_cap
2026-06-18,100.9901,nippon_large_cap
2026-06-17,100.604,nippon_large_cap
2026-06-16,100.0048,nippon_large_cap
2026-06-15,99.3506,nippon_large_cap
2026-06-12,98.1776,nippon_large_cap
2026-06-11,96.1712,nippon_large_cap
2026-06-10,96.5862,nippon_large_cap
2026-06-09,96.6849,nippon_large_cap
2026-06-08,95.8952,nippon_large_cap
2026-06-05,97.2456,nippon_large_cap
2026-06-04,97.2621,nippon_large_cap
2026-06-03,97.2167,nippon_large_cap
2026-06-02,97.4783,nippon_large_cap
2026-06-01,97.1944,nippon_large_cap
2026-05-29,98.4656,nippon_large_cap
2026-05-27,99.8092,nippon_large_cap
2026-05-26,99.4356,nippon_large_cap
2026-05-25,99.8047,nippon_large_cap
2026-05-22,98.7497,nippon_large_cap
2026-05-21,98.3781,nippon_large_cap
2026-05-20,98.3933,nippon_large_cap
2026-05-19,98.1289,nippon_large_cap
2026-05-18,97.9372,nippon_large_cap
2026-05-15,98.0059,nippon_large_cap
2026-05-14,98.0606,nippon_large_cap
2026-05-13,97.169,nippon_large_cap
2026-05-12,97.1846,nippon_large_cap
2026-05-11,99.2007,nippon_large_cap
2026-05-08,100.4981,nippon_large_cap
2026-05-07,101.2917,nippon_large_cap
2026-05-06,101.1725,nippon_large_cap
2026-05-05,99.9072,nippon_large_cap
2026-05-04,100.0932,nippon_large_cap
2026-04-30,99.5502,nippon_large_cap
2026-04-29,100.3928,nippon_large_cap
2026-04-28,99.9782,nippon_large_cap
2026-04-27,100.6093,nippon_large_cap
2026-04-24,99.76,nippon_large_cap
2026-04-23,100.8016,nippon_large_cap
2026-04-22,101.5803,nippon_large_cap
2026-04-21,101.9645,nippon_large_cap
2026-04-20,100.9566,nippon_large_cap
2026-04-17,100.7903,nippon_large_cap
2026-04-16,99.9263,nippon_large_cap
2026-04-15,99.8843,nippon_large_cap
2026-04-13,98.1851,nippon_large_cap
2026-04-10,98.8886,nippon_large_cap
2026-04-09,97.4948,nippon_large_cap
2026-04-08,98.1861,nippon_large_cap
2026-04-07,94.7584,nippon_large_cap
2026-04-06,94.353,nippon_large_cap
2026-04-02,93.2361,nippon_large_cap
2026-04-01,92.9211,nippon_large_cap
2026-03-31,91.4539,nippon_large_cap
2026-03-30,91.455,nippon_large_cap
2026-03-27,93.579,nippon_large_cap
2026-03-25,95.6217,nippon_large_cap
2026-03-24,93.8354,nippon_large_cap
2026-03-23,92.1523,nippon_large_cap
2026-03-20,94.8276,nippon_large_cap
2026-03-19,94.5458,nippon_large_cap
2026-03-18,97.5488,nippon_large_cap
2026-03-17,96.6146,nippon_large_cap
2026-03-16,95.9441,nippon_large_cap
2026-03-13,95.1844,nippon_large_cap
2026-03-12,97.31,nippon_large_cap
2026-03-11,98.1139,nippon_large_cap
2026-03-10,99.4725,nippon_large_cap
2026-03-09,98.2895,nippon_large_cap
2026-03-06,100.0829,nippon_large_cap
2026-03-05,101.1422,nippon_large_cap
2026-03-04,99.951,nippon_large_cap
2026-03-02,101.8541,nippon_large_cap
2026-02-27,103.3052,nippon_large_cap
2026-02-26,104.5075,nippon_large_cap
2026-02-25,104.4641,nippon_large_cap
2026-02-24,103.9564,nippon_large_cap
2026-02-23,104.8203,nippon_large_cap
2026-02-20,104.2351,nippon_large_cap
2026-02-19,103.5918,nippon_large_cap
2026-02-18,105.2559,nippon_large_cap
2026-02-17,104.7084,nippon_large_cap
2026-02-16,104.5361,nippon_large_cap
2026-02-13,103.8148,nippon_large_cap
2026-02-12,104.9922,nippon_large_cap
2026-02-11,105.5426,nippon_large_cap
2026-02-10,105.3572,nippon_large_cap
2026-02-09,104.8998,nippon_large_cap
2026-02-06,103.9204,nippon_large_cap
2026-02-05,103.759,nippon_large_cap
2026-02-04,104.0764,nippon_large_cap
2026-02-03,103.8538,nippon_large_cap
2026-02-02,101.2456,nippon_large_cap
2026-01-30,102.2355,nippon_large_cap
2026-01-29,102.3949,nippon_large_cap
2026-01-28,101.8416,nippon_large_cap
2026-01-27,100.8952,nippon_large_cap
2026-01-23,100.5127,nippon_large_cap
2026-01-22,101.5393,nippon_large_cap
2026-01-21,100.8963,nippon_large_cap
2026-01-20,101.2908,nippon_large_cap
2026-01-19,102.9226,nippon_large_cap
2026-01-16,103.2136,nippon_large_cap
2026-01-14,103.3177,nippon_large_cap
2026-01-13,103.3735,nippon_large_cap
2026-01-12,103.6218,nippon_large_cap
2026-01-09,103.4654,nippon_large_cap
2026-01-08,104.3327,nippon_large_cap
2026-01-07,105.6078,nippon_large_cap
2026-01-06,105.7006,nippon_large_cap
2026-01-05,105.7109,nippon_large_cap
2026-01-02,106.1272,nippon_large_cap
2026-01-01,105.4001,nippon_large_cap
2025-12-31,105.3421,nippon_large_cap
2025-12-30,104.5935,nippon_large_cap
2025-12-29,104.7188,nippon_large_cap
2025-12-26,104.9912,nippon_large_cap
2025-12-24,105.3548,nippon_large_cap
2025-12-23,105.5381,nippon_large_cap
2025-12-22,105.338,nippon_large_cap
2025-12-19,104.7495,nippon_large_cap
2025-12-18,104.0678,nippon_large_cap
2025-12-17,104.1918,nippon_large_cap
2025-12-16,104.4782,nippon_large_cap
2025-12-15,105.1821,nippon_large_cap
2025-12-12,105.2738,nippon_large_cap
2025-12-11,104.659,nippon_large_cap
2025-12-10,104.014,nippon_large_cap
2025-12-09,104.2635,nippon_large_cap
2025-12-08,104.3721,nippon_large_cap
2025-12-05,105.4142,nippon_large_cap
2025-12-04,105.0426,nippon_large_cap
2025-12-03,105.0214,nippon_large_cap
2025-12-02,105.2367,nippon_large_cap
2025-12-01,105.5389,nippon_large_cap
2025-11-28,105.6844,nippon_large_cap
2025-11-27,105.684,nippon_large_cap
2025-11-26,105.5755,nippon_large_cap
2025-11-25,104.1712,nippon_large_cap
2025-11-24,104.323,nippon_large_cap
2025-11-21,104.8664,nippon_large_cap
2025-11-20,105.6047,nippon_large_cap
2025-11-19,105.1392,nippon_large_cap
2025-11-18,104.6087,nippon_large_cap
2025-11-17,105.1203,nippon_large_cap
2025-11-14,104.6864,nippon_large_cap
2025-11-13,104.6624,nippon_large_cap
2025-11-12,104.6829,nippon_large_cap
2025-11-11,104.1242,nippon_large_cap
2025-11-10,103.8912,nippon_large_cap
2025-11-07,103.6712,nippon_large_cap
2025-11-06,103.6683,nippon_large_cap
2025-11-04,104.296,nippon_large_cap
2025-11-03,104.8494,nippon_large_cap
2025-10-31,104.5102,nippon_large_cap
2025-10-30,105.2376,nippon_large_cap
2025-10-29,105.7985,nippon_large_cap
2025-10-28,105.143,nippon_large_cap
2025-10-27,105.1974,nippon_large_cap
2025-10-24,104.6441,nippon_large_cap
2025-10-23,105.0429,nippon_large_cap
2025-10-20,104.88,nippon_large_cap
2025-10-17,104.4673,nippon_large_cap
2025-10-16,104.1594,nippon_large_cap
2025-10-15,103.2825,nippon_large_cap
2025-10-14,102.5439,nippon_large_cap
2025-10-13,102.968,nippon_large_cap
2025-10-10,103.236,nippon_large_cap
2025-10-09,102.7968,nippon_large_cap
2025-10-08,102.3564,nippon_large_cap
2025-10-07,102.7883,nippon_large_cap
2025-10-06,102.8296,nippon_large_cap
2025-10-03,102.3835,nippon_large_cap
2025-10-01,102.0581,nippon_large_cap
2025-09-30,101.3,nippon_large_cap
2025-09-26,101.3125,nippon_large_cap
2025-09-25,102.4742,nippon_large_cap
2025-09-24,103.3338,nippon_large_cap
2025-09-23,103.8134,nippon_large_cap
2025-09-22,103.8105,nippon_large_cap
2025-09-19,104.3509,nippon_large_cap
2025-09-18,104.5531,nippon_large_cap
2025-09-17,104.2438,nippon_large_cap
2025-09-16,103.9014,nippon_large_cap
2025-09-15,103.15,nippon_large_cap
2025-09-12,102.9764,nippon_large_cap
2025-09-11,102.4033,nippon_large_cap
2025-09-10,102.3512,nippon_large_cap
2025-09-09,101.9677,nippon_large_cap
2025-09-08,101.6765,nippon_large_cap
2025-09-05,101.5517,nippon_large_cap
2025-09-04,101.4965,nippon_large_cap
2025-09-03,101.5909,nippon_large_cap
2025-09-02,100.9907,nippon_large_cap
2025-09-01,101.1664,nippon_large_cap
2025-08-29,100.3496,nippon_large_cap
2025-08-28,100.5523,nippon_large_cap
2025-08-26,101.34,nippon_large_cap
2025-08-25,102.3387,nippon_large_cap
2025-08-22,102.052,nippon_large_cap
2025-08-21,102.728,nippon_large_cap
2025-08-20,102.6558,nippon_large_cap
2025-08-19,102.2421,nippon_large_cap
2025-08-18,101.6867,nippon_large_cap
2025-08-14,100.5741,nippon_large_cap
2025-08-13,100.5914,nippon_large_cap
2025-08-12,99.7536,nippon_large_cap
2025-08-11,99.916,nippon_large_cap
2025-08-08,98.9884,nippon_large_cap
2025-08-07,99.9091,nippon_large_cap
2025-08-06,99.7886,nippon_large_cap
2025-08-05,100.1112,nippon_large_cap
2025-08-04,100.2779,nippon_large_cap
2025-08-01,99.9113,nippon_large_cap
2025-07-31,100.5941,nippon_large_cap
2025-07-30,100.6886,nippon_large_cap
2025-07-29,100.2101,nippon_large_cap
2025-07-28,99.6981,nippon_large_cap
2025-07-25,100.2598,nippon_large_cap
2025-07-24,101.3281,nippon_large_cap
2025-07-23,101.7894,nippon_large_cap
2025-07-22,101.3272,nippon_large_cap
2025-07-21,101.3735,nippon_large_cap
2025-07-18,100.9286,nippon_large_cap
2025-07-17,101.4318,nippon_large_cap
2025-07-16,101.623,nippon_large_cap
2025-07-15,101.4168,nippon_large_cap
2025-07-14,101.0587,nippon_large_cap
2025-07-11,101.2686,nippon_large_cap
2025-07-10,101.799,nippon_large_cap
2025-07-09,102.039,nippon_large_cap
2025-07-08,102.0364,nippon_large_cap
2025-07-07,101.754,nippon_large_cap
2025-07-04,101.7883,nippon_large_cap
2025-07-03,101.5231,nippon_large_cap
2025-07-02,101.8391,nippon_large_cap
2025-07-01,102.2738,nippon_large_cap
2025-06-30,102.3501,nippon_large_cap
2025-06-27,102.6148,nippon_large_cap
2025-06-26,102.1458,nippon_large_cap
2025-06-25,101.2439,nippon_large_cap
2025-06-24,100.5325,nippon_large_cap
2025-06-23,99.9129,nippon_large_cap
2025-06-20,100.4075,nippon_large_cap
2025-06-19,99.3123,nippon_large_cap
2025-06-18,99.7448,nippon_large_cap
2025-06-17,99.7999,nippon_large_cap
2025-06-16,100.0818,nippon_large_cap
2025-06-13,99.3528,nippon_large_cap
2025-06-12,100.0453,nippon_large_cap
2025-06-11,101.3151,nippon_large_cap
2025-06-10,101.2256,nippon_large_cap
2025-06-09,101.3481,nippon_large_cap
2025-06-06,100.6269,nippon_large_cap
2025-06-05,99.6617,nippon_large_cap
2025-06-04,99.1551,nippon_large_cap
2025-06-03,98.7161,nippon_large_cap
2025-06-02,99.2736,nippon_large_cap
2025-05-30,99.1611,nippon_large_cap
2025-05-29,99.4341,nippon_large_cap
2025-05-28,99.1118,nippon_large_cap
2025-05-27,99.2431,nippon_large_cap
2025-05-26,99.6536,nippon_large_cap
2025-05-23,98.8611,nippon_large_cap
2025-05-22,97.9101,nippon_large_cap
2025-05-21,98.6038,nippon_large_cap
2025-05-20,97.9113,nippon_large_cap
2025-05-19,99.1325,nippon_large_cap
2025-05-16,99.2225,nippon_large_cap
2025-05-15,98.9453,nippon_large_cap
2025-05-14,97.6473,nippon_large_cap
2025-05-13,97.054,nippon_large_cap
2025-05-12,97.9099,nippon_large_cap
2025-05-09,94.3482,nippon_large_cap
2025-05-08,95.1487,nippon_large_cap
2025-05-07,96.0208,nippon_large_cap
2025-05-06,95.5648,nippon_large_cap
2025-05-05,96.5552,nippon_large_cap
2025-05-02,95.9389,nippon_large_cap
2025-04-30,95.8147,nippon_large_cap
2025-04-29,96.0929,nippon_large_cap
2025-04-28,96.0282,nippon_large_cap
2025-04-25,94.8844,nippon_large_cap
2025-04-24,96.0597,nippon_large_cap
2025-04-23,96.1708,nippon_large_cap
2025-04-22,95.6204,nippon_large_cap
2025-04-21,95.3869,nippon_large_cap
2025-04-17,94.1055,nippon_large_cap
2025-04-16,92.8983,nippon_large_cap
2025-04-15,92.3268,nippon_large_cap
2025-04-11,90.0693,nippon_large_cap
2025-04-09,88.641,nippon_large_cap
2025-04-08,89.2409,nippon_large_cap
2025-04-07,87.7802,nippon_large_cap
2025-04-04,90.4333,nippon_large_cap
2025-04-03,92.2243,nippon_large_cap
2025-04-02,92.4165,nippon_large_cap
2025-04-01,91.6629,nippon_large_cap
2025-03-31,92.8702,nippon_large_cap
2025-03-28,92.8735,nippon_large_cap
2025-03-27,93.3884,nippon_large_cap
2025-03-26,92.657,nippon_large_cap
2025-03-25,93.5158,nippon_large_cap
2025-03-24,93.8123,nippon_large_cap
2025-03-21,92.543,nippon_large_cap
2025-03-20,91.6767,nippon_large_cap
2025-03-19,90.9711,nippon_large_cap
2025-03-18,90.2544,nippon_large_cap
2025-03-17,88.6746,nippon_large_cap
2025-03-13,88.0656,nippon_large_cap
2025-03-12,88.3738,nippon_large_cap
2025-03-11,88.5042,nippon_large_cap
2025-03-10,88.5879,nippon_large_cap
2025-03-07,89.1195,nippon_large_cap
2025-03-06,89.174,nippon_large_cap
2025-03-05,88.2535,nippon_large_cap
2025-03-04,87.1643,nippon_large_cap
2025-03-03,86.983,nippon_large_cap
2025-02-28,86.9222,nippon_large_cap
2025-02-27,88.4321,nippon_large_cap
2025-02-25,88.7605,nippon_large_cap
2025-02-24,88.9334,nippon_large_cap
2025-02-21,89.8495,nippon_large_cap
2025-02-20,90.3489,nippon_large_cap
2025-02-19,90.0404,nippon_large_cap
2025-02-18,89.5354,nippon_large_cap
2025-02-17,89.5693,nippon_large_cap
2025-02-14,89.5741,nippon_large_cap
2025-02-13,90.3684,nippon_large_cap
2025-02-12,90.3408,nippon_large_cap
2025-02-11,90.5443,nippon_large_cap
2025-02-10,92.1773,nippon_large_cap
2025-02-07,93.319,nippon_large_cap
2025-02-06,93.4896,nippon_large_cap
2025-02-05,93.8883,nippon_large_cap
2025-02-04,93.9231,nippon_large_cap
2025-02-03,92.4237,nippon_large_cap
2025-01-31,92.8772,nippon_large_cap
2025-01-30,91.7379,nippon_large_cap
2025-01-29,91.4688,nippon_large_cap
2025-01-28,90.2227,nippon_large_cap
2025-01-27,89.9694,nippon_large_cap
2025-01-24,91.4588,nippon_large_cap
2025-01-23,92.2667,nippon_large_cap
2025-01-22,91.9229,nippon_large_cap
2025-01-21,91.9008,nippon_large_cap
2025-01-20,93.6339,nippon_large_cap
2025-01-17,93.4158,nippon_large_cap
2025-01-16,93.5764,nippon_large_cap
2025-01-15,92.9463,nippon_large_cap
2025-01-14,92.5951,nippon_large_cap
2025-01-13,91.922,nippon_large_cap
2025-01-10,93.7271,nippon_large_cap
2025-01-09,94.581,nippon_large_cap
2025-01-08,95.4138,nippon_large_cap
2025-01-07,95.7436,nippon_large_cap
2025-01-06,95.3266,nippon_large_cap
2025-01-03,97.1671,nippon_large_cap
2025-01-02,97.5681,nippon_large_cap
2025-01-01,96.1113,nippon_large_cap
2024-12-31,95.6932,nippon_large_cap
2024-12-30,95.6777,nippon_large_cap
2024-12-27,96.1819,nippon_large_cap
2024-12-26,96.1901,nippon_large_cap
2024-12-24,96.1467,nippon_large_cap
2024-12-23,96.1694,nippon_large_cap
2024-12-20,95.8415,nippon_large_cap
2024-12-19,97.4275,nippon_large_cap
2024-12-18,98.1827,nippon_large_cap
2024-12-17,98.876,nippon_large_cap
2024-12-16,99.805,nippon_large_cap
2024-12-13,99.7847,nippon_large_cap
2024-12-12,99.2226,nippon_large_cap
2024-12-11,99.6289,nippon_large_cap
2024-12-10,99.546,nippon_large_cap
2024-12-09,99.5074,nippon_large_cap
2024-12-06,99.6509,nippon_large_cap
2024-12-05,99.4147,nippon_large_cap
2024-12-04,98.6536,nippon_large_cap
2024-12-03,98.2022,nippon_large_cap
2024-12-02,97.1205,nippon_large_cap
2024-11-29,96.7197,nippon_large_cap
2024-11-28,96.1824,nippon_large_cap
2024-11-27,97.2127,nippon_large_cap
2024-11-26,96.7895,nippon_large_cap
2024-11-25,96.8798,nippon_large_cap
2024-11-22,95.4297,nippon_large_cap
2024-11-21,93.5182,nippon_large_cap
2024-11-19,94.0998,nippon_large_cap
2024-11-18,93.7894,nippon_large_cap
2024-11-14,93.9927,nippon_large_cap
2024-11-13,93.9405,nippon_large_cap
2024-11-12,95.3799,nippon_large_cap
2024-11-11,96.5738,nippon_large_cap
2024-11-08,96.4406,nippon_large_cap
2024-11-07,96.8112,nippon_large_cap
2024-11-06,97.5614,nippon_large_cap
2024-11-05,96.3891,nippon_large_cap
2024-11-04,95.6366,nippon_large_cap
2024-10-31,96.3789,nippon_large_cap
2024-10-30,96.533,nippon_large_cap
2024-10-29,96.8881,nippon_large_cap
2024-10-28,96.0172,nippon_large_cap
2024-10-25,95.6705,nippon_large_cap
2024-10-24,96.5901,nippon_large_cap
2024-10-23,96.7928,nippon_large_cap
2024-10-22,96.8263,nippon_large_cap
2024-10-21,98.4247,nippon_large_cap
2024-10-18,98.9248,nippon_large_cap
2024-10-17,98.6003,nippon_large_cap
2024-10-16,99.5525,nippon_large_cap
2024-10-15,99.6355,nippon_large_cap
2024-10-14,99.6839,nippon_large_cap
2024-10-11,99.139,nippon_large_cap
2024-10-10,99.2685,nippon_large_cap
2024-10-09,98.9923,nippon_large_cap
2024-10-08,98.6381,nippon_large_cap
2024-10-07,97.3987,nippon_large_cap
2024-10-04,98.7098,nippon_large_cap
2024-10-03,99.4889,nippon_large_cap
2024-10-01,101.4323,nippon_large_cap
2024-09-30,101.4475,nippon_large_cap
2024-09-27,102.7061,nippon_large_cap
2024-09-26,102.6658,nippon_large_cap
2024-09-25,102.0413,nippon_large_cap
2024-09-24,101.7456,nippon_large_cap
2024-09-23,101.6433,nippon_large_cap
2024-09-20,100.9598,nippon_large_cap
2024-09-19,99.8842,nippon_large_cap
2024-09-18,99.968,nippon_large_cap
2024-09-17,100.0653,nippon_large_cap
2024-09-16,100.114,nippon_large_cap
2024-09-13,100.089,nippon_large_cap
2024-09-12,100.2373,nippon_large_cap
2024-09-11,98.7724,nippon_large_cap
2024-09-10,99.2319,nippon_large_cap
2024-09-09,98.4675,nippon_large_cap
2024-09-06,98.076,nippon_large_cap
2024-09-05,99.3569,nippon_large_cap
2024-09-04,99.2067,nippon_large_cap
2024-09-03,99.6805,nippon_large_cap
2024-09-02,99.5227,nippon_large_cap
2024-08-30,99.3996,nippon_large_cap
2024-08-29,98.9127,nippon_large_cap
2024-08-28,98.7789,nippon_large_cap
2024-08-27,98.8747,nippon_large_cap
2024-08-26,98.6268,nippon_large_cap
2024-08-23,97.9385,nippon_large_cap
2024-08-22,97.9738,nippon_large_cap
2024-08-21,97.8326,nippon_large_cap
2024-08-20,97.6125,nippon_large_cap
2024-08-19,97.0611,nippon_large_cap
2024-08-16,96.8796,nippon_large_cap
2024-08-14,95.3783,nippon_large_cap
2024-08-13,95.363,nippon_large_cap
2024-08-12,96.4431,nippon_large_cap
2024-08-09,96.6915,nippon_large_cap
2024-08-08,95.9036,nippon_large_cap
2024-08-07,96.5617,nippon_large_cap
2024-08-06,95.1642,nippon_large_cap
2024-08-05,95.6995,nippon_large_cap
2024-08-02,98.3992,nippon_large_cap
2024-08-01,99.1905,nippon_large_cap
2024-07-31,99.038,nippon_large_cap
2024-07-30,98.6802,nippon_large_cap
2024-07-29,98.4839,nippon_large_cap
2024-07-26,98.3111,nippon_large_cap
2024-07-25,96.7323,nippon_large_cap
2024-07-24,96.7617,nippon_large_cap
2024-07-23,96.5445,nippon_large_cap
2024-07-22,96.7013,nippon_large_cap
2024-07-19,96.409,nippon_large_cap
2024-07-18,97.7055,nippon_large_cap
2024-07-16,97.4713,nippon_large_cap
2024-07-15,97.7671,nippon_large_cap
2024-07-12,97.3785,nippon_large_cap
2024-07-11,97.096,nippon_large_cap
2024-07-10,96.9845,nippon_large_cap
2024-07-09,97.3311,nippon_large_cap
2024-07-08,96.8647,nippon_large_cap
2024-07-05,96.8297,nippon_large_cap
2024-07-04,96.6688,nippon_large_cap
2024-07-03,96.3988,nippon_large_cap
2024-07-02,95.5824,nippon_large_cap
2024-07-01,95.6996,nippon_large_cap
2024-06-28,94.9416,nippon_large_cap
2024-06-27,95.1237,nippon_large_cap
2024-06-26,94.643,nippon_large_cap
2024-06-25,94.3814,nippon_large_cap
2024-06-24,93.7392,nippon_large_cap
2024-06-21,93.5537,nippon_large_cap
2024-06-20,93.8753,nippon_large_cap
2024-06-19,93.5849,nippon_large_cap
2024-06-18,93.803,nippon_large_cap
2024-06-14,93.6567,nippon_large_cap
2024-06-13,93.04,nippon_large_cap
2024-06-12,92.5612,nippon_large_cap
2024-06-11,92.1206,nippon_large_cap
2024-06-10,92.0097,nippon_large_cap
2024-06-07,91.8562,nippon_large_cap
2024-06-06,90.1267,nippon_large_cap
2024-06-05,89.1172,nippon_large_cap
2024-06-04,86.3042,nippon_large_cap
2024-06-03,92.4271,nippon_large_cap
2024-05-31,89.4481,nippon_large_cap
2024-05-30,88.9933,nippon_large_cap
2024-05-29,89.6503,nippon_large_cap
2024-05-28,90.4202,nippon_large_cap
2024-05-27,90.7877,nippon_large_cap
2024-05-24,90.914,nippon_large_cap
2024-05-23,90.9572,nippon_large_cap
2024-05-22,89.864,nippon_large_cap
2024-05-21,89.5067,nippon_large_cap
2024-05-17,89.1256,nippon_large_cap
2024-05-16,88.7259,nippon_large_cap
2024-05-15,87.8377,nippon_large_cap
2024-05-14,87.6274,nippon_large_cap
2024-05-13,87.174,nippon_large_cap
2024-05-10,86.9891,nippon_large_cap
2024-05-09,86.3547,nippon_large_cap
2024-05-08,87.904,nippon_large_cap
2024-05-07,87.7561,nippon_large_cap
2024-05-06,88.3316,nippon_large_cap
2024-05-03,88.739,nippon_large_cap
2024-05-02,89.3246,nippon_large_cap
2024-04-30,89.0926,nippon_large_cap
2024-04-29,89.083,nippon_large_cap
2024-04-26,88.1658,nippon_large_cap
2024-04-25,88.6125,nippon_large_cap
2024-04-24,87.7308,nippon_large_cap
2024-04-23,87.5655,nippon_large_cap
2024-04-22,87.4154,nippon_large_cap
2024-04-19,86.5741,nippon_large_cap
2024-04-18,85.9544,nippon_large_cap
2024-04-16,86.4844,nippon_large_cap
2024-04-15,86.7351,nippon_large_cap
2024-04-12,87.8748,nippon_large_cap
2024-04-10,88.6487,nippon_large_cap
2024-04-09,88.3609,nippon_large_cap
2024-04-08,88.4212,nippon_large_cap
2024-04-05,87.8656,nippon_large_cap
2024-04-04,87.5846,nippon_large_cap
2024-04-03,87.3591,nippon_large_cap
2024-04-02,87.1671,nippon_large_cap
2024-04-01,87.1447,nippon_large_cap
2024-03-31,86.2324,nippon_large_cap
2024-03-28,86.2356,nippon_large_cap
2024-03-27,85.4068,nippon_large_cap
2024-03-26,85.0202,nippon_large_cap
2024-03-22,84.8535,nippon_large_cap
2024-03-21,84.4561,nippon_large_cap
2024-03-20,83.3538,nippon_large_cap
2024-03-19,83.1639,nippon_large_cap
2024-03-18,83.9851,nippon_large_cap
2024-03-15,83.6902,nippon_large_cap
2024-03-14,84.0568,nippon_large_cap
2024-03-13,83.42,nippon_large_cap
2024-03-12,85.1058,nippon_large_cap
2024-03-11,85.4384,nippon_large_cap
2024-03-07,86.2429,nippon_large_cap
2024-03-06,85.81,nippon_large_cap
2024-03-05,85.8536,nippon_large_cap
2024-03-04,85.8389,nippon_large_cap
2024-03-01,85.3718,nippon_large_cap
2024-02-29,84.0569,nippon_large_cap
2024-02-28,83.6231,nippon_large_cap
2024-02-27,84.5543,nippon_large_cap
2024-02-26,84.4802,nippon_large_cap
2024-02-23,84.6745,nippon_large_cap
2024-02-22,84.4739,nippon_large_cap
2024-02-21,83.7597,nippon_large_cap
2024-02-20,84.0611,nippon_large_cap
2024-02-19,83.7003,nippon_large_cap
2024-02-16,83.5478,nippon_large_cap
2024-02-15,83.1557,nippon_large_cap
2024-02-14,82.8433,nippon_large_cap
2024-02-13,82.1878,nippon_large_cap
2024-02-12,81.6287,nippon_large_cap
2024-02-09,82.8752,nippon_large_cap
2024-02-08,82.5897,nippon_large_cap
2024-02-07,83.0313,nippon_large_cap
2024-02-06,82.272,nippon_large_cap
2024-02-05,81.5416,nippon_large_cap
2024-02-02,81.7841,nippon_large_cap
2024-02-01,81.3917,nippon_large_cap
2024-01-31,81.5148,nippon_large_cap
2024-01-30,80.7813,nippon_large_cap
2024-01-29,81.478,nippon_large_cap
2024-01-25,80.1233,nippon_large_cap
2024-01-24,80.3079,nippon_large_cap
2024-01-23,79.3097,nippon_large_cap
2024-01-19,81.0521,nippon_large_cap
2024-01-18,80.2485,nippon_large_cap
2024-01-17,80.4761,nippon_large_cap
2024-01-16,82.0535,nippon_large_cap
2024-01-15,82.2457,nippon_large_cap
2024-01-12,81.7745,nippon_large_cap
2024-01-11,81.1364,nippon_large_cap
2024-01-10,80.8502,nippon_large_cap
2024-01-09,80.6145,nippon_large_cap
2024-01-08,80.3728,nippon_large_cap
2024-01-05,81.059,nippon_large_cap
2024-01-04,80.9262,nippon_large_cap
2024-01-03,80.1318,nippon_large_cap
2024-01-02,80.3585,nippon_large_cap
2024-01-01,80.3877,nippon_large_cap
2023-12-29,80.2143,nippon_large_cap
2023-12-28,80.057,nippon_large_cap
2023-12-27,79.6145,nippon_large_cap
2023-12-26,78.9312,nippon_large_cap
2023-12-22,78.7363,nippon_large_cap
2023-12-21,78.4313,nippon_large_cap
2023-12-20,77.874,nippon_large_cap
2023-12-19,79.6031,nippon_large_cap
2023-12-18,79.4904,nippon_large_cap
2023-12-15,79.423,nippon_large_cap
2023-12-14,78.5552,nippon_large_cap
2023-12-13,77.7474,nippon_large_cap
2023-12-12,77.3349,nippon_large_cap
2023-12-11,77.584,nippon_large_cap
2023-12-08,77.2576,nippon_large_cap
2023-12-07,77.1094,nippon_large_cap
2023-12-06,76.7791,nippon_large_cap
2023-12-05,76.3652,nippon_large_cap
2023-12-04,76.0297,nippon_large_cap
2023-12-01,74.703,nippon_large_cap
2023-11-30,73.9678,nippon_large_cap
2023-11-29,73.7259,nippon_large_cap
2023-11-28,73.0792,nippon_large_cap
2023-11-24,72.6677,nippon_large_cap
2023-11-23,72.6659,nippon_large_cap
2023-11-22,72.6229,nippon_large_cap
2023-11-21,72.7049,nippon_large_cap
2023-11-20,72.4675,nippon_large_cap
2023-11-17,72.556,nippon_large_cap
2023-11-16,72.7496,nippon_large_cap
2023-11-15,72.4739,nippon_large_cap
2023-11-13,71.9087,nippon_large_cap
2023-11-10,71.6976,nippon_large_cap
2023-11-09,71.6223,nippon_large_cap
2023-11-08,71.8582,nippon_large_cap
2023-11-07,71.692,nippon_large_cap
2023-11-06,71.6717,nippon_large_cap
2023-11-03,70.9984,nippon_large_cap
2023-11-02,70.5127,nippon_large_cap
2023-11-01,69.8843,nippon_large_cap
2023-10-31,70.1022,nippon_large_cap
2023-10-30,70.2094,nippon_large_cap
2023-10-27,70.0343,nippon_large_cap
2023-10-26,69.2151,nippon_large_cap
2023-10-25,70.0111,nippon_large_cap
2023-10-23,70.5159,nippon_large_cap
2023-10-20,71.7026,nippon_large_cap
2023-10-19,72.2182,nippon_large_cap
2023-10-18,72.3949,nippon_large_cap
2023-10-17,73.0238,nippon_large_cap
2023-10-16,72.7253,nippon_large_cap
2023-10-13,72.6009,nippon_large_cap
2023-10-12,72.8206,nippon_large_cap
2023-10-11,72.6358,nippon_large_cap
2023-10-10,72.2501,nippon_large_cap
2023-10-09,71.523,nippon_large_cap
2023-10-06,72.2666,nippon_large_cap
2023-10-05,71.8691,nippon_large_cap
2023-10-04,71.4828,nippon_large_cap
2023-10-03,72.158,nippon_large_cap
2023-09-29,72.2725,nippon_large_cap
2023-09-27,72.2487,nippon_large_cap
2023-09-26,71.9923,nippon_large_cap
2023-09-25,71.8946,nippon_large_cap
2023-09-22,72.0196,nippon_large_cap
2023-09-21,72.0463,nippon_large_cap
2023-09-20,72.7731,nippon_large_cap
2023-09-18,73.4681,nippon_large_cap
2023-09-15,73.6158,nippon_large_cap
2023-09-14,73.3808,nippon_large_cap
2023-09-13,73.1441,nippon_large_cap
2023-09-12,73.0049,nippon_large_cap
2023-09-11,73.7256,nippon_large_cap
2023-09-08,73.1125,nippon_large_cap
2023-09-07,72.6174,nippon_large_cap
2023-09-06,72.046,nippon_large_cap
2023-09-05,71.8802,nippon_large_cap
2023-09-04,71.717,nippon_large_cap
2023-09-01,71.3664,nippon_large_cap
2023-08-31,70.7276,nippon_large_cap
2023-08-30,70.9019,nippon_large_cap
2023-08-29,70.6185,nippon_large_cap
2023-08-28,70.4455,nippon_large_cap
2023-08-25,70.2294,nippon_large_cap
2023-08-24,70.8594,nippon_large_cap
2023-08-23,70.942,nippon_large_cap
2023-08-22,70.5786,nippon_large_cap
2023-08-21,70.284,nippon_large_cap
2023-08-18,69.9331,nippon_large_cap
2023-08-17,70.0785,nippon_large_cap
2023-08-16,70.2973,nippon_large_cap
2023-08-14,70.11,nippon_large_cap
2023-08-11,70.33,nippon_large_cap
2023-08-10,70.5498,nippon_large_cap
2023-08-09,70.6852,nippon_large_cap
2023-08-08,70.2574,nippon_large_cap
2023-08-07,70.2492,nippon_large_cap
2023-08-04,70.0645,nippon_large_cap
2023-08-03,69.5471,nippon_large_cap
2023-08-02,69.9106,nippon_large_cap
2023-08-01,70.8398,nippon_large_cap
2023-07-31,70.8107,nippon_large_cap
2023-07-28,70.3768,nippon_large_cap
2023-07-27,70.1686,nippon_large_cap
2023-07-26,70.4141,nippon_large_cap
2023-07-25,70.1493,nippon_large_cap
2023-07-24,70.0057,nippon_large_cap
2023-07-21,70.0801,nippon_large_cap
2023-07-20,70.5303,nippon_large_cap
2023-07-19,70.0835,nippon_large_cap
2023-07-18,69.622,nippon_large_cap
2023-07-17,69.6452,nippon_large_cap
2023-07-14,69.1092,nippon_large_cap
2023-07-13,68.6128,nippon_large_cap
2023-07-12,68.7079,nippon_large_cap
2023-07-11,68.6673,nippon_large_cap
2023-07-10,68.2229,nippon_large_cap
2023-07-07,68.2028,nippon_large_cap
2023-07-06,68.5885,nippon_large_cap
2023-07-05,68.231,nippon_large_cap
2023-07-04,68.092,nippon_large_cap
2023-07-03,68.0211,nippon_large_cap
2023-06-30,67.5552,nippon_large_cap
2023-06-28,66.822,nippon_large_cap
2023-06-27,66.2575,nippon_large_cap
2023-06-26,65.7673,nippon_large_cap
2023-06-23,65.6157,nippon_large_cap
2023-06-22,66.0767,nippon_large_cap
2023-06-21,66.5774,nippon_large_cap
2023-06-20,66.528,nippon_large_cap
2023-06-19,66.2177,nippon_large_cap
2023-06-16,66.4095,nippon_large_cap
2023-06-15,65.8556,nippon_large_cap
2023-06-14,66.1179,nippon_large_cap
2023-06-13,66.0458,nippon_large_cap
2023-06-12,65.5378,nippon_large_cap
2023-06-09,65.3566,nippon_large_cap
2023-06-08,65.5102,nippon_large_cap
2023-06-07,65.8209,nippon_large_cap
2023-06-06,65.2544,nippon_large_cap
2023-06-05,65.1536,nippon_large_cap
2023-06-02,64.8709,nippon_large_cap
2023-06-01,64.62,nippon_large_cap
2023-05-31,64.6705,nippon_large_cap
2023-05-30,64.7799,nippon_large_cap
2023-05-29,64.536,nippon_large_cap
2023-05-26,64.2631,nippon_large_cap
2023-05-25,63.5885,nippon_large_cap
2023-05-24,63.3853,nippon_large_cap
2023-05-23,63.4799,nippon_large_cap
2023-05-22,63.4405,nippon_large_cap
2023-05-19,63.419,nippon_large_cap
2023-05-18,63.3171,nippon_large_cap
2023-05-17,63.3543,nippon_large_cap
2023-05-16,63.5284,nippon_large_cap
2023-05-15,63.6571,nippon_large_cap
2023-05-12,63.281,nippon_large_cap
2023-05-11,63.2204,nippon_large_cap
2023-05-10,63.1904,nippon_large_cap
2023-05-09,62.9979,nippon_large_cap
2023-05-08,63.0419,nippon_large_cap
2023-05-05,62.233,nippon_large_cap
2023-05-04,62.6908,nippon_large_cap
2023-05-03,62.1695,nippon_large_cap
2023-05-02,62.2082,nippon_large_cap
2023-04-28,61.8378,nippon_large_cap
2023-04-27,61.2076,nippon_large_cap
2023-04-26,60.8636,nippon_large_cap
2023-04-25,60.5932,nippon_large_cap
2023-04-24,60.4513,nippon_large_cap
2023-04-21,60.0348,nippon_large_cap
2023-04-20,60.0665,nippon_large_cap
2023-04-19,59.9873,nippon_large_cap
2023-04-18,60.0999,nippon_large_cap
2023-04-17,60.1619,nippon_large_cap
2023-04-13,60.3609,nippon_large_cap
2023-04-12,60.3205,nippon_large_cap
2023-04-11,60.0753,nippon_large_cap
2023-04-10,59.9027,nippon_large_cap
2023-04-06,59.8319,nippon_large_cap
2023-04-05,59.6706,nippon_large_cap
2023-04-03,59.1936,nippon_large_cap
2023-03-31,59.0553,nippon_large_cap
2023-03-29,58.1541,nippon_large_cap
2023-03-28,57.6287,nippon_large_cap
2023-03-27,57.7058,nippon_large_cap
2023-03-24,57.7885,nippon_large_cap
2023-03-23,58.2979,nippon_large_cap
2023-03-22,58.5299,nippon_large_cap
2023-03-21,58.3986,nippon_large_cap
2023-03-20,57.9134,nippon_large_cap
2023-03-17,58.3714,nippon_large_cap
2023-03-16,58.0008,nippon_large_cap
2023-03-15,57.9036,nippon_large_cap
2023-03-14,58.1564,nippon_large_cap
2023-03-13,58.4031,nippon_large_cap
2023-03-10,59.342,nippon_large_cap
2023-03-09,59.8804,nippon_large_cap
2023-03-08,60.262,nippon_large_cap
2023-03-06,59.9573,nippon_large_cap
2023-03-03,59.6132,nippon_large_cap
2023-03-02,58.8032,nippon_large_cap
2023-03-01,59.1352,nippon_large_cap
2023-02-28,58.6303,nippon_large_cap
2023-02-27,58.8267,nippon_large_cap
2023-02-24,59.1105,nippon_large_cap
2023-02-23,59.3036,nippon_large_cap
2023-02-22,59.2641,nippon_large_cap
2023-02-21,60.1318,nippon_large_cap
2023-02-20,60.1557,nippon_large_cap
2023-02-17,60.3654,nippon_large_cap
2023-02-16,60.6047,nippon_large_cap
2023-02-15,60.5621,nippon_large_cap
2023-02-14,60.3002,nippon_large_cap
2023-02-13,59.9403,nippon_large_cap
2023-02-10,60.2259,nippon_large_cap
2023-02-09,60.2739,nippon_large_cap
2023-02-08,60.1886,nippon_large_cap
2023-02-07,59.7885,nippon_large_cap
2023-02-06,59.9718,nippon_large_cap
2023-02-03,60.0787,nippon_large_cap
2023-02-02,59.4591,nippon_large_cap
2023-02-01,59.4179,nippon_large_cap
2023-01-31,59.33,nippon_large_cap
2023-01-30,58.9542,nippon_large_cap
2023-01-27,58.8704,nippon_large_cap
2023-01-25,59.7049,nippon_large_cap
2023-01-24,60.6472,nippon_large_cap
2023-01-23,60.6805,nippon_large_cap
2023-01-20,60.3714,nippon_large_cap
2023-01-19,60.5459,nippon_large_cap
2023-01-18,60.5831,nippon_large_cap
2023-01-17,60.2145,nippon_large_cap
2023-01-16,59.8648,nippon_large_cap
2023-01-13,60.0927,nippon_large_cap
2023-01-12,59.9049,nippon_large_cap
2023-01-11,59.9785,nippon_large_cap
2023-01-10,59.9286,nippon_large_cap
2023-01-09,60.3555,nippon_large_cap
2023-01-06,59.6299,nippon_large_cap
2023-01-05,59.9027,nippon_large_cap
2023-01-04,59.942,nippon_large_cap
2023-01-03,60.6308,nippon_large_cap
2023-01-02,60.5329,nippon_large_cap
2022-12-30,60.2066,nippon_large_cap
2022-12-29,60.3423,nippon_large_cap
2022-12-28,60.2411,nippon_large_cap
2022-12-27,60.1591,nippon_large_cap
2022-12-26,59.7394,nippon_large_cap
2022-12-23,58.7086,nippon_large_cap
2022-12-22,59.9458,nippon_large_cap
2022-12-21,60.3715,nippon_large_cap
2022-12-20,61.1708,nippon_large_cap
2022-12-19,61.3839,nippon_large_cap
2022-12-16,60.9743,nippon_large_cap
2022-12-15,61.5309,nippon_large_cap
2022-12-14,62.2139,nippon_large_cap
2022-12-13,61.9566,nippon_large_cap
2022-12-12,61.7656,nippon_large_cap
2022-12-09,61.5993,nippon_large_cap
2022-12-08,61.965,nippon_large_cap
2022-12-07,61.6493,nippon_large_cap
2022-12-06,61.7369,nippon_large_cap
2022-12-05,61.9412,nippon_large_cap
2022-12-02,61.9567,nippon_large_cap
2022-12-01,62.1939,nippon_large_cap
2022-11-30,62.0074,nippon_large_cap
2022-11-29,61.5472,nippon_large_cap
2022-11-28,61.4737,nippon_large_cap
2022-11-25,61.3614,nippon_large_cap
2022-11-24,61.0913,nippon_large_cap
2022-11-23,60.3964,nippon_large_cap
2022-11-22,60.2946,nippon_large_cap
2022-11-21,60.0089,nippon_large_cap
2022-11-18,60.4063,nippon_large_cap
2022-11-17,60.6965,nippon_large_cap
2022-11-16,60.9049,nippon_large_cap
2022-11-15,60.9913,nippon_large_cap
2022-11-14,60.8177,nippon_large_cap
2022-11-11,61.031,nippon_large_cap
2022-11-10,60.1695,nippon_large_cap
2022-11-09,60.6581,nippon_large_cap
2022-11-07,60.7799,nippon_large_cap
2022-11-04,60.3565,nippon_large_cap
2022-11-03,60.3416,nippon_large_cap
2022-11-02,60.4681,nippon_large_cap
2022-11-01,60.4832,nippon_large_cap
2022-10-31,60.0929,nippon_large_cap
2022-10-28,59.3351,nippon_large_cap
2022-10-27,59.4758,nippon_large_cap
2022-10-25,59.1957,nippon_large_cap
2022-10-21,58.7779,nippon_large_cap
2022-10-20,58.9149,nippon_large_cap
2022-10-19,58.8804,nippon_large_cap
2022-10-18,58.7943,nippon_large_cap
2022-10-17,58.0779,nippon_large_cap
2022-10-14,57.6903,nippon_large_cap
2022-10-13,57.3017,nippon_large_cap
2022-10-12,57.76,nippon_large_cap
2022-10-11,57.2407,nippon_large_cap
2022-10-10,58.0159,nippon_large_cap
2022-10-07,58.3747,nippon_large_cap
2022-10-06,58.4078,nippon_large_cap
2022-10-04,58.0773,nippon_large_cap
2022-10-03,56.8006,nippon_large_cap
2022-09-30,57.2955,nippon_large_cap
2022-09-29,56.3687,nippon_large_cap
2022-09-28,56.3003,nippon_large_cap
2022-09-27,56.8673,nippon_large_cap
2022-09-26,56.7917,nippon_large_cap
2022-09-23,58.0424,nippon_large_cap
2022-09-22,59.0847,nippon_large_cap
2022-09-21,59.3053,nippon_large_cap
2022-09-20,59.4954,nippon_large_cap
2022-09-19,58.8468,nippon_large_cap
2022-09-16,58.5408,nippon_large_cap
2022-09-15,59.8214,nippon_large_cap
2022-09-14,59.9678,nippon_large_cap
2022-09-13,60.0168,nippon_large_cap
2022-09-12,59.5275,nippon_large_cap
2022-09-09,59.2261,nippon_large_cap
2022-09-08,59.143,nippon_large_cap
2022-09-07,58.716,nippon_large_cap
2022-09-06,58.7072,nippon_large_cap
2022-09-05,58.8258,nippon_large_cap
2022-09-02,58.3472,nippon_large_cap
2022-09-01,58.1166,nippon_large_cap
2022-08-30,58.3873,nippon_large_cap
2022-08-29,57.0299,nippon_large_cap
2022-08-26,57.835,nippon_large_cap
2022-08-25,57.6711,nippon_large_cap
2022-08-24,57.8701,nippon_large_cap
2022-08-23,57.6726,nippon_large_cap
2022-08-22,57.305,nippon_large_cap
2022-08-19,58.113,nippon_large_cap
2022-08-18,58.8693,nippon_large_cap
2022-08-17,58.8383,nippon_large_cap
2022-08-16,58.4553,nippon_large_cap
2022-08-12,57.8835,nippon_large_cap
2022-08-11,57.7547,nippon_large_cap
2022-08-10,57.141,nippon_large_cap
2022-08-08,57.1191,nippon_large_cap
2022-08-05,56.6969,nippon_large_cap
2022-08-04,56.6734,nippon_large_cap
2022-08-03,56.7417,nippon_large_cap
2022-08-02,56.7489,nippon_large_cap
2022-08-01,56.694,nippon_large_cap
2022-07-29,56.0689,nippon_large_cap
2022-07-28,55.5448,nippon_large_cap
2022-07-27,54.7223,nippon_large_cap
2022-07-26,54.1738,nippon_large_cap
2022-07-25,54.6553,nippon_large_cap
2022-07-22,54.701,nippon_large_cap
2022-07-21,54.4328,nippon_large_cap
2022-07-20,53.9525,nippon_large_cap
2022-07-19,53.3869,nippon_large_cap
2022-07-18,53.1627,nippon_large_cap
2022-07-15,52.456,nippon_large_cap
2022-07-14,52.1586,nippon_large_cap
2022-07-13,52.3834,nippon_large_cap
2022-07-12,52.5995,nippon_large_cap
2022-07-11,53.1047,nippon_large_cap
2022-07-08,53.0855,nippon_large_cap
2022-07-07,52.812,nippon_large_cap
2022-07-06,52.1807,nippon_large_cap
2022-07-05,51.558,nippon_large_cap
2022-07-04,51.5891,nippon_large_cap
2022-07-01,51.062,nippon_large_cap
2022-06-30,50.8161,nippon_large_cap
2022-06-29,50.9696,nippon_large_cap
2022-06-28,51.1004,nippon_large_cap
2022-06-27,50.894,nippon_large_cap
2022-06-24,50.3956,nippon_large_cap
2022-06-23,49.9249,nippon_large_cap
2022-06-22,49.3373,nippon_large_cap
2022-06-21,50.0441,nippon_large_cap
2022-06-20,48.831,nippon_large_cap
2022-06-17,48.8704,nippon_large_cap
2022-06-16,49.0656,nippon_large_cap
2022-06-15,50.1985,nippon_large_cap
2022-06-14,50.1911,nippon_large_cap
2022-06-13,50.2444,nippon_large_cap
2022-06-10,51.6231,nippon_large_cap
2022-06-09,52.3177,nippon_large_cap
2022-06-08,52.1342,nippon_large_cap
2022-06-07,52.1924,nippon_large_cap
2022-06-06,52.5736,nippon_large_cap
2022-06-03,52.7132,nippon_large_cap
2022-06-02,53.0168,nippon_large_cap
2022-06-01,52.8958,nippon_large_cap
2022-05-31,52.9128,nippon_large_cap
2022-05-30,52.9636,nippon_large_cap
2022-05-27,51.8461,nippon_large_cap
2022-05-26,51.1683,nippon_large_cap
2022-05-25,50.6071,nippon_large_cap
2022-05-24,51.0128,nippon_large_cap
2022-05-23,51.2103,nippon_large_cap
2022-05-20,51.3877,nippon_large_cap
2022-05-19,50.0608,nippon_large_cap
2022-05-18,51.348,nippon_large_cap
2022-05-17,51.6228,nippon_large_cap
2022-05-16,50.3452,nippon_large_cap
2022-05-13,50.0751,nippon_large_cap
2022-05-12,50.2057,nippon_large_cap
2022-05-11,51.1851,nippon_large_cap
2022-05-10,51.4411,nippon_large_cap
2022-05-09,51.7456,nippon_large_cap
2022-05-06,52.1522,nippon_large_cap
2022-05-05,52.8648,nippon_large_cap
2022-05-04,52.716,nippon_large_cap
2022-05-02,53.9804,nippon_large_cap
2022-04-29,54.0345,nippon_large_cap
2022-04-28,54.449,nippon_large_cap
2022-04-27,53.7566,nippon_large_cap
2022-04-26,54.1408,nippon_large_cap
2022-04-25,53.4328,nippon_large_cap
2022-04-22,54.2467,nippon_large_cap
2022-04-21,54.8144,nippon_large_cap
2022-04-20,54.1133,nippon_large_cap
2022-04-19,53.9044,nippon_large_cap
2022-04-18,54.7058,nippon_large_cap
2022-04-13,55.633,nippon_large_cap
2022-04-12,55.6751,nippon_large_cap
2022-04-11,56.2116,nippon_large_cap
2022-04-08,56.5618,nippon_large_cap
2022-04-07,56.1015,nippon_large_cap
2022-04-06,56.4694,nippon_large_cap
2022-04-05,56.5848,nippon_large_cap
2022-04-04,56.8326,nippon_large_cap
2022-04-01,55.7151,nippon_large_cap
2022-03-31,54.959,nippon_large_cap
2022-03-30,55.0212,nippon_large_cap
2022-03-29,54.5227,nippon_large_cap
2022-03-28,54.1012,nippon_large_cap
2022-03-25,53.8267,nippon_large_cap
2022-03-24,53.9304,nippon_large_cap
2022-03-23,53.9523,nippon_large_cap
2022-03-22,53.9773,nippon_large_cap
2022-03-21,53.3653,nippon_large_cap
2022-03-17,53.9074,nippon_large_cap
2022-03-16,53.1544,nippon_large_cap
2022-03-15,52.1763,nippon_large_cap
2022-03-14,52.6659,nippon_large_cap
2022-03-11,51.9161,nippon_large_cap
2022-03-10,51.7675,nippon_large_cap
2022-03-09,51.1626,nippon_large_cap
2022-03-08,50.1075,nippon_large_cap
2022-03-07,49.4198,nippon_large_cap
2022-03-04,50.5231,nippon_large_cap
2022-03-03,51.257,nippon_large_cap
2022-03-02,51.4979,nippon_large_cap
2022-02-28,52.1261,nippon_large_cap
2022-02-25,51.9245,nippon_large_cap
2022-02-24,50.5103,nippon_large_cap
2022-02-23,53.1129,nippon_large_cap
2022-02-22,53.1845,nippon_large_cap
2022-02-21,53.7433,nippon_large_cap
2022-02-18,53.9536,nippon_large_cap
2022-02-17,54.0568,nippon_large_cap
2022-02-16,54.128,nippon_large_cap
2022-02-15,54.2458,nippon_large_cap
2022-02-14,52.6686,nippon_large_cap
2022-02-11,54.5917,nippon_large_cap
2022-02-10,55.4149,nippon_large_cap
2022-02-09,55.0412,nippon_large_cap
2022-02-08,54.5086,nippon_large_cap
2022-02-07,54.5047,nippon_large_cap
2022-02-04,55.2995,nippon_large_cap
2022-02-03,55.544,nippon_large_cap
2022-02-02,56.0001,nippon_large_cap
2022-02-01,55.3735,nippon_large_cap
2022-01-31,54.7458,nippon_large_cap
2022-01-28,53.7749,nippon_large_cap
2022-01-27,53.7011,nippon_large_cap
2022-01-25,54.0577,nippon_large_cap
2022-01-24,53.1466,nippon_large_cap
2022-01-21,54.656,nippon_large_cap
2022-01-20,55.2412,nippon_large_cap
2022-01-19,55.6133,nippon_large_cap
2022-01-18,55.9155,nippon_large_cap
2022-01-17,56.5581,nippon_large_cap
2022-01-14,56.628,nippon_large_cap
2022-01-13,56.5521,nippon_large_cap
2022-01-12,56.42,nippon_large_cap
2022-01-11,55.7781,nippon_large_cap
2022-01-10,55.5418,nippon_large_cap
2022-01-07,54.8875,nippon_large_cap
2022-01-06,54.8331,nippon_large_cap
2022-01-05,55.148,nippon_large_cap
2022-01-04,54.9154,nippon_large_cap
2022-01-03,54.3991,nippon_large_cap
2021-12-31,53.6105,nippon_large_cap
2021-12-30,53.1015,nippon_large_cap
2021-12-29,53.1347,nippon_large_cap
2021-12-28,53.2426,nippon_large_cap
2021-12-27,52.7089,nippon_large_cap
2021-12-24,52.588,nippon_large_cap
2021-12-23,52.8344,nippon_large_cap
2021-12-22,52.5914,nippon_large_cap
2021-12-21,51.9621,nippon_large_cap
2021-12-20,51.4184,nippon_large_cap
2021-12-17,52.7535,nippon_large_cap
2021-12-16,53.6826,nippon_large_cap
2021-12-15,53.8186,nippon_large_cap
2021-12-14,54.1071,nippon_large_cap
2021-12-13,54.2816,nippon_large_cap
2021-12-10,54.5616,nippon_large_cap
2021-12-09,54.5585,nippon_large_cap
2021-12-08,54.3811,nippon_large_cap
2021-12-07,53.4281,nippon_large_cap
2021-12-06,52.5657,nippon_large_cap
2021-12-03,53.399,nippon_large_cap
2021-12-02,53.7638,nippon_large_cap
2021-12-01,53.2262,nippon_large_cap
2021-11-30,52.6169,nippon_large_cap
2021-11-29,52.7408,nippon_large_cap
2021-11-26,52.9581,nippon_large_cap
2021-11-25,54.8638,nippon_large_cap
2021-11-24,54.5854,nippon_large_cap
2021-11-23,54.7064,nippon_large_cap
2021-11-22,54.0495,nippon_large_cap
2021-11-18,55.1957,nippon_large_cap
2021-11-17,55.7898,nippon_large_cap
2021-11-16,56.0445,nippon_large_cap
2021-11-15,56.5221,nippon_large_cap
2021-11-12,56.6546,nippon_large_cap
2021-11-11,56.0398,nippon_large_cap
2021-11-10,56.4731,nippon_large_cap
2021-11-09,56.5542,nippon_large_cap
2021-11-08,56.3817,nippon_large_cap
2021-11-03,55.5728,nippon_large_cap
2021-11-02,55.7095,nippon_large_cap
2021-11-01,55.6464,nippon_large_cap
2021-10-29,54.5479,nippon_large_cap
2021-10-28,55.0676,nippon_large_cap
2021-10-27,56.1918,nippon_large_cap
2021-10-26,56.315,nippon_large_cap
2021-10-25,55.9012,nippon_large_cap
2021-10-22,55.9366,nippon_large_cap
2021-10-21,56.2027,nippon_large_cap
2021-10-20,56.3476,nippon_large_cap
2021-10-19,56.4937,nippon_large_cap
2021-10-18,57.047,nippon_large_cap
2021-10-14,56.8622,nippon_large_cap
2021-10-13,56.2755,nippon_large_cap
2021-10-12,55.7014,nippon_large_cap
2021-10-11,55.6508,nippon_large_cap
2021-10-08,55.3313,nippon_large_cap
2021-10-07,55.1058,nippon_large_cap
2021-10-06,54.5693,nippon_large_cap
2021-10-05,55.2462,nippon_large_cap
2021-10-04,54.7566,nippon_large_cap
2021-10-01,53.9989,nippon_large_cap
2021-09-30,54.23,nippon_large_cap
2021-09-29,54.349,nippon_large_cap
2021-09-28,54.1376,nippon_large_cap
2021-09-27,54.5839,nippon_large_cap
2021-09-24,54.4681,nippon_large_cap
2021-09-23,54.5914,nippon_large_cap
2021-09-22,53.8415,nippon_large_cap
2021-09-21,53.5857,nippon_large_cap
2021-09-20,53.1463,nippon_large_cap
2021-09-17,53.7179,nippon_large_cap
2021-09-16,54.0656,nippon_large_cap
2021-09-15,53.7101,nippon_large_cap
2021-09-14,53.0232,nippon_large_cap
2021-09-13,52.8952,nippon_large_cap
2021-09-09,52.9306,nippon_large_cap
2021-09-08,52.6958,nippon_large_cap
2021-09-07,52.6217,nippon_large_cap
2021-09-06,52.6746,nippon_large_cap
2021-09-03,52.6263,nippon_large_cap
2021-09-02,52.4957,nippon_large_cap
2021-09-01,52.0683,nippon_large_cap
2021-08-31,52.0816,nippon_large_cap
2021-08-30,51.4278,nippon_large_cap
2021-08-27,50.6595,nippon_large_cap
2021-08-26,50.3502,nippon_large_cap
2021-08-25,50.3978,nippon_large_cap
2021-08-24,50.2808,nippon_large_cap
2021-08-23,49.833,nippon_large_cap
2021-08-20,49.6961,nippon_large_cap
2021-08-18,50.3397,nippon_large_cap
2021-08-17,50.5074,nippon_large_cap
2021-08-16,50.5176,nippon_large_cap
2021-08-13,50.4598,nippon_large_cap
2021-08-12,49.9821,nippon_large_cap
2021-08-11,49.6093,nippon_large_cap
2021-08-10,49.4644,nippon_large_cap
2021-08-09,49.5266,nippon_large_cap
2021-08-06,49.6375,nippon_large_cap
2021-08-05,49.8586,nippon_large_cap
2021-08-04,49.7887,nippon_large_cap
2021-08-03,49.5836,nippon_large_cap
2021-08-02,48.8843,nippon_large_cap
2021-07-30,48.6392,nippon_large_cap
2021-07-29,48.6844,nippon_large_cap
2021-07-28,48.2816,nippon_large_cap
2021-07-27,48.2348,nippon_large_cap
2021-07-26,48.3377,nippon_large_cap
2021-07-23,48.2621,nippon_large_cap
2021-07-22,48.0885,nippon_large_cap
2021-07-20,47.511,nippon_large_cap
2021-07-19,48.1744,nippon_large_cap
2021-07-16,48.5607,nippon_large_cap
2021-07-15,48.5473,nippon_large_cap
2021-07-14,48.3071,nippon_large_cap
2021-07-13,48.1585,nippon_large_cap
2021-07-12,47.7575,nippon_large_cap
2021-07-09,47.7858,nippon_large_cap
2021-07-08,47.8442,nippon_large_cap
2021-07-07,48.2858,nippon_large_cap
2021-07-06,47.9985,nippon_large_cap
2021-07-05,48.087,nippon_large_cap
2021-07-02,47.6878,nippon_large_cap
2021-07-01,47.5235,nippon_large_cap
2021-06-30,47.6383,nippon_large_cap
2021-06-29,47.7099,nippon_large_cap
2021-06-28,47.8369,nippon_large_cap
2021-06-25,47.9971,nippon_large_cap
2021-06-24,47.5491,nippon_large_cap
2021-06-23,47.2607,nippon_large_cap
2021-06-22,47.559,nippon_large_cap
2021-06-21,47.4709,nippon_large_cap
2021-06-18,47.1973,nippon_large_cap
2021-06-17,47.3949,nippon_large_cap
2021-06-16,47.7256,nippon_large_cap
2021-06-15,47.9897,nippon_large_cap
2021-06-14,47.8037,nippon_large_cap
2021-06-11,47.7655,nippon_large_cap
2021-06-10,47.6711,nippon_large_cap
2021-06-09,47.2611,nippon_large_cap
2021-06-08,47.4981,nippon_large_cap
2021-06-07,47.5131,nippon_large_cap
2021-06-04,47.254,nippon_large_cap
2021-06-03,47.2687,nippon_large_cap
2021-06-02,47.0119,nippon_large_cap
2021-06-01,46.8615,nippon_large_cap
2021-05-31,46.904,nippon_large_cap
2021-05-28,46.3905,nippon_large_cap
2021-05-27,46.2878,nippon_large_cap
2021-05-26,46.1005,nippon_large_cap
2021-05-25,45.9345,nippon_large_cap
2021-05-24,45.8781,nippon_large_cap
2021-05-21,45.6285,nippon_large_cap
2021-05-20,44.7848,nippon_large_cap
2021-05-19,45.0959,nippon_large_cap
2021-05-18,45.1787,nippon_large_cap
2021-05-17,44.7797,nippon_large_cap
2021-05-14,44.0648,nippon_large_cap
2021-05-12,44.3089,nippon_large_cap
2021-05-11,44.6715,nippon_large_cap
2021-05-10,44.6395,nippon_large_cap
2021-05-07,44.2139,nippon_large_cap
2021-05-06,43.8458,nippon_large_cap
2021-05-05,43.5666,nippon_large_cap
2021-05-04,43.1654,nippon_large_cap
2021-05-03,43.5025,nippon_large_cap
2021-04-30,43.37,nippon_large_cap
2021-04-29,43.8801,nippon_large_cap
2021-04-28,43.9291,nippon_large_cap
2021-04-27,43.3506,nippon_large_cap
2021-04-26,42.7973,nippon_large_cap
2021-04-23,42.3659,nippon_large_cap
2021-04-22,42.4038,nippon_large_cap
2021-04-20,42.0253,nippon_large_cap
2021-04-19,42.0838,nippon_large_cap
2021-04-16,42.8801,nippon_large_cap
2021-04-15,42.7598,nippon_large_cap
2021-04-13,42.5952,nippon_large_cap
2021-04-12,41.9881,nippon_large_cap
2021-04-09,43.8531,nippon_large_cap
2021-04-08,44.0046,nippon_large_cap
2021-04-07,43.9786,nippon_large_cap
2021-04-06,43.5747,nippon_large_cap
2021-04-05,43.5112,nippon_large_cap
2021-04-01,44.237,nippon_large_cap
2021-03-31,43.5807,nippon_large_cap
2021-03-30,43.7782,nippon_large_cap
2021-03-26,42.9967,nippon_large_cap
2021-03-25,42.3903,nippon_large_cap
2021-03-24,43.0084,nippon_large_cap
2021-03-23,43.9431,nippon_large_cap
2021-03-22,43.7908,nippon_large_cap
2021-03-19,43.7629,nippon_large_cap
2021-03-18,43.282,nippon_large_cap
2021-03-17,43.876,nippon_large_cap
2021-03-16,44.6818,nippon_large_cap
2021-03-15,44.7914,nippon_large_cap
2021-03-12,44.9961,nippon_large_cap
2021-03-10,45.4237,nippon_large_cap
2021-03-09,45.1929,nippon_large_cap
2021-03-08,45.2591,nippon_large_cap
2021-03-05,44.8532,nippon_large_cap
2021-03-04,45.564,nippon_large_cap
2021-03-03,46.0063,nippon_large_cap
2021-03-02,45.1308,nippon_large_cap
2021-03-01,44.6362,nippon_large_cap
2021-02-26,44.1192,nippon_large_cap
2021-02-25,45.4713,nippon_large_cap
2021-02-24,44.9125,nippon_large_cap
2021-02-23,44.0671,nippon_large_cap
2021-02-22,43.7422,nippon_large_cap
2021-02-19,44.6158,nippon_large_cap
2021-02-18,45.2545,nippon_large_cap
2021-02-17,45.1552,nippon_large_cap
2021-02-16,45.0736,nippon_large_cap
2021-02-15,45.1394,nippon_large_cap
2021-02-12,44.6208,nippon_large_cap
2021-02-11,44.7129,nippon_large_cap
2021-02-10,44.5049,nippon_large_cap
2021-02-09,44.5908,nippon_large_cap
2021-02-08,44.6087,nippon_large_cap
2021-02-05,44.0117,nippon_large_cap
2021-02-04,43.7496,nippon_large_cap
2021-02-03,43.3242,nippon_large_cap
2021-02-02,42.8596,nippon_large_cap
2021-02-01,41.8157,nippon_large_cap
2021-01-29,39.9285,nippon_large_cap
2021-01-28,40.3096,nippon_large_cap
2021-01-27,40.5252,nippon_large_cap
2021-01-25,41.3069,nippon_large_cap
2021-01-22,41.7735,nippon_large_cap
2021-01-21,42.3683,nippon_large_cap
2021-01-20,42.6989,nippon_large_cap
2021-01-19,42.3529,nippon_large_cap
2021-01-18,41.7673,nippon_large_cap
2021-01-15,42.3289,nippon_large_cap
2021-01-14,42.7469,nippon_large_cap
2021-01-13,42.6892,nippon_large_cap
2021-01-12,42.3527,nippon_large_cap
2021-01-11,41.9657,nippon_large_cap
2021-01-08,41.6488,nippon_large_cap
2021-01-07,41.2561,nippon_large_cap
2021-01-06,41.0522,nippon_large_cap
2021-01-05,41.091,nippon_large_cap
2021-01-04,40.9828,nippon_large_cap
2021-01-01,40.4005,nippon_large_cap
2020-12-31,40.1811,nippon_large_cap
2020-12-30,40.141,nippon_large_cap
2020-12-29,40.0964,nippon_large_cap
2020-12-28,39.9554,nippon_large_cap
2020-12-24,39.6489,nippon_large_cap
2020-12-23,39.1941,nippon_large_cap
2020-12-22,38.529,nippon_large_cap
2020-12-21,38.0794,nippon_large_cap
2020-12-18,39.6981,nippon_large_cap
2020-12-17,39.6127,nippon_large_cap
2020-12-16,39.5649,nippon_large_cap
2020-12-15,39.2438,nippon_large_cap
2020-12-14,39.3381,nippon_large_cap
2020-12-11,39.0473,nippon_large_cap
2020-12-10,38.8646,nippon_large_cap
2020-12-09,39.0437,nippon_large_cap
2020-12-08,38.7901,nippon_large_cap
2020-12-07,38.7575,nippon_large_cap
2020-12-04,38.245,nippon_large_cap
2020-12-03,37.821,nippon_large_cap
2020-12-02,37.5432,nippon_large_cap
2020-12-01,37.3095,nippon_large_cap
2020-11-27,36.7874,nippon_large_cap
2020-11-26,36.8286,nippon_large_cap
2020-11-25,36.3933,nippon_large_cap
2020-11-24,36.9157,nippon_large_cap
2020-11-23,36.5889,nippon_large_cap
2020-11-20,36.5221,nippon_large_cap
2020-11-19,36.3504,nippon_large_cap
2020-11-18,36.8277,nippon_large_cap
2020-11-17,36.5781,nippon_large_cap
2020-11-13,35.9169,nippon_large_cap
2020-11-12,35.7895,nippon_large_cap
2020-11-11,35.9428,nippon_large_cap
2020-11-10,35.5366,nippon_large_cap
2020-11-09,34.9766,nippon_large_cap
2020-11-06,34.3419,nippon_large_cap
2020-11-05,34.062,nippon_large_cap
2020-11-04,33.3429,nippon_large_cap
2020-11-03,33.1525,nippon_large_cap
2020-11-02,32.7807,nippon_large_cap
2020-10-30,32.4778,nippon_large_cap
2020-10-29,32.5079,nippon_large_cap
2020-10-28,32.7227,nippon_large_cap
2020-10-27,33.1139,nippon_large_cap
2020-10-26,32.9727,nippon_large_cap
2020-10-23,33.5848,nippon_large_cap
2020-10-22,33.3529,nippon_large_cap
2020-10-21,33.2768,nippon_large_cap
2020-10-20,33.0023,nippon_large_cap
2020-10-19,32.9438,nippon_large_cap
2020-10-16,32.5203,nippon_large_cap
2020-10-15,32.1632,nippon_large_cap
2020-10-14,32.938,nippon_large_cap
2020-10-13,32.9097,nippon_large_cap
2020-10-12,32.9711,nippon_large_cap
2020-10-09,33.0317,nippon_large_cap
2020-10-08,32.7154,nippon_large_cap
2020-10-07,32.5833,nippon_large_cap
2020-10-06,32.6001,nippon_large_cap
2020-10-05,32.3962,nippon_large_cap
2020-10-01,32.1394,nippon_large_cap
2020-09-30,31.7045,nippon_large_cap
2020-09-29,31.8695,nippon_large_cap
2020-09-28,32.1213,nippon_large_cap
2020-09-25,31.5077,nippon_large_cap
2020-09-24,30.6627,nippon_large_cap
2020-09-23,31.6872,nippon_large_cap
2020-09-22,31.9912,nippon_large_cap
2020-09-21,32.2026,nippon_large_cap
2020-09-18,33.1958,nippon_large_cap
2020-09-17,33.2161,nippon_large_cap
2020-09-16,33.4909,nippon_large_cap
2020-09-15,33.4069,nippon_large_cap
2020-09-14,33.136,nippon_large_cap
2020-09-11,32.9639,nippon_large_cap
2020-09-10,32.9323,nippon_large_cap
2020-09-09,32.5343,nippon_large_cap
2020-09-08,32.8204,nippon_large_cap
2020-09-07,33.2136,nippon_large_cap
2020-09-04,33.208,nippon_large_cap
2020-09-03,33.9705,nippon_large_cap
2020-09-02,34.0984,nippon_large_cap
2020-09-01,33.8474,nippon_large_cap
2020-08-31,33.6171,nippon_large_cap
2020-08-28,34.6885,nippon_large_cap
2020-08-27,34.3118,nippon_large_cap
2020-08-26,34.2236,nippon_large_cap
2020-08-25,34.0593,nippon_large_cap
2020-08-24,33.9332,nippon_large_cap
2020-08-21,33.7538,nippon_large_cap
2020-08-20,33.4968,nippon_large_cap
2020-08-19,33.4298,nippon_large_cap
2020-08-18,33.2615,nippon_large_cap
2020-08-17,32.8813,nippon_large_cap
2020-08-14,32.7296,nippon_large_cap
2020-08-13,33.1484,nippon_large_cap
2020-08-12,32.8053,nippon_large_cap
2020-08-11,32.6573,nippon_large_cap
2020-08-10,32.4045,nippon_large_cap
2020-08-07,31.9881,nippon_large_cap
2020-08-06,31.8681,nippon_large_cap
2020-08-05,31.6211,nippon_large_cap
2020-08-04,31.5038,nippon_large_cap
2020-08-03,31.1644,nippon_large_cap
2020-07-31,31.3942,nippon_large_cap
2020-07-30,31.3484,nippon_large_cap
2020-07-29,31.7587,nippon_large_cap
2020-07-28,31.8804,nippon_large_cap
2020-07-27,31.6541,nippon_large_cap
2020-07-24,31.9681,nippon_large_cap
2020-07-23,32.2036,nippon_large_cap
2020-07-22,31.9028,nippon_large_cap
2020-07-21,31.9174,nippon_large_cap
2020-07-20,31.5268,nippon_large_cap
2020-07-17,31.2684,nippon_large_cap
2020-07-16,30.7245,nippon_large_cap
2020-07-15,30.3927,nippon_large_cap
2020-07-14,30.5009,nippon_large_cap
2020-07-13,31.0347,nippon_large_cap
2020-07-10,30.9371,nippon_large_cap
2020-07-09,31.1314,nippon_large_cap
2020-07-08,30.9103,nippon_large_cap
2020-07-07,31.0631,nippon_large_cap
2020-07-06,31.0298,nippon_large_cap
2020-07-03,30.6066,nippon_large_cap
2020-07-02,30.4217,nippon_large_cap
2020-07-01,30.1676,nippon_large_cap
2020-06-30,29.7608,nippon_large_cap
2020-06-29,29.8369,nippon_large_cap
2020-06-26,30.3769,nippon_large_cap
2020-06-25,30.1346,nippon_large_cap
2020-06-24,30.127,nippon_large_cap
2020-06-23,30.7012,nippon_large_cap
2020-06-22,30.2699,nippon_large_cap
2020-06-19,29.8342,nippon_large_cap
2020-06-18,29.3334,nippon_large_cap
2020-06-17,28.7239,nippon_large_cap
2020-06-16,28.7353,nippon_large_cap
2020-06-15,28.7242,nippon_large_cap
2020-06-12,29.2344,nippon_large_cap
2020-06-11,29.0615,nippon_large_cap
2020-06-10,29.7963,nippon_large_cap
2020-06-09,29.7598,nippon_large_cap
2020-06-08,30.1996,nippon_large_cap
2020-06-05,29.8914,nippon_large_cap
2020-06-04,29.0746,nippon_large_cap
2020-06-03,29.0246,nippon_large_cap
2020-06-02,28.8451,nippon_large_cap
2020-06-01,28.6179,nippon_large_cap
2020-05-29,27.8111,nippon_large_cap
2020-05-28,27.3793,nippon_large_cap
2020-05-27,26.8846,nippon_large_cap
2020-05-26,26.2028,nippon_large_cap
2020-05-22,26.2503,nippon_large_cap
2020-05-21,26.5825,nippon_large_cap
2020-05-20,26.2835,nippon_large_cap
2020-05-19,25.7962,nippon_large_cap
2020-05-18,25.6605,nippon_large_cap
2020-05-15,26.757,nippon_large_cap
2020-05-14,26.8248,nippon_large_cap
2020-05-13,27.3614,nippon_large_cap
2020-05-12,26.7675,nippon_large_cap
2020-05-11,26.7118,nippon_large_cap
2020-05-08,26.7445,nippon_large_cap
2020-05-07,26.8711,nippon_large_cap
2020-05-06,27.1651,nippon_large_cap
2020-05-05,27.154,nippon_large_cap
2020-05-04,27.499,nippon_large_cap
2020-04-30,29.0772,nippon_large_cap
2020-04-29,28.1232,nippon_large_cap
2020-04-28,27.5841,nippon_large_cap
2020-04-27,27.4545,nippon_large_cap
2020-04-24,27.2358,nippon_large_cap
2020-04-23,27.7376,nippon_large_cap
2020-04-22,27.6074,nippon_large_cap
2020-04-21,27.3648,nippon_large_cap
2020-04-20,28.2958,nippon_large_cap
2020-04-17,28.2597,nippon_large_cap
2020-04-16,27.5178,nippon_large_cap
2020-04-15,27.1964,nippon_large_cap
2020-04-13,27.1091,nippon_large_cap
2020-04-09,27.2096,nippon_large_cap
2020-04-08,26.2099,nippon_large_cap
2020-04-07,26.1117,nippon_large_cap
2020-04-03,24.394,nippon_large_cap
2020-04-01,24.836,nippon_large_cap
2020-03-31,25.7754,nippon_large_cap
2020-03-30,24.722,nippon_large_cap
2020-03-27,25.6579,nippon_large_cap
2020-03-26,25.7611,nippon_large_cap
2020-03-25,24.8444,nippon_large_cap
2020-03-24,23.8439,nippon_large_cap
2020-03-23,23.4673,nippon_large_cap
2020-03-20,26.9588,nippon_large_cap
2020-03-19,25.8841,nippon_large_cap
2020-03-18,26.7113,nippon_large_cap
2020-03-17,27.9135,nippon_large_cap
2020-03-16,28.5456,nippon_large_cap
2020-03-13,30.5589,nippon_large_cap
2020-03-12,29.1242,nippon_large_cap
2020-03-11,32.0067,nippon_large_cap
2020-03-09,32.3964,nippon_large_cap
2020-03-06,33.8975,nippon_large_cap
2020-03-05,34.7965,nippon_large_cap
2020-03-04,34.7438,nippon_large_cap
2020-03-03,35.0947,nippon_large_cap
2020-03-02,34.5233,nippon_large_cap
2020-02-28,34.9635,nippon_large_cap
2020-02-27,36.2362,nippon_large_cap
2020-02-26,36.4536,nippon_large_cap
2020-02-25,36.8522,nippon_large_cap
2020-02-24,37.031,nippon_large_cap
2020-02-20,37.8452,nippon_large_cap
2020-02-19,37.7032,nippon_large_cap
2020-02-18,37.3789,nippon_large_cap
2020-02-17,37.4953,nippon_large_cap
2020-02-14,37.8171,nippon_large_cap
2020-02-13,38.0694,nippon_large_cap
2020-02-12,38.1116,nippon_large_cap
2020-02-11,38.1614,nippon_large_cap
2020-02-10,37.8178,nippon_large_cap
2020-02-07,38.2086,nippon_large_cap
2020-02-06,38.2093,nippon_large_cap
2020-02-05,37.8623,nippon_large_cap
2020-02-04,37.2406,nippon_large_cap
2020-02-03,36.3634,nippon_large_cap
2020-01-31,37.6321,nippon_large_cap
2020-01-30,37.8884,nippon_large_cap
2020-01-29,38.1615,nippon_large_cap
2020-01-28,37.9095,nippon_large_cap
2020-01-27,38.1205,nippon_large_cap
2020-01-24,38.5493,nippon_large_cap
2020-01-23,38.3177,nippon_large_cap
2020-01-22,37.9228,nippon_large_cap
2020-01-21,38.0925,nippon_large_cap
2020-01-20,38.2913,nippon_large_cap
2020-01-17,38.5397,nippon_large_cap
2020-01-16,38.5237,nippon_large_cap
2020-01-15,38.5216,nippon_large_cap
2020-01-14,38.5546,nippon_large_cap
2020-01-13,38.427,nippon_large_cap
2020-01-10,38.2168,nippon_large_cap
2020-01-09,38.064,nippon_large_cap
2020-01-08,37.3886,nippon_large_cap
2020-01-07,37.5129,nippon_large_cap
2020-01-06,37.4068,nippon_large_cap
2020-01-03,38.2715,nippon_large_cap
2020-01-02,38.4483,nippon_large_cap
2020-01-01,37.9668,nippon_large_cap
2019-12-31,37.9594,nippon_large_cap
2019-12-30,38.1381,nippon_large_cap
2019-12-27,38.0682,nippon_large_cap
2019-12-26,37.5389,nippon_large_cap
2019-12-24,37.7657,nippon_large_cap
2019-12-23,37.8912,nippon_large_cap
2019-12-20,37.9728,nippon_large_cap
2019-12-19,37.848,nippon_large_cap
2019-12-18,37.7713,nippon_large_cap
2019-12-17,37.8179,nippon_large_cap
2019-12-16,37.3559,nippon_large_cap
2019-12-13,37.5064,nippon_large_cap
2019-12-12,36.954,nippon_large_cap
2019-12-11,36.5698,nippon_large_cap
2019-12-10,36.4552,nippon_large_cap
2019-12-09,36.7694,nippon_large_cap
2019-12-06,36.7408,nippon_large_cap
2019-12-05,37.2128,nippon_large_cap
2019-12-04,37.4698,nippon_large_cap
2019-12-03,37.2069,nippon_large_cap
2019-12-02,37.5274,nippon_large_cap
2019-11-29,37.6232,nippon_large_cap
2019-11-28,37.8833,nippon_large_cap
2019-11-27,37.7095,nippon_large_cap
2019-11-26,37.5389,nippon_large_cap
2019-11-25,37.7165,nippon_large_cap
2019-11-22,37.2019,nippon_large_cap
2019-11-21,37.3604,nippon_large_cap
2019-11-20,37.5524,nippon_large_cap
2019-11-19,37.4003,nippon_large_cap
2019-11-18,37.1266,nippon_large_cap
2019-11-15,36.9168,nippon_large_cap
2019-11-14,36.6681,nippon_large_cap
2019-11-13,36.6968,nippon_large_cap
2019-11-11,37.0639,nippon_large_cap
2019-11-08,36.8802,nippon_large_cap
2019-11-07,37.3476,nippon_large_cap
2019-11-06,37.396,nippon_large_cap
2019-11-05,37.2677,nippon_large_cap
2019-11-04,37.4373,nippon_large_cap
2019-11-01,37.3083,nippon_large_cap
2019-10-31,37.2339,nippon_large_cap
2019-10-30,36.9824,nippon_large_cap
2019-10-29,36.6798,nippon_large_cap
2019-10-25,35.8285,nippon_large_cap
2019-10-24,35.625,nippon_large_cap
2019-10-23,35.9625,nippon_large_cap
2019-10-22,35.8852,nippon_large_cap
2019-10-18,35.9705,nippon_large_cap
2019-10-17,35.6993,nippon_large_cap
2019-10-16,35.2173,nippon_large_cap
2019-10-15,35.1765,nippon_large_cap
2019-10-14,34.9781,nippon_large_cap
2019-10-11,34.8641,nippon_large_cap
2019-10-10,34.6615,nippon_large_cap
2019-10-09,35.0899,nippon_large_cap
2019-10-07,34.4231,nippon_large_cap
2019-10-04,34.7243,nippon_large_cap
2019-10-03,35.233,nippon_large_cap
2019-10-01,35.232,nippon_large_cap
2019-09-30,35.6992,nippon_large_cap
2019-09-27,35.8985,nippon_large_cap
2019-09-26,36.0798,nippon_large_cap
2019-09-25,35.541,nippon_large_cap
2019-09-24,36.3133,nippon_large_cap
2019-09-23,36.5689,nippon_large_cap
2019-09-20,35.105,nippon_large_cap
2019-09-19,33.0899,nippon_large_cap
2019-09-18,33.5375,nippon_large_cap
2019-09-17,33.3565,nippon_large_cap
2019-09-16,34.1575,nippon_large_cap
2019-09-13,34.4118,nippon_large_cap
2019-09-12,34.1039,nippon_large_cap
2019-09-11,34.1812,nippon_large_cap
2019-09-09,33.9053,nippon_large_cap
2019-09-06,33.6463,nippon_large_cap
2019-09-05,33.3774,nippon_large_cap
2019-09-04,33.192,nippon_large_cap
2019-09-03,32.9684,nippon_large_cap
2019-08-30,33.5968,nippon_large_cap
2019-08-29,33.3824,nippon_large_cap
2019-08-28,33.7103,nippon_large_cap
2019-08-27,33.9802,nippon_large_cap
2019-08-26,33.6593,nippon_large_cap
2019-08-23,33.0437,nippon_large_cap
2019-08-22,32.7704,nippon_large_cap
2019-08-21,33.3619,nippon_large_cap
2019-08-20,33.8628,nippon_large_cap
2019-08-19,34.0837,nippon_large_cap
2019-08-16,34.0542,nippon_large_cap
2019-08-14,33.9639,nippon_large_cap
2019-08-13,33.5822,nippon_large_cap
2019-08-09,34.3629,nippon_large_cap
2019-08-08,34.2803,nippon_large_cap
2019-08-07,33.8466,nippon_large_cap
2019-08-06,34.3933,nippon_large_cap
2019-08-05,34.0276,nippon_large_cap
2019-08-02,34.4649,nippon_large_cap
2019-08-01,34.6488,nippon_large_cap
2019-07-31,35.3053,nippon_large_cap
2019-07-30,34.9848,nippon_large_cap
2019-07-29,35.585,nippon_large_cap
2019-07-26,35.9704,nippon_large_cap
2019-07-25,35.8082,nippon_large_cap
2019-07-24,35.8253,nippon_large_cap
2019-07-23,36.2009,nippon_large_cap
2019-07-22,36.3464,nippon_large_cap
2019-07-19,36.3675,nippon_large_cap
2019-07-18,36.9506,nippon_large_cap
2019-07-17,37.5002,nippon_large_cap
2019-07-16,37.4458,nippon_large_cap
2019-07-15,37.076,nippon_large_cap
2019-07-12,37.2259,nippon_large_cap
2019-07-11,37.21,nippon_large_cap
2019-07-10,36.8628,nippon_large_cap
2019-07-09,37.2295,nippon_large_cap
2019-07-08,36.9659,nippon_large_cap
2019-07-05,37.8995,nippon_large_cap
2019-07-04,38.4089,nippon_large_cap
2019-07-03,38.2732,nippon_large_cap
2019-07-02,38.1492,nippon_large_cap
2019-07-01,38.1294,nippon_large_cap
2019-06-28,38.0432,nippon_large_cap
2019-06-27,38.0638,nippon_large_cap
2019-06-26,37.8804,nippon_large_cap
2019-06-25,37.597,nippon_large_cap
2019-06-24,37.2818,nippon_large_cap
2019-06-21,37.2956,nippon_large_cap
2019-06-20,37.5214,nippon_large_cap
2019-06-19,36.9091,nippon_large_cap
2019-06-18,37.0431,nippon_large_cap
2019-06-17,36.9296,nippon_large_cap
2019-06-14,37.518,nippon_large_cap
2019-06-13,37.8104,nippon_large_cap
2019-06-12,37.7824,nippon_large_cap
2019-06-11,37.9905,nippon_large_cap
2019-06-10,37.824,nippon_large_cap
2019-06-07,37.7513,nippon_large_cap
2019-06-06,37.7242,nippon_large_cap
2019-06-04,38.5849,nippon_large_cap
2019-06-03,38.7646,nippon_large_cap
2019-05-31,38.5553,nippon_large_cap
2019-05-30,38.6557,nippon_large_cap
2019-05-29,38.4652,nippon_large_cap
2019-05-28,38.9715,nippon_large_cap
2019-05-27,39.0866,nippon_large_cap
2019-05-24,38.4286,nippon_large_cap
2019-05-23,37.3326,nippon_large_cap
2019-05-22,37.4346,nippon_large_cap
2019-05-21,37.3059,nippon_large_cap
2019-05-20,37.8009,nippon_large_cap
2019-05-17,36.1511,nippon_large_cap
2019-05-16,35.8849,nippon_large_cap
2019-05-15,35.5507,nippon_large_cap
2019-05-14,35.8303,nippon_large_cap
2019-05-13,35.3901,nippon_large_cap
2019-05-10,36.1112,nippon_large_cap
2019-05-09,36.1098,nippon_large_cap
2019-05-08,36.2878,nippon_large_cap
2019-05-07,36.7143,nippon_large_cap
2019-05-06,37.1291,nippon_large_cap
2019-05-03,37.396,nippon_large_cap
2019-05-02,37.2702,nippon_large_cap
2019-04-30,37.5606,nippon_large_cap
2019-04-26,37.6251,nippon_large_cap
2019-04-25,37.2307,nippon_large_cap
2019-04-24,37.4677,nippon_large_cap
2019-04-23,37.1199,nippon_large_cap
2019-04-22,37.1965,nippon_large_cap
2019-04-18,37.723,nippon_large_cap
2019-04-16,37.9269,nippon_large_cap
2019-04-15,37.7808,nippon_large_cap
2019-04-12,37.6532,nippon_large_cap
2019-04-11,37.4361,nippon_large_cap
2019-04-10,37.378,nippon_large_cap
2019-04-09,37.5077,nippon_large_cap
2019-04-08,37.2241,nippon_large_cap
2019-04-05,37.5191,nippon_large_cap
2019-04-04,37.3202,nippon_large_cap
2019-04-03,37.434,nippon_large_cap
2019-04-02,37.8738,nippon_large_cap
2019-04-01,37.7396,nippon_large_cap
2019-03-29,37.4949,nippon_large_cap
2019-03-28,37.2335,nippon_large_cap
2019-03-27,36.7212,nippon_large_cap
2019-03-26,36.7706,nippon_large_cap
2019-03-25,36.3979,nippon_large_cap
2019-03-22,36.6517,nippon_large_cap
2019-03-20,36.8944,nippon_large_cap
2019-03-19,37.0419,nippon_large_cap
2019-03-18,36.842,nippon_large_cap
2019-03-15,36.7007,nippon_large_cap
2019-03-14,36.4598,nippon_large_cap
2019-03-13,36.4739,nippon_large_cap
2019-03-12,36.4004,nippon_large_cap
2019-03-11,36.0421,nippon_large_cap
2019-03-08,35.4924,nippon_large_cap
2019-03-07,35.5907,nippon_large_cap
2019-03-06,35.5201,nippon_large_cap
2019-03-05,35.4016,nippon_large_cap
2019-03-01,34.7149,nippon_large_cap
2019-02-28,34.3414,nippon_large_cap
2019-02-27,34.2767,nippon_large_cap
2019-02-26,34.2692,nippon_large_cap
2019-02-25,34.3686,nippon_large_cap
2019-02-22,34.2343,nippon_large_cap
2019-02-21,34.028,nippon_large_cap
2019-02-20,33.7654,nippon_large_cap
2019-02-19,33.3508,nippon_large_cap
2019-02-18,33.22,nippon_large_cap
2019-02-15,33.4974,nippon_large_cap
2019-02-14,33.7264,nippon_large_cap
2019-02-13,33.8343,nippon_large_cap
2019-02-12,34.0735,nippon_large_cap
2019-02-11,34.1241,nippon_large_cap
2019-02-08,34.4331,nippon_large_cap
2019-02-07,35.0078,nippon_large_cap
2019-02-06,34.8702,nippon_large_cap
2019-02-05,34.4663,nippon_large_cap
2019-02-04,34.5859,nippon_large_cap
2019-02-01,34.7678,nippon_large_cap
2019-01-31,34.8539,nippon_large_cap
2019-01-30,34.3406,nippon_large_cap
2019-01-29,34.0023,nippon_large_cap
2019-01-28,33.8254,nippon_large_cap
2019-01-25,34.3971,nippon_large_cap
2019-01-24,34.5476,nippon_large_cap
2019-01-23,34.6741,nippon_large_cap
2019-01-22,34.868,nippon_large_cap
2019-01-21,34.8657,nippon_large_cap
2019-01-18,34.9364,nippon_large_cap
2019-01-17,35.3235,nippon_large_cap
2019-01-16,35.374,nippon_large_cap
2019-01-15,35.3664,nippon_large_cap
2019-01-14,35.0726,nippon_large_cap
2019-01-11,35.2316,nippon_large_cap
2019-01-10,35.3285,nippon_large_cap
2019-01-09,35.2384,nippon_large_cap
2019-01-08,35.1267,nippon_large_cap
2019-01-07,34.8727,nippon_large_cap
2019-01-04,34.7714,nippon_large_cap
2019-01-03,34.5153,nippon_large_cap
2019-01-02,34.8637,nippon_large_cap
2019-01-01,35.3061,nippon_large_cap
2018-12-31,35.0999,nippon_large_cap
2018-12-28,35.0331,nippon_large_cap
2018-12-27,34.6762,nippon_large_cap
2018-12-26,34.6407,nippon_large_cap
2018-12-24,34.467,nippon_large_cap
2018-12-21,34.7041,nippon_large_cap
2018-12-20,35.1521,nippon_large_cap
2018-12-19,35.2629,nippon_large_cap
2018-12-18,34.9366,nippon_large_cap
2018-12-17,34.8087,nippon_large_cap
2018-12-14,34.6099,nippon_large_cap
2018-12-13,34.5441,nippon_large_cap
2018-12-12,34.4292,nippon_large_cap
2018-12-11,33.7144,nippon_large_cap
2018-12-10,33.3958,nippon_large_cap
2018-12-07,33.8079,nippon_large_cap
2018-12-06,33.7422,nippon_large_cap
2018-12-05,34.1841,nippon_large_cap
2018-12-04,34.7341,nippon_large_cap
2018-12-03,34.6368,nippon_large_cap
2018-11-30,34.6195,nippon_large_cap
2018-11-29,34.5976,nippon_large_cap
2018-11-28,34.2506,nippon_large_cap
2018-11-27,34.4933,nippon_large_cap
2018-11-26,34.3768,nippon_large_cap
2018-11-22,34.1882,nippon_large_cap
2018-11-21,34.4915,nippon_large_cap
2018-11-20,34.3544,nippon_large_cap
2018-11-19,34.7194,nippon_large_cap
2018-11-16,34.6407,nippon_large_cap
2018-11-15,34.4793,nippon_large_cap
2018-11-14,34.1979,nippon_large_cap
2018-11-13,34.1687,nippon_large_cap
2018-11-12,33.9351,nippon_large_cap
2018-11-09,34.3811,nippon_large_cap
2018-11-06,34.1348,nippon_large_cap
2018-11-05,34.3161,nippon_large_cap
2018-11-02,34.3998,nippon_large_cap
2018-11-01,33.9584,nippon_large_cap
2018-10-31,33.7681,nippon_large_cap
2018-10-30,33.1305,nippon_large_cap
2018-10-29,33.0937,nippon_large_cap
2018-10-26,31.9937,nippon_large_cap
2018-10-25,32.141,nippon_large_cap
2018-10-24,32.3693,nippon_large_cap
2018-10-23,32.0403,nippon_large_cap
2018-10-22,32.3955,nippon_large_cap
2018-10-19,32.5449,nippon_large_cap
2018-10-17,32.7194,nippon_large_cap
2018-10-16,33.2969,nippon_large_cap
2018-10-15,32.9868,nippon_large_cap
2018-10-12,32.8517,nippon_large_cap
2018-10-11,32.2514,nippon_large_cap
2018-10-10,33.0232,nippon_large_cap
2018-10-09,32.2168,nippon_large_cap
2018-10-08,32.371,nippon_large_cap
2018-10-05,32.5654,nippon_large_cap
2018-10-04,33.5729,nippon_large_cap
2018-10-03,34.1188,nippon_large_cap
2018-10-01,34.388,nippon_large_cap
2018-09-28,34.2138,nippon_large_cap
2018-09-27,34.5134,nippon_large_cap
2018-09-26,34.9064,nippon_large_cap
2018-09-25,34.9495,nippon_large_cap
2018-09-24,34.6484,nippon_large_cap
2018-09-21,35.3925,nippon_large_cap
2018-09-19,35.6203,nippon_large_cap
2018-09-18,35.6478,nippon_large_cap
2018-09-17,36.2336,nippon_large_cap
2018-09-14,36.6182,nippon_large_cap
2018-09-12,36.1758,nippon_large_cap
2018-09-11,35.9588,nippon_large_cap
2018-09-10,36.4594,nippon_large_cap
2018-09-07,36.8595,nippon_large_cap
2018-09-06,36.5036,nippon_large_cap
2018-09-05,36.2032,nippon_large_cap
2018-09-04,36.2352,nippon_large_cap
2018-09-03,36.7355,nippon_large_cap
2018-08-31,37.0172,nippon_large_cap
2018-08-30,36.845,nippon_large_cap
2018-08-29,36.6525,nippon_large_cap
2018-08-28,36.5015,nippon_large_cap
2018-08-27,36.5961,nippon_large_cap
2018-08-24,36.1827,nippon_large_cap
2018-08-23,36.3233,nippon_large_cap
2018-08-21,36.2978,nippon_large_cap
2018-08-20,36.178,nippon_large_cap
2018-08-17,35.724,nippon_large_cap
2018-08-16,35.3442,nippon_large_cap
2018-08-14,35.3932,nippon_large_cap
2018-08-13,35.0787,nippon_large_cap
2018-08-10,35.3667,nippon_large_cap
2018-08-09,35.6865,nippon_large_cap
2018-08-08,35.4928,nippon_large_cap
2018-08-07,35.3674,nippon_large_cap
2018-08-06,35.4678,nippon_large_cap
2018-08-03,35.3753,nippon_large_cap
2018-08-02,34.989,nippon_large_cap
2018-08-01,35.1089,nippon_large_cap
2018-07-31,35.068,nippon_large_cap
2018-07-30,35.0847,nippon_large_cap
2018-07-27,34.8745,nippon_large_cap
2018-07-26,34.4358,nippon_large_cap
2018-07-25,34.1491,nippon_large_cap
2018-07-24,34.0694,nippon_large_cap
2018-07-23,33.6369,nippon_large_cap
2018-07-20,33.2484,nippon_large_cap
2018-07-19,33.0304,nippon_large_cap
2018-07-18,33.1707,nippon_large_cap
2018-07-17,33.292,nippon_large_cap
2018-07-16,32.8552,nippon_large_cap
2018-07-13,33.5276,nippon_large_cap
2018-07-12,33.7237,nippon_large_cap
2018-07-11,33.6146,nippon_large_cap
2018-07-10,33.7515,nippon_large_cap
2018-07-09,33.4895,nippon_large_cap
2018-07-06,33.1586,nippon_large_cap
2018-07-05,33.1059,nippon_large_cap
2018-07-04,33.2067,nippon_large_cap
2018-07-03,33.0748,nippon_large_cap
2018-07-02,32.9111,nippon_large_cap
2018-06-29,33.0638,nippon_large_cap
2018-06-28,32.5668,nippon_large_cap
2018-06-27,32.9556,nippon_large_cap
2018-06-26,33.4689,nippon_large_cap
2018-06-25,33.4904,nippon_large_cap
2018-06-22,33.8415,nippon_large_cap
2018-06-21,33.5211,nippon_large_cap
2018-06-20,33.6973,nippon_large_cap
2018-06-19,33.6461,nippon_large_cap
2018-06-18,33.8859,nippon_large_cap
2018-06-15,33.9204,nippon_large_cap
2018-06-14,34.0272,nippon_large_cap
2018-06-13,34.1271,nippon_large_cap
2018-06-12,34.1387,nippon_large_cap
2018-06-11,33.8679,nippon_large_cap
2018-06-08,33.8405,nippon_large_cap
2018-06-07,33.7109,nippon_large_cap
2018-06-06,33.387,nippon_large_cap
2018-06-05,32.9146,nippon_large_cap
2018-06-04,33.0834,nippon_large_cap
2018-06-01,33.3544,nippon_large_cap
2018-05-31,33.6207,nippon_large_cap
2018-05-30,33.4538,nippon_large_cap
2018-05-29,33.4931,nippon_large_cap
2018-05-28,33.5888,nippon_large_cap
2018-05-25,33.1979,nippon_large_cap
2018-05-24,32.8756,nippon_large_cap
2018-05-23,32.7218,nippon_large_cap
2018-05-22,32.9824,nippon_large_cap
2018-05-21,32.7378,nippon_large_cap
2018-05-18,33.1041,nippon_large_cap
2018-05-17,33.483,nippon_large_cap
2018-05-16,33.5043,nippon_large_cap
2018-05-15,33.7484,nippon_large_cap
2018-05-14,33.9888,nippon_large_cap
2018-05-11,34.1106,nippon_large_cap
2018-05-10,33.9535,nippon_large_cap
2018-05-09,34.1515,nippon_large_cap
2018-05-08,34.1955,nippon_large_cap
2018-05-07,34.1863,nippon_large_cap
2018-05-04,33.8283,nippon_large_cap
2018-05-03,34.0608,nippon_large_cap
2018-05-02,34.2246,nippon_large_cap
2018-04-30,34.361,nippon_large_cap
2018-04-27,34.139,nippon_large_cap
2018-04-26,33.7207,nippon_large_cap
2018-04-25,33.7541,nippon_large_cap
2018-04-24,33.9256,nippon_large_cap
2018-04-23,33.8532,nippon_large_cap
2018-04-20,33.7163,nippon_large_cap
2018-04-19,33.7213,nippon_large_cap
2018-04-18,33.6279,nippon_large_cap
2018-04-17,33.6914,nippon_large_cap
2018-04-16,33.5668,nippon_large_cap
2018-04-13,33.4774,nippon_large_cap
2018-04-12,33.5214,nippon_large_cap
2018-04-11,33.4863,nippon_large_cap
2018-04-10,33.6416,nippon_large_cap
2018-04-09,33.4945,nippon_large_cap
2018-04-06,33.3987,nippon_large_cap
2018-04-05,33.295,nippon_large_cap
2018-04-04,32.7241,nippon_large_cap
2018-04-03,33.0696,nippon_large_cap
2018-04-02,32.7923,nippon_large_cap
2018-03-28,32.4779,nippon_large_cap
2018-03-27,32.6602,nippon_large_cap
2018-03-26,32.3705,nippon_large_cap
2018-03-23,31.9377,nippon_large_cap
2018-03-22,32.3204,nippon_large_cap
2018-03-21,32.623,nippon_large_cap
2018-03-20,32.5822,nippon_large_cap
2018-03-19,32.496,nippon_large_cap
2018-03-16,32.9216,nippon_large_cap
2018-03-15,33.4466,nippon_large_cap
2018-03-14,33.5449,nippon_large_cap
2018-03-13,33.5543,nippon_large_cap
2018-03-12,33.4068,nippon_large_cap
2018-03-09,32.9489,nippon_large_cap
2018-03-08,33.0565,nippon_large_cap
2018-03-07,32.8094,nippon_large_cap
2018-03-06,33.2481,nippon_large_cap
2018-03-05,33.5489,nippon_large_cap
2018-03-01,33.9327,nippon_large_cap
2018-02-28,34.0453,nippon_large_cap
2018-02-27,34.1761,nippon_large_cap
2018-02-26,34.2737,nippon_large_cap
2018-02-23,33.9973,nippon_large_cap
2018-02-22,33.5514,nippon_large_cap
2018-02-21,33.6898,nippon_large_cap
2018-02-20,33.6253,nippon_large_cap
2018-02-19,33.6931,nippon_large_cap
2018-02-16,34.0648,nippon_large_cap
2018-02-15,34.3508,nippon_large_cap
2018-02-14,34.3877,nippon_large_cap
2018-02-12,34.6196,nippon_large_cap
2018-02-09,34.4287,nippon_large_cap
2018-02-08,34.7053,nippon_large_cap
2018-02-07,34.131,nippon_large_cap
2018-02-06,34.1225,nippon_large_cap
2018-02-05,34.6657,nippon_large_cap
2018-02-02,34.7973,nippon_large_cap
2018-02-01,35.7358,nippon_large_cap
2018-01-31,35.6854,nippon_large_cap
2018-01-30,35.8854,nippon_large_cap
2018-01-29,36.0769,nippon_large_cap
2018-01-25,36.2022,nippon_large_cap
2018-01-24,36.4318,nippon_large_cap
2018-01-23,36.4055,nippon_large_cap
2018-01-22,35.9831,nippon_large_cap
2018-01-19,35.8535,nippon_large_cap
2018-01-18,35.5717,nippon_large_cap
2018-01-17,35.745,nippon_large_cap
2018-01-16,35.3059,nippon_large_cap
2018-01-15,35.4,nippon_large_cap
2018-01-12,35.3194,nippon_large_cap
2018-01-11,35.2637,nippon_large_cap
2018-01-10,35.1768,nippon_large_cap
2018-01-09,35.3117,nippon_large_cap
2018-01-08,35.419,nippon_large_cap
2018-01-05,35.2026,nippon_large_cap
2018-01-04,34.9609,nippon_large_cap
2018-01-03,34.6333,nippon_large_cap
2018-01-02,34.5302,nippon_large_cap
2018-01-01,34.6262,nippon_large_cap
2017-12-29,34.7983,nippon_large_cap
2017-12-28,34.6846,nippon_large_cap
2017-12-27,34.7596,nippon_large_cap
2017-12-26,34.851,nippon_large_cap
2017-12-22,34.7028,nippon_large_cap
2017-12-21,34.6126,nippon_large_cap
2017-12-20,34.5071,nippon_large_cap
2017-12-19,34.5252,nippon_large_cap
2017-12-18,34.284,nippon_large_cap
2017-12-15,34.0192,nippon_large_cap
2017-12-14,33.8275,nippon_large_cap
2017-12-13,33.6733,nippon_large_cap
2017-12-12,33.885,nippon_large_cap
2017-12-11,34.0329,nippon_large_cap
2017-12-08,33.871,nippon_large_cap
2017-12-07,33.6118,nippon_large_cap
2017-12-06,33.1637,nippon_large_cap
2017-12-05,33.4891,nippon_large_cap
2017-12-04,33.4572,nippon_large_cap
2017-12-01,33.4223,nippon_large_cap
2017-11-30,33.7852,nippon_large_cap
2017-11-29,34.1414,nippon_large_cap
2017-11-28,34.1058,nippon_large_cap
2017-11-27,34.1131,nippon_large_cap
2017-11-24,34.029,nippon_large_cap
2017-11-23,33.9246,nippon_large_cap
2017-11-22,33.886,nippon_large_cap
2017-11-21,33.7963,nippon_large_cap
2017-11-20,33.6442,nippon_large_cap
2017-11-17,33.7037,nippon_large_cap
2017-11-16,33.4248,nippon_large_cap
2017-11-15,33.1299,nippon_large_cap
2017-11-14,33.3065,nippon_large_cap
2017-11-13,33.4465,nippon_large_cap
2017-11-10,33.6443,nippon_large_cap
2017-11-09,33.4535,nippon_large_cap
2017-11-08,33.4258,nippon_large_cap
2017-11-07,33.6005,nippon_large_cap
2017-11-06,33.9914,nippon_large_cap
2017-11-03,33.9577,nippon_large_cap
2017-11-02,33.8467,nippon_large_cap
2017-11-01,33.6633,nippon_large_cap
2017-10-31,33.2403,nippon_large_cap
2017-10-30,33.2462,nippon_large_cap
2017-10-27,33.0506,nippon_large_cap
2017-10-26,33.0916,nippon_large_cap
2017-10-25,32.9617,nippon_large_cap
2017-10-24,32.2031,nippon_large_cap
2017-10-23,32.0093,nippon_large_cap
2017-10-18,32.0621,nippon_large_cap
2017-10-17,32.3031,nippon_large_cap
2017-10-16,32.2992,nippon_large_cap
2017-10-13,32.1021,nippon_large_cap
2017-10-12,32.0301,nippon_large_cap
2017-10-11,31.7567,nippon_large_cap
2017-10-10,31.9242,nippon_large_cap
2017-10-09,31.8386,nippon_large_cap
2017-10-06,31.8248,nippon_large_cap
2017-10-05,31.483,nippon_large_cap
2017-10-04,31.5247,nippon_large_cap
2017-10-03,31.4069,nippon_large_cap
2017-09-29,31.1989,nippon_large_cap
2017-09-28,31.055,nippon_large_cap
2017-09-27,30.9123,nippon_large_cap
2017-09-26,31.4674,nippon_large_cap
2017-09-25,31.3525,nippon_large_cap
2017-09-22,31.7583,nippon_large_cap
2017-09-21,32.3494,nippon_large_cap
2017-09-20,32.3893,nippon_large_cap
2017-09-19,32.3193,nippon_large_cap
2017-09-18,32.3021,nippon_large_cap
2017-09-15,32.1804,nippon_large_cap
2017-09-14,32.2205,nippon_large_cap
2017-09-13,31.9919,nippon_large_cap
2017-09-12,32.094,nippon_large_cap
2017-09-11,31.6347,nippon_large_cap
2017-09-08,31.4232,nippon_large_cap
2017-09-07,31.4877,nippon_large_cap
2017-09-06,31.3772,nippon_large_cap
2017-09-05,31.5585,nippon_large_cap
2017-09-04,31.4361,nippon_large_cap
2017-09-01,31.6691,nippon_large_cap
2017-08-31,31.4141,nippon_large_cap
2017-08-30,31.4015,nippon_large_cap
2017-08-29,31.1049,nippon_large_cap
2017-08-28,31.4622,nippon_large_cap
2017-08-24,31.2131,nippon_large_cap
2017-08-23,31.1119,nippon_large_cap
2017-08-22,30.7924,nippon_large_cap
2017-08-21,30.7548,nippon_large_cap
2017-08-18,31.117,nippon_large_cap
2017-08-17,31.4255,nippon_large_cap
2017-08-16,31.4207,nippon_large_cap
2017-08-14,31.0202,nippon_large_cap
2017-08-11,30.6617,nippon_large_cap
2017-08-10,30.9067,nippon_large_cap
2017-08-09,31.2446,nippon_large_cap
2017-08-08,31.6179,nippon_large_cap
2017-08-07,31.8846,nippon_large_cap
2017-08-04,31.7571,nippon_large_cap
2017-08-03,31.6737,nippon_large_cap
2017-08-02,32.0117,nippon_large_cap
2017-08-01,32.1063,nippon_large_cap
2017-07-31,32.0535,nippon_large_cap
2017-07-28,31.8224,nippon_large_cap
2017-07-27,31.8026,nippon_large_cap
2017-07-26,31.8441,nippon_large_cap
2017-07-25,31.7053,nippon_large_cap
2017-07-24,31.6634,nippon_large_cap
2017-07-21,31.6364,nippon_large_cap
2017-07-20,31.6109,nippon_large_cap
2017-07-19,31.6947,nippon_large_cap
2017-07-18,31.4552,nippon_large_cap
2017-07-17,31.6883,nippon_large_cap
2017-07-14,31.5794,nippon_large_cap
2017-07-13,31.4959,nippon_large_cap
2017-07-12,31.2596,nippon_large_cap
2017-07-11,31.1432,nippon_large_cap
2017-07-10,31.2073,nippon_large_cap
2017-07-07,30.9141,nippon_large_cap
2017-07-06,30.9183,nippon_large_cap
2017-07-05,30.7453,nippon_large_cap
2017-07-04,30.6469,nippon_large_cap
2017-07-03,30.7076,nippon_large_cap
2017-06-30,30.4672,nippon_large_cap
2017-06-29,30.2774,nippon_large_cap
2017-06-28,30.1719,nippon_large_cap
2017-06-27,30.1895,nippon_large_cap
2017-06-23,30.4523,nippon_large_cap
2017-06-22,30.6326,nippon_large_cap
2017-06-21,30.6339,nippon_large_cap
2017-06-20,30.6466,nippon_large_cap
2017-06-19,30.6373,nippon_large_cap
2017-06-16,30.488,nippon_large_cap
2017-06-15,30.4269,nippon_large_cap
2017-06-14,30.3841,nippon_large_cap
2017-06-13,30.4037,nippon_large_cap
2017-06-12,30.3447,nippon_large_cap
2017-06-09,30.5259,nippon_large_cap
2017-06-08,30.506,nippon_large_cap
2017-06-07,30.4099,nippon_large_cap
2017-06-06,30.229,nippon_large_cap
2017-06-05,30.3514,nippon_large_cap
2017-06-02,30.3031,nippon_large_cap
2017-06-01,30.1327,nippon_large_cap
2017-05-31,30.1017,nippon_large_cap
2017-05-30,29.9735,nippon_large_cap
2017-05-29,29.8361,nippon_large_cap
2017-05-26,29.9662,nippon_large_cap
2017-05-25,29.59,nippon_large_cap
2017-05-24,29.1671,nippon_large_cap
2017-05-23,29.4538,nippon_large_cap
2017-05-22,29.7612,nippon_large_cap
2017-05-19,29.8971,nippon_large_cap
2017-05-18,29.9507,nippon_large_cap
2017-05-17,30.3774,nippon_large_cap
2017-05-16,30.3329,nippon_large_cap
2017-05-15,30.1935,nippon_large_cap
2017-05-12,29.9322,nippon_large_cap
2017-05-11,30.031,nippon_large_cap
2017-05-10,29.9594,nippon_large_cap
2017-05-09,29.6765,nippon_large_cap
2017-05-08,29.5504,nippon_large_cap
2017-05-05,29.4109,nippon_large_cap
2017-05-04,29.6105,nippon_large_cap
2017-05-03,29.4667,nippon_large_cap
2017-05-02,29.46,nippon_large_cap
2017-04-28,29.4278,nippon_large_cap
2017-04-27,29.4387,nippon_large_cap
2017-04-26,29.5173,nippon_large_cap
2017-04-25,29.3921,nippon_large_cap
2017-04-24,29.1286,nippon_large_cap
2017-04-21,28.8038,nippon_large_cap
2017-04-20,28.863,nippon_large_cap
2017-04-19,28.7578,nippon_large_cap
2017-04-18,28.7691,nippon_large_cap
2017-04-17,28.9722,nippon_large_cap
2017-04-13,29.0791,nippon_large_cap
2017-04-12,29.2211,nippon_large_cap
2017-04-11,29.3229,nippon_large_cap
2017-04-10,29.0389,nippon_large_cap
2017-04-07,28.95,nippon_large_cap
2017-04-06,28.9812,nippon_large_cap
2017-04-05,29.0429,nippon_large_cap
2017-04-03,28.911,nippon_large_cap
2017-03-31,28.6533,nippon_large_cap
2017-03-30,28.5509,nippon_large_cap
2017-03-29,28.4492,nippon_large_cap
2017-03-28,28.3246,nippon_large_cap
2017-03-27,28.1739,nippon_large_cap
2017-03-24,28.2564,nippon_large_cap
2017-03-23,28.1365,nippon_large_cap
2017-03-22,27.8971,nippon_large_cap
2017-03-21,28.1844,nippon_large_cap
2017-03-20,28.2515,nippon_large_cap
2017-03-17,28.292,nippon_large_cap
2017-03-16,28.2994,nippon_large_cap
2017-03-15,28.0499,nippon_large_cap
2017-03-14,27.9109,nippon_large_cap
2017-03-10,27.4825,nippon_large_cap
2017-03-09,27.4788,nippon_large_cap
2017-03-08,27.5182,nippon_large_cap
2017-03-07,27.5637,nippon_large_cap
2017-03-06,27.673,nippon_large_cap
2017-03-03,27.4886,nippon_large_cap
2017-03-02,27.4685,nippon_large_cap
2017-03-01,27.7667,nippon_large_cap
2017-02-28,27.5949,nippon_large_cap
2017-02-27,27.5559,nippon_large_cap
2017-02-23,27.6276,nippon_large_cap
2017-02-22,27.6601,nippon_large_cap
2017-02-21,27.683,nippon_large_cap
2017-02-20,27.5539,nippon_large_cap
2017-02-17,27.4476,nippon_large_cap
2017-02-16,27.3213,nippon_large_cap
2017-02-15,26.9386,nippon_large_cap
2017-02-14,27.1432,nippon_large_cap
2017-02-13,27.141,nippon_large_cap
2017-02-10,27.1467,nippon_large_cap
2017-02-09,27.1861,nippon_large_cap
2017-02-08,27.077,nippon_large_cap
2017-02-07,27.0582,nippon_large_cap
2017-02-06,27.1466,nippon_large_cap
2017-02-03,26.8479,nippon_large_cap
2017-02-02,26.8202,nippon_large_cap
2017-02-01,26.6348,nippon_large_cap
2017-01-31,26.0445,nippon_large_cap
2017-01-30,26.3299,nippon_large_cap
2017-01-27,26.371,nippon_large_cap
2017-01-25,26.1145,nippon_large_cap
2017-01-24,25.8993,nippon_large_cap
2017-01-23,25.6994,nippon_large_cap
2017-01-20,25.5789,nippon_large_cap
2017-01-19,25.9411,nippon_large_cap
2017-01-18,25.7876,nippon_large_cap
2017-01-17,25.626,nippon_large_cap
2017-01-16,25.6849,nippon_large_cap
2017-01-13,25.6832,nippon_large_cap
2017-01-12,25.6686,nippon_large_cap
2017-01-11,25.5653,nippon_large_cap
2017-01-10,25.3305,nippon_large_cap
2017-01-09,25.0859,nippon_large_cap
2017-01-06,25.0766,nippon_large_cap
2017-01-05,25.1755,nippon_large_cap
2017-01-04,24.9821,nippon_large_cap
2017-01-03,25.0489,nippon_large_cap
2017-01-02,24.8896,nippon_large_cap
2016-12-30,24.8722,nippon_large_cap
2016-12-29,24.609,nippon_large_cap
2016-12-28,24.4405,nippon_large_cap
2016-12-27,24.3943,nippon_large_cap
2016-12-26,24.0174,nippon_large_cap
2016-12-23,24.3644,nippon_large_cap
2016-12-22,24.5111,nippon_large_cap
2016-12-21,24.7959,nippon_large_cap
2016-12-20,24.8474,nippon_large_cap
2016-12-19,25.0737,nippon_large_cap
2016-12-16,25.0934,nippon_large_cap
2016-12-15,25.138,nippon_large_cap
2016-12-14,25.1636,nippon_large_cap
2016-12-13,25.305,nippon_large_cap
2016-12-12,25.1439,nippon_large_cap
2016-12-09,25.397,nippon_large_cap
2016-12-08,25.2738,nippon_large_cap
2016-12-07,24.8628,nippon_large_cap
2016-12-06,24.9297,nippon_large_cap
2016-12-05,24.8573,nippon_large_cap
2016-12-02,24.711,nippon_large_cap
2016-12-01,25.0419,nippon_large_cap
2016-11-30,25.2121,nippon_large_cap
2016-11-29,24.9637,nippon_large_cap
2016-11-28,24.8044,nippon_large_cap
2016-11-25,24.846,nippon_large_cap
2016-11-24,24.4925,nippon_large_cap
2016-11-23,24.7436,nippon_large_cap
2016-11-22,24.6061,nippon_large_cap
2016-11-21,24.3842,nippon_large_cap
2016-11-18,25.007,nippon_large_cap
2016-11-17,25.0541,nippon_large_cap
2016-11-16,25.0917,nippon_large_cap
2016-11-15,25.1317,nippon_large_cap
2016-11-11,25.6714,nippon_large_cap
2016-11-10,26.4475,nippon_large_cap
2016-11-09,25.9815,nippon_large_cap
2016-11-08,26.1779,nippon_large_cap
2016-11-07,26.0267,nippon_large_cap
2016-11-04,25.7192,nippon_large_cap
2016-11-03,25.8165,nippon_large_cap
2016-11-02,25.9866,nippon_large_cap
2016-11-01,26.4556,nippon_large_cap
2016-10-28,26.5327,nippon_large_cap
2016-10-27,26.4065,nippon_large_cap
2016-10-26,26.5422,nippon_large_cap
2016-10-25,26.9049,nippon_large_cap
2016-10-24,26.9649,nippon_large_cap
2016-10-21,26.9751,nippon_large_cap
2016-10-20,26.9608,nippon_large_cap
2016-10-19,26.8289,nippon_large_cap
2016-10-18,26.8552,nippon_large_cap
2016-10-17,26.3385,nippon_large_cap
2016-10-14,26.4532,nippon_large_cap
2016-10-13,26.2504,nippon_large_cap
2016-10-10,26.6654,nippon_large_cap
2016-10-07,26.7255,nippon_large_cap
2016-10-06,26.7141,nippon_large_cap
2016-10-05,26.8287,nippon_large_cap
2016-10-04,26.8853,nippon_large_cap
2016-10-03,26.714,nippon_large_cap
2016-09-30,26.2954,nippon_large_cap
2016-09-29,25.9673,nippon_large_cap
2016-09-28,26.5987,nippon_large_cap
2016-09-27,26.4832,nippon_large_cap
2016-09-26,26.5369,nippon_large_cap
2016-09-23,26.8241,nippon_large_cap
2016-09-22,26.8705,nippon_large_cap
2016-09-21,26.5013,nippon_large_cap
2016-09-20,26.5521,nippon_large_cap
2016-09-19,26.5552,nippon_large_cap
2016-09-16,26.4984,nippon_large_cap
2016-09-15,26.3838,nippon_large_cap
2016-09-14,26.3941,nippon_large_cap
2016-09-12,26.2624,nippon_large_cap
2016-09-09,26.8397,nippon_large_cap
2016-09-08,27.1191,nippon_large_cap
2016-09-07,27.1298,nippon_large_cap
2016-09-06,26.9959,nippon_large_cap
2016-09-02,26.5166,nippon_large_cap
2016-09-01,26.4371,nippon_large_cap
2016-08-31,26.4558,nippon_large_cap
2016-08-30,26.3124,nippon_large_cap
2016-08-29,25.9582,nippon_large_cap
2016-08-26,25.8572,nippon_large_cap
2016-08-25,25.9146,nippon_large_cap
2016-08-24,25.9841,nippon_large_cap
2016-08-23,25.8432,nippon_large_cap
2016-08-22,25.8428,nippon_large_cap
2016-08-19,25.9854,nippon_large_cap
2016-08-18,25.8291,nippon_large_cap
2016-08-17,25.7367,nippon_large_cap
2016-08-16,25.6503,nippon_large_cap
2016-08-12,25.544,nippon_large_cap
2016-08-11,25.2549,nippon_large_cap
2016-08-10,25.2349,nippon_large_cap
2016-08-09,25.6157,nippon_large_cap
2016-08-08,25.7013,nippon_large_cap
2016-08-05,25.6611,nippon_large_cap
2016-08-04,25.1597,nippon_large_cap
2016-08-03,25.1746,nippon_large_cap
2016-08-02,25.4105,nippon_large_cap
2016-08-01,25.4483,nippon_large_cap
2016-07-29,25.5813,nippon_large_cap
2016-07-28,25.7223,nippon_large_cap
2016-07-27,25.5884,nippon_large_cap
2016-07-26,25.4165,nippon_large_cap
2016-07-25,25.5399,nippon_large_cap
2016-07-22,25.229,nippon_large_cap
2016-07-21,25.1093,nippon_large_cap
2016-07-20,25.3408,nippon_large_cap
2016-07-19,25.1137,nippon_large_cap
2016-07-18,25.0025,nippon_large_cap
2016-07-15,25.0888,nippon_large_cap
2016-07-14,25.1244,nippon_large_cap
2016-07-13,24.9425,nippon_large_cap
2016-07-12,24.9903,nippon_large_cap
2016-07-11,24.7714,nippon_large_cap
2016-07-08,24.4277,nippon_large_cap
2016-07-07,24.5086,nippon_large_cap
2016-07-05,24.6453,nippon_large_cap
2016-07-04,24.7625,nippon_large_cap
2016-07-01,24.5517,nippon_large_cap
2016-06-30,24.2262,nippon_large_cap
2016-06-29,23.9857,nippon_large_cap
2016-06-28,23.713,nippon_large_cap
2016-06-27,23.6954,nippon_large_cap
2016-06-24,23.5903,nippon_large_cap
2016-06-23,24.1395,nippon_large_cap
2016-06-22,23.9513,nippon_large_cap
2016-06-21,24.0185,nippon_large_cap
2016-06-20,24.0874,nippon_large_cap
2016-06-17,23.9414,nippon_large_cap
2016-06-16,23.8671,nippon_large_cap
2016-06-15,23.9778,nippon_large_cap
2016-06-14,23.6765,nippon_large_cap
2016-06-13,23.6063,nippon_large_cap
2016-06-10,23.7818,nippon_large_cap
2016-06-09,23.9139,nippon_large_cap
2016-06-08,24.0318,nippon_large_cap
2016-06-07,23.89,nippon_large_cap
2016-06-06,23.6339,nippon_large_cap
2016-06-03,23.5755,nippon_large_cap
2016-06-02,23.6277,nippon_large_cap
2016-06-01,23.4935,nippon_large_cap
2016-05-31,23.5294,nippon_large_cap
2016-05-30,23.4529,nippon_large_cap
2016-05-27,23.413,nippon_large_cap
2016-05-26,23.2084,nippon_large_cap
2016-05-25,22.766,nippon_large_cap
2016-05-24,22.2477,nippon_large_cap
2016-05-23,22.2697,nippon_large_cap
2016-05-20,22.3326,nippon_large_cap
2016-05-19,22.4418,nippon_large_cap
2016-05-18,22.7496,nippon_large_cap
2016-05-17,22.8349,nippon_large_cap
2016-05-16,22.6867,nippon_large_cap
2016-05-13,22.7227,nippon_large_cap
2016-05-12,22.8837,nippon_large_cap
2016-05-11,22.7257,nippon_large_cap
2016-05-10,22.8087,nippon_large_cap
2016-05-09,22.757,nippon_large_cap
2016-05-06,22.3996,nippon_large_cap
2016-05-05,22.3476,nippon_large_cap
2016-05-04,22.2164,nippon_large_cap
2016-05-03,22.4577,nippon_large_cap
2016-05-02,22.6677,nippon_large_cap
2016-04-29,22.7631,nippon_large_cap
2016-04-28,22.8054,nippon_large_cap
2016-04-27,23.2149,nippon_large_cap
2016-04-26,23.3473,nippon_large_cap
2016-04-25,23.1021,nippon_large_cap
2016-04-22,23.2899,nippon_large_cap
2016-04-21,23.2232,nippon_large_cap
2016-04-20,23.135,nippon_large_cap
2016-04-18,23.1322,nippon_large_cap
2016-04-13,22.9962,nippon_large_cap
2016-04-12,22.6159,nippon_large_cap
2016-04-11,22.4342,nippon_large_cap
2016-04-08,22.1561,nippon_large_cap
2016-04-07,22.0958,nippon_large_cap
2016-04-06,22.2747,nippon_large_cap
2016-04-05,22.2847,nippon_large_cap
2016-04-04,22.8388,nippon_large_cap
2016-04-01,22.7749,nippon_large_cap
2016-03-31,22.7305,nippon_large_cap
2016-03-30,22.7469,nippon_large_cap
2016-03-29,22.2831,nippon_large_cap
2016-03-28,22.261,nippon_large_cap
2016-03-23,22.5952,nippon_large_cap
2016-03-22,22.621,nippon_large_cap
2016-03-21,22.5146,nippon_large_cap
2016-03-18,22.1565,nippon_large_cap
2016-03-17,21.8864,nippon_large_cap
2016-03-16,21.7742,nippon_large_cap
2016-03-15,21.6629,nippon_large_cap
2016-03-14,21.7934,nippon_large_cap
2016-03-11,21.6799,nippon_large_cap
2016-03-10,21.6154,nippon_large_cap
2016-03-09,21.8384,nippon_large_cap
2016-03-08,21.7427,nippon_large_cap
2016-03-04,21.8207,nippon_large_cap
2016-03-03,21.8293,nippon_large_cap
2016-03-02,21.4877,nippon_large_cap
2016-03-01,20.9882,nippon_large_cap
2016-02-29,20.3216,nippon_large_cap
2016-02-26,20.3822,nippon_large_cap
2016-02-25,20.2073,nippon_large_cap
2016-02-24,20.4871,nippon_large_cap
2016-02-23,20.7066,nippon_large_cap
2016-02-22,21.0577,nippon_large_cap
2016-02-19,20.9572,nippon_large_cap
2016-02-18,20.8984,nippon_large_cap
2016-02-17,20.7377,nippon_large_cap
2016-02-16,20.6254,nippon_large_cap
2016-02-15,21.1626,nippon_large_cap
2016-02-12,20.335,nippon_large_cap
2016-02-11,20.5606,nippon_large_cap
2016-02-10,21.2345,nippon_large_cap
2016-02-09,21.511,nippon_large_cap
2016-02-08,21.931,nippon_large_cap
2016-02-05,22.1293,nippon_large_cap
2016-02-04,21.8202,nippon_large_cap
2016-02-03,21.6981,nippon_large_cap
2016-02-02,21.9913,nippon_large_cap
2016-02-01,22.3199,nippon_large_cap
2016-01-29,22.3623,nippon_large_cap
2016-01-28,22.1207,nippon_large_cap
2016-01-27,22.2157,nippon_large_cap
2016-01-25,22.1872,nippon_large_cap
2016-01-22,22.1803,nippon_large_cap
2016-01-21,21.6986,nippon_large_cap
2016-01-20,21.7905,nippon_large_cap
2016-01-19,22.1989,nippon_large_cap
2016-01-18,21.8577,nippon_large_cap
2016-01-15,22.2522,nippon_large_cap
2016-01-14,22.7351,nippon_large_cap
2016-01-13,22.9722,nippon_large_cap
2016-01-12,22.8466,nippon_large_cap
2016-01-11,23.017,nippon_large_cap
2016-01-08,23.1295,nippon_large_cap
2016-01-07,23.024,nippon_large_cap
2016-01-06,23.6076,nippon_large_cap
2016-01-05,23.6725,nippon_large_cap
2016-01-04,23.6582,nippon_large_cap
2016-01-01,24.1592,nippon_large_cap
2015-12-31,24.0469,nippon_large_cap
2015-12-30,23.9469,nippon_large_cap
2015-12-29,24.0464,nippon_large_cap
2015-12-28,24.0376,nippon_large_cap
2015-12-24,23.8664,nippon_large_cap
2015-12-23,23.8732,nippon_large_cap
2015-12-22,23.6914,nippon_large_cap
2015-12-21,23.7742,nippon_large_cap
2015-12-18,23.5299,nippon_large_cap
2015-12-17,23.7584,nippon_large_cap
2015-12-16,23.4669,nippon_large_cap
2015-12-15,23.3506,nippon_large_cap
2015-12-14,23.1611,nippon_large_cap
2015-12-11,23.1149,nippon_large_cap
2015-12-10,23.3611,nippon_large_cap
2015-12-09,23.1808,nippon_large_cap
2015-12-08,23.5217,nippon_large_cap
2015-12-07,23.6828,nippon_large_cap
2015-12-04,23.6939,nippon_large_cap
2015-12-03,23.8826,nippon_large_cap
2015-12-02,23.9763,nippon_large_cap
2015-12-01,24.1287,nippon_large_cap
2015-11-30,24.0853,nippon_large_cap
2015-11-27,24.0645,nippon_large_cap
2015-11-26,23.8873,nippon_large_cap
2015-11-24,23.7693,nippon_large_cap
2015-11-23,23.8062,nippon_large_cap
2015-11-20,23.7739,nippon_large_cap
2015-11-19,23.7152,nippon_large_cap
2015-11-18,23.3993,nippon_large_cap
2015-11-17,23.6869,nippon_large_cap
2015-11-16,23.6464,nippon_large_cap
2015-11-13,23.6023,nippon_large_cap
2015-11-10,23.6048,nippon_large_cap
2015-11-09,24.0569,nippon_large_cap
2015-11-06,23.9408,nippon_large_cap
2015-11-05,23.8487,nippon_large_cap
2015-11-04,24.1744,nippon_large_cap
2015-11-03,24.14,nippon_large_cap
2015-11-02,24.0093,nippon_large_cap
2015-10-30,23.9588,nippon_large_cap
2015-10-29,23.9492,nippon_large_cap
2015-10-28,24.1553,nippon_large_cap
2015-10-27,24.4353,nippon_large_cap
2015-10-26,24.3338,nippon_large_cap
2015-10-23,24.4185,nippon_large_cap
2015-10-21,24.3804,nippon_large_cap
2015-10-20,24.4647,nippon_large_cap
2015-10-19,24.3698,nippon_large_cap
2015-10-16,24.2571,nippon_large_cap
2015-10-15,24.0433,nippon_large_cap
2015-10-14,23.82,nippon_large_cap
2015-10-13,23.8587,nippon_large_cap
2015-10-12,23.9224,nippon_large_cap
2015-10-09,23.9808,nippon_large_cap
2015-10-08,23.8578,nippon_large_cap
2015-10-07,24.0002,nippon_large_cap
2015-10-06,23.9205,nippon_large_cap
2015-10-05,23.8972,nippon_large_cap
2015-10-01,23.4492,nippon_large_cap
2015-09-30,23.5371,nippon_large_cap
2015-09-29,23.3434,nippon_large_cap
2015-09-28,23.2893,nippon_large_cap
2015-09-24,23.5282,nippon_large_cap
2015-09-23,23.4782,nippon_large_cap
2015-09-22,23.3928,nippon_large_cap
2015-09-21,23.7417,nippon_large_cap
2015-09-18,23.7631,nippon_large_cap
2015-09-16,23.5121,nippon_large_cap
2015-09-15,23.3685,nippon_large_cap
2015-09-14,23.5968,nippon_large_cap
2015-09-11,23.3722,nippon_large_cap
2015-09-10,23.3613,nippon_large_cap
2015-09-09,23.4313,nippon_large_cap
2015-09-08,22.9928,nippon_large_cap
2015-09-07,22.6228,nippon_large_cap
2015-09-04,23.0544,nippon_large_cap
2015-09-03,23.5001,nippon_large_cap
2015-09-02,23.2252,nippon_large_cap
2015-09-01,23.4753,nippon_large_cap
2015-08-31,24.0781,nippon_large_cap
2015-08-28,24.1199,nippon_large_cap
2015-08-27,23.9878,nippon_large_cap
2015-08-26,23.6063,nippon_large_cap
2015-08-25,23.8135,nippon_large_cap
2015-08-24,23.407,nippon_large_cap
2015-08-21,25.0656,nippon_large_cap
2015-08-20,25.25,nippon_large_cap
2015-08-19,25.7371,nippon_large_cap
2015-08-18,25.5622,nippon_large_cap
2015-08-17,25.4857,nippon_large_cap
2015-08-14,25.5171,nippon_large_cap
2015-08-13,25.0586,nippon_large_cap
2015-08-12,24.9941,nippon_large_cap
2015-08-11,25.3892,nippon_large_cap
2015-08-10,25.5996,nippon_large_cap
2015-08-07,25.6753,nippon_large_cap
2015-08-06,25.7285,nippon_large_cap
2015-08-05,25.5498,nippon_large_cap
2015-08-04,25.3628,nippon_large_cap
2015-08-03,25.3743,nippon_large_cap
2015-07-31,25.3581,nippon_large_cap
2015-07-30,25.1135,nippon_large_cap
2015-07-29,25.0338,nippon_large_cap
2015-07-28,24.8213,nippon_large_cap
2015-07-27,24.8146,nippon_large_cap
2015-07-24,25.3293,nippon_large_cap
2015-07-23,25.6279,nippon_large_cap
2015-07-22,25.5973,nippon_large_cap
2015-07-21,25.2492,nippon_large_cap
2015-07-20,25.486,nippon_large_cap
2015-07-17,25.5135,nippon_large_cap
2015-07-16,25.4921,nippon_large_cap
2015-07-15,25.215,nippon_large_cap
2015-07-14,25.0818,nippon_large_cap
2015-07-13,25.1261,nippon_large_cap
2015-07-10,24.8298,nippon_large_cap
2015-07-09,24.6404,nippon_large_cap
2015-07-08,24.7241,nippon_large_cap
2015-07-07,24.98,nippon_large_cap
2015-07-06,24.989,nippon_large_cap
2015-07-03,24.8297,nippon_large_cap
2015-07-02,24.7617,nippon_large_cap
2015-07-01,24.6845,nippon_large_cap
2015-06-30,24.3172,nippon_large_cap
2015-06-29,24.1628,nippon_large_cap
2015-06-26,24.4435,nippon_large_cap
2015-06-25,24.4484,nippon_large_cap
2015-06-24,24.3374,nippon_large_cap
2015-06-23,24.4327,nippon_large_cap
2015-06-22,24.314,nippon_large_cap
2015-06-19,23.9869,nippon_large_cap
2015-06-18,23.9182,nippon_large_cap
2015-06-17,23.6298,nippon_large_cap
2015-06-16,23.422,nippon_large_cap
2015-06-15,23.3314,nippon_large_cap
2015-06-12,23.2541,nippon_large_cap
2015-06-11,23.2339,nippon_large_cap
2015-06-10,23.7336,nippon_large_cap
2015-06-09,23.4042,nippon_large_cap
2015-06-08,23.48,nippon_large_cap
2015-06-05,23.7208,nippon_large_cap
2015-06-04,23.8115,nippon_large_cap
2015-06-03,23.7295,nippon_large_cap
2015-06-02,24.0843,nippon_large_cap
2015-06-01,24.5501,nippon_large_cap
2015-05-29,24.5983,nippon_large_cap
2015-05-28,24.3028,nippon_large_cap
2015-05-27,24.3084,nippon_large_cap
2015-05-26,24.2644,nippon_large_cap
2015-05-25,24.3027,nippon_large_cap
2015-05-22,24.4413,nippon_large_cap
2015-05-21,24.4188,nippon_large_cap
2015-05-20,24.3303,nippon_large_cap
2015-05-19,24.2613,nippon_large_cap
2015-05-18,24.2303,nippon_large_cap
2015-05-15,23.9606,nippon_large_cap
2015-05-14,23.8744,nippon_large_cap
2015-05-13,23.7317,nippon_large_cap
2015-05-12,23.3741,nippon_large_cap
2015-05-11,23.9045,nippon_large_cap
2015-05-08,23.5699,nippon_large_cap
2015-05-07,23.2601,nippon_large_cap
2015-05-06,23.4804,nippon_large_cap
2015-05-05,24.2251,nippon_large_cap
2015-05-04,24.2991,nippon_large_cap
2015-04-30,23.8871,nippon_large_cap
2015-04-29,23.9581,nippon_large_cap
2015-04-28,23.9604,nippon_large_cap
2015-04-27,23.6176,nippon_large_cap
2015-04-24,23.807,nippon_large_cap
2015-04-23,24.1274,nippon_large_cap
2015-04-22,24.2623,nippon_large_cap
2015-04-21,24.2302,nippon_large_cap
2015-04-20,24.3175,nippon_large_cap
2015-04-17,24.7472,nippon_large_cap
2015-04-16,25.0457,nippon_large_cap
2015-04-15,25.2197,nippon_large_cap
2015-04-13,25.4607,nippon_large_cap
2015-04-10,25.4342,nippon_large_cap
2015-04-09,25.4355,nippon_large_cap
2015-04-08,25.3594,nippon_large_cap
2015-04-07,25.0988,nippon_large_cap
2015-04-06,25.1357,nippon_large_cap
2015-04-01,24.9774,nippon_large_cap
2015-03-31,24.8173,nippon_large_cap
2015-03-30,24.7205,nippon_large_cap
2015-03-27,24.2816,nippon_large_cap
2015-03-26,24.1744,nippon_large_cap
2015-03-25,24.601,nippon_large_cap
2015-03-24,24.5289,nippon_large_cap
2015-03-23,24.6014,nippon_large_cap
2015-03-20,24.8457,nippon_large_cap
2015-03-19,25.0654,nippon_large_cap
2015-03-18,25.1868,nippon_large_cap
2015-03-17,25.2614,nippon_large_cap
2015-03-16,24.9966,nippon_large_cap
2015-03-13,24.9985,nippon_large_cap
2015-03-12,25.4292,nippon_large_cap
2015-03-11,25.1691,nippon_large_cap
2015-03-10,25.2727,nippon_large_cap
2015-03-09,25.3653,nippon_large_cap
2015-03-05,25.7857,nippon_large_cap
2015-03-04,25.7662,nippon_large_cap
2015-03-03,25.8821,nippon_large_cap
2015-03-02,25.8113,nippon_large_cap
2015-02-27,25.1922,nippon_large_cap
2015-02-26,24.7007,nippon_large_cap
2015-02-25,25.0647,nippon_large_cap
2015-02-24,25.0551,nippon_large_cap
2015-02-23,25.1001,nippon_large_cap
2015-02-20,25.3486,nippon_large_cap
2015-02-19,25.4505,nippon_large_cap
2015-02-18,25.3552,nippon_large_cap
2015-02-16,25.142,nippon_large_cap
2015-02-13,25.2094,nippon_large_cap
2015-02-12,24.9342,nippon_large_cap
2015-02-11,24.5886,nippon_large_cap
2015-02-10,24.3834,nippon_large_cap
2015-02-09,24.2059,nippon_large_cap
2015-02-06,24.5556,nippon_large_cap
2015-02-05,24.8215,nippon_large_cap
2015-02-04,24.9246,nippon_large_cap
2015-02-03,25.0832,nippon_large_cap
2015-02-02,25.1129,nippon_large_cap
2015-01-30,25.0624,nippon_large_cap
2015-01-29,25.385,nippon_large_cap
2015-01-28,25.421,nippon_large_cap
2015-01-27,25.3339,nippon_large_cap
2015-01-23,25.0677,nippon_large_cap
2015-01-22,24.8819,nippon_large_cap
2015-01-21,24.7599,nippon_large_cap
2015-01-20,24.6911,nippon_large_cap
2015-01-19,24.5131,nippon_large_cap
2015-01-16,24.317,nippon_large_cap
2015-01-15,24.2222,nippon_large_cap
2015-01-14,23.7675,nippon_large_cap
2015-01-13,23.8283,nippon_large_cap
2015-01-12,23.8558,nippon_large_cap
2015-01-09,23.6919,nippon_large_cap
2015-01-08,23.5557,nippon_large_cap
2015-01-07,23.1888,nippon_large_cap
2015-01-06,23.2978,nippon_large_cap
2015-01-05,23.9306,nippon_large_cap
2015-01-02,23.8685,nippon_large_cap
2015-01-01,23.6528,nippon_large_cap
2014-12-31,23.6095,nippon_large_cap
2014-12-30,23.5498,nippon_large_cap
2014-12-29,23.4536,nippon_large_cap
2014-12-26,23.2489,nippon_large_cap
2014-12-24,23.1541,nippon_large_cap
2014-12-23,23.2479,nippon_large_cap
2014-12-22,23.3659,nippon_large_cap
2014-12-19,23.1536,nippon_large_cap
2014-12-18,23.0164,nippon_large_cap
2014-12-17,22.5613,nippon_large_cap
2014-12-16,22.6709,nippon_large_cap
2014-12-15,23.1125,nippon_large_cap
2014-12-12,23.2532,nippon_large_cap
2014-12-11,23.4096,nippon_large_cap
2014-12-10,23.5379,nippon_large_cap
2014-12-09,23.4637,nippon_large_cap
2014-12-08,23.7779,nippon_large_cap
2014-12-05,24.1536,nippon_large_cap
2014-12-04,24.3271,nippon_large_cap
2014-12-03,24.2533,nippon_large_cap
2014-12-02,23.9993,nippon_large_cap
2014-12-01,24.0141,nippon_large_cap
2014-11-28,23.9915,nippon_large_cap
2014-11-27,23.601,nippon_large_cap
2014-11-26,23.5148,nippon_large_cap
2014-11-25,23.5233,nippon_large_cap
2014-11-24,23.6832,nippon_large_cap
2014-11-21,23.5458,nippon_large_cap
2014-11-20,23.3456,nippon_large_cap
2014-11-19,23.3673,nippon_large_cap
2014-11-18,23.4951,nippon_large_cap
2014-11-17,23.3364,nippon_large_cap
2014-11-14,23.1963,nippon_large_cap
2014-11-13,23.0467,nippon_large_cap
2014-11-12,23.1128,nippon_large_cap
2014-11-11,23.0631,nippon_large_cap
2014-11-10,22.8659,nippon_large_cap
2014-11-07,22.8806,nippon_large_cap
2014-11-05,22.794,nippon_large_cap
2014-11-03,22.7017,nippon_large_cap
2014-10-31,22.7578,nippon_large_cap
2014-10-30,22.347,nippon_large_cap
2014-10-29,22.1388,nippon_large_cap
2014-10-28,21.996,nippon_large_cap
2014-10-27,21.8616,nippon_large_cap
2014-10-22,21.8551,nippon_large_cap
2014-10-21,21.5918,nippon_large_cap
2014-10-20,21.353,nippon_large_cap
2014-10-17,21.0171,nippon_large_cap
2014-10-16,20.9038,nippon_large_cap
2014-10-14,21.2408,nippon_large_cap
2014-10-13,21.2817,nippon_large_cap
2014-10-10,21.1257,nippon_large_cap
2014-10-09,21.3712,nippon_large_cap
2014-10-08,20.9858,nippon_large_cap
2014-10-07,21.0501,nippon_large_cap
2014-10-01,21.2853,nippon_large_cap
2014-09-30,21.3925,nippon_large_cap
2014-09-29,21.3504,nippon_large_cap
2014-09-26,21.3035,nippon_large_cap
2014-09-25,21.0385,nippon_large_cap
2014-09-24,21.3659,nippon_large_cap
2014-09-23,21.5175,nippon_large_cap
2014-09-22,21.8568,nippon_large_cap
2014-09-19,21.8276,nippon_large_cap
2014-09-18,21.9147,nippon_large_cap
2014-09-17,21.4862,nippon_large_cap
2014-09-16,21.3963,nippon_large_cap
2014-09-15,21.882,nippon_large_cap
2014-09-12,21.8769,nippon_large_cap
2014-09-11,21.8595,nippon_large_cap
2014-09-10,21.6806,nippon_large_cap
2014-09-09,21.8095,nippon_large_cap
2014-09-08,21.8269,nippon_large_cap
2014-09-05,21.5339,nippon_large_cap
2014-09-04,21.4261,nippon_large_cap
2014-09-03,21.4935,nippon_large_cap
2014-09-02,21.2769,nippon_large_cap
2014-09-01,21.1961,nippon_large_cap
2014-08-28,20.8633,nippon_large_cap
2014-08-27,20.8028,nippon_large_cap
2014-08-26,20.714,nippon_large_cap
2014-08-25,20.7768,nippon_large_cap
2014-08-22,20.7944,nippon_large_cap
2014-08-21,20.6579,nippon_large_cap
2014-08-20,20.5059,nippon_large_cap
2014-08-19,20.5276,nippon_large_cap
2014-08-18,20.3665,nippon_large_cap
2014-08-14,20.0711,nippon_large_cap
2014-08-13,19.9797,nippon_large_cap
2014-08-12,19.9321,nippon_large_cap
2014-08-11,19.7947,nippon_large_cap
2014-08-08,19.6787,nippon_large_cap
2014-08-07,19.9777,nippon_large_cap
2014-08-06,20.0311,nippon_large_cap
2014-08-05,20.1673,nippon_large_cap
2014-08-04,20.0161,nippon_large_cap
2014-08-01,19.7328,nippon_large_cap
2014-07-31,19.9239,nippon_large_cap
2014-07-30,20.062,nippon_large_cap
2014-07-28,20.0988,nippon_large_cap
2014-07-25,20.1615,nippon_large_cap
2014-07-24,20.3446,nippon_large_cap
2014-07-23,20.2631,nippon_large_cap
2014-07-22,20.1828,nippon_large_cap
2014-07-21,20.1456,nippon_large_cap
2014-07-18,20.1216,nippon_large_cap
2014-07-17,20.13,nippon_large_cap
2014-07-16,20.0502,nippon_large_cap
2014-07-15,19.7704,nippon_large_cap
2014-07-14,19.42,nippon_large_cap
2014-07-11,19.4787,nippon_large_cap
2014-07-10,19.7887,nippon_large_cap
2014-07-09,19.7643,nippon_large_cap
2014-07-08,20.0262,nippon_large_cap
2014-07-07,20.5836,nippon_large_cap
2014-07-04,20.5459,nippon_large_cap
2014-07-03,20.5302,nippon_large_cap
2014-07-02,20.4426,nippon_large_cap
2014-07-01,20.2354,nippon_large_cap
2014-06-30,20.1124,nippon_large_cap
2014-06-27,19.7392,nippon_large_cap
2014-06-26,19.5981,nippon_large_cap
2014-06-25,19.6921,nippon_large_cap
2014-06-24,19.6679,nippon_large_cap
2014-06-23,19.4828,nippon_large_cap
2014-06-20,19.4017,nippon_large_cap
2014-06-19,19.5007,nippon_large_cap
2014-06-18,19.6428,nippon_large_cap
2014-06-17,19.7723,nippon_large_cap
2014-06-16,19.5086,nippon_large_cap
2014-06-13,19.5601,nippon_large_cap
2014-06-12,19.8035,nippon_large_cap
2014-06-11,19.7583,nippon_large_cap
2014-06-10,19.7891,nippon_large_cap
2014-06-09,19.765,nippon_large_cap
2014-06-06,19.5433,nippon_large_cap
2014-06-05,19.3489,nippon_large_cap
2014-06-04,19.0685,nippon_large_cap
2014-06-03,18.9956,nippon_large_cap
2014-06-02,18.8857,nippon_large_cap
2014-05-30,18.4698,nippon_large_cap
2014-05-29,18.5928,nippon_large_cap
2014-05-28,18.7759,nippon_large_cap
2014-05-27,18.6606,nippon_large_cap
2014-05-26,18.7217,nippon_large_cap
2014-05-23,18.7953,nippon_large_cap
2014-05-22,18.4562,nippon_large_cap
2014-05-21,18.284,nippon_large_cap
2014-05-20,18.2096,nippon_large_cap
2014-05-19,18.0749,nippon_large_cap
2014-05-16,17.7003,nippon_large_cap
2014-05-15,17.2971,nippon_large_cap
2014-05-14,17.3858,nippon_large_cap
2014-05-13,17.3691,nippon_large_cap
2014-05-12,17.0811,nippon_large_cap
2014-05-09,16.7704,nippon_large_cap
2014-05-08,16.3463,nippon_large_cap
2014-05-07,16.3084,nippon_large_cap
2014-05-06,16.4314,nippon_large_cap
2014-05-05,16.4094,nippon_large_cap
2014-05-02,16.4055,nippon_large_cap
2014-04-30,16.4493,nippon_large_cap
2014-04-29,16.4949,nippon_large_cap
2014-04-28,16.643,nippon_large_cap
2014-04-25,16.6603,nippon_large_cap
2014-04-23,16.755,nippon_large_cap
2014-04-22,16.6901,nippon_large_cap
2014-04-21,16.6546,nippon_large_cap
2014-04-17,16.5079,nippon_large_cap
2014-04-16,16.2824,nippon_large_cap
2014-04-15,16.4793,nippon_large_cap
2014-04-11,16.5678,nippon_large_cap
2014-04-10,16.6791,nippon_large_cap
2014-04-09,16.636,nippon_large_cap
2014-04-07,16.4194,nippon_large_cap
2014-04-04,16.4255,nippon_large_cap
2014-04-03,16.5041,nippon_large_cap
2014-04-02,16.5762,nippon_large_cap
2014-04-01,16.3998,nippon_large_cap
2014-03-31,16.4337,nippon_large_cap
2014-03-28,16.295,nippon_large_cap
2014-03-27,16.1047,nippon_large_cap
2014-03-26,16.0209,nippon_large_cap
2014-03-25,16.0131,nippon_large_cap
2014-03-24,15.9637,nippon_large_cap
2014-03-21,15.8077,nippon_large_cap
2014-03-20,15.7631,nippon_large_cap
2014-03-19,15.8849,nippon_large_cap
2014-03-18,15.856,nippon_large_cap
2014-03-14,15.7305,nippon_large_cap
2014-03-13,15.7414,nippon_large_cap
2014-03-12,15.775,nippon_large_cap
2014-03-11,15.7797,nippon_large_cap
2014-03-10,15.8336,nippon_large_cap
2014-03-07,15.7893,nippon_large_cap
2014-03-06,15.624,nippon_large_cap
2014-03-05,15.4493,nippon_large_cap
2014-03-04,15.3215,nippon_large_cap
2014-03-03,15.108,nippon_large_cap
2014-02-28,15.2367,nippon_large_cap
2014-02-26,15.1423,nippon_large_cap
2014-02-25,15.0578,nippon_large_cap
2014-02-24,15.0174,nippon_large_cap
2014-02-21,14.9225,nippon_large_cap
2014-02-20,14.7635,nippon_large_cap
2014-02-19,14.8192,nippon_large_cap
2014-02-18,14.7053,nippon_large_cap
2014-02-17,14.5667,nippon_large_cap
2014-02-14,14.5321,nippon_large_cap
2014-02-13,14.4582,nippon_large_cap
2014-02-12,14.6409,nippon_large_cap
2014-02-11,14.5698,nippon_large_cap
2014-02-10,14.4875,nippon_large_cap
2014-02-07,14.5266,nippon_large_cap
2014-02-06,14.4906,nippon_large_cap
2014-02-05,14.4861,nippon_large_cap
2014-02-04,14.465,nippon_large_cap
2014-02-03,14.4507,nippon_large_cap
2014-01-31,14.6318,nippon_large_cap
2014-01-30,14.4573,nippon_large_cap
2014-01-29,14.5958,nippon_large_cap
2014-01-28,14.531,nippon_large_cap
2014-01-27,14.6153,nippon_large_cap
2014-01-24,14.9307,nippon_large_cap
2014-01-23,15.0994,nippon_large_cap
2014-01-22,15.111,nippon_large_cap
2014-01-21,15.0291,nippon_large_cap
2014-01-20,15.0026,nippon_large_cap
2014-01-17,14.8613,nippon_large_cap
2014-01-16,15.0355,nippon_large_cap
2014-01-15,15.0219,nippon_large_cap
2014-01-14,14.8923,nippon_large_cap
2014-01-13,14.9695,nippon_large_cap
2014-01-10,14.7676,nippon_large_cap
2014-01-09,14.7928,nippon_large_cap
2014-01-08,14.8357,nippon_large_cap
2014-01-07,14.856,nippon_large_cap
2014-01-06,14.9235,nippon_large_cap
2014-01-03,14.9541,nippon_large_cap
2014-01-02,14.9258,nippon_large_cap
2014-01-01,15.1641,nippon_large_cap
2013-12-31,15.1634,nippon_large_cap
2013-12-30,15.058,nippon_large_cap
2013-12-27,15.1338,nippon_large_cap
2013-12-26,15.0569,nippon_large_cap
2013-12-24,15.0519,nippon_large_cap
2013-12-23,15.0236,nippon_large_cap
2013-12-20,14.9808,nippon_large_cap
2013-12-19,14.7525,nippon_large_cap
2013-12-18,14.7942,nippon_large_cap
2013-12-17,14.5878,nippon_large_cap
2013-12-16,14.5314,nippon_large_cap
2013-12-13,14.4293,nippon_large_cap
2013-12-12,14.6114,nippon_large_cap
2013-12-11,14.72,nippon_large_cap
2013-12-10,14.7766,nippon_large_cap
2013-12-09,14.8292,nippon_large_cap
2013-12-06,14.6049,nippon_large_cap
2013-12-05,14.5651,nippon_large_cap
2013-12-04,14.408,nippon_large_cap
2013-12-03,14.469,nippon_large_cap
2013-12-02,14.4415,nippon_large_cap
2013-11-29,14.3277,nippon_large_cap
2013-11-28,14.1461,nippon_large_cap
2013-11-27,14.0241,nippon_large_cap
2013-11-26,14.0636,nippon_large_cap
2013-11-25,14.1929,nippon_large_cap
2013-11-22,13.9552,nippon_large_cap
2013-11-21,13.9415,nippon_large_cap
2013-11-20,14.1819,nippon_large_cap
2013-11-19,14.3778,nippon_large_cap
2013-11-18,14.3228,nippon_large_cap
2013-11-14,14.1196,nippon_large_cap
2013-11-13,13.9225,nippon_large_cap
2013-11-12,14.0191,nippon_large_cap
2013-11-11,14.0904,nippon_large_cap
2013-11-08,14.182,nippon_large_cap
2013-11-07,14.28,nippon_large_cap
2013-11-06,14.4002,nippon_large_cap
2013-11-05,14.4377,nippon_large_cap
2013-11-01,14.4273,nippon_large_cap
2013-10-31,14.3413,nippon_large_cap
2013-10-30,14.2056,nippon_large_cap
2013-10-29,14.119,nippon_large_cap
2013-10-28,13.8624,nippon_large_cap
2013-10-25,13.95,nippon_large_cap
2013-10-24,14.0033,nippon_large_cap
2013-10-23,14.0597,nippon_large_cap
2013-10-22,14.115,nippon_large_cap
2013-10-21,14.1188,nippon_large_cap
2013-10-18,14.0524,nippon_large_cap
2013-10-17,13.7852,nippon_large_cap
2013-10-15,13.8854,nippon_large_cap
2013-10-14,13.9362,nippon_large_cap
2013-10-11,13.9215,nippon_large_cap
2013-10-10,13.7388,nippon_large_cap
2013-10-09,13.7175,nippon_large_cap
2013-10-08,13.6174,nippon_large_cap
2013-10-07,13.6097,nippon_large_cap
2013-10-04,13.5546,nippon_large_cap
2013-10-03,13.5608,nippon_large_cap
2013-10-01,13.2715,nippon_large_cap
2013-09-30,13.1286,nippon_large_cap
2013-09-27,13.2945,nippon_large_cap
2013-09-26,13.3434,nippon_large_cap
2013-09-25,13.355,nippon_large_cap
2013-09-24,13.3638,nippon_large_cap
2013-09-23,13.408,nippon_large_cap
2013-09-20,13.6366,nippon_large_cap
2013-09-19,13.819,nippon_large_cap
2013-09-18,13.4428,nippon_large_cap
2013-09-17,13.3498,nippon_large_cap
2013-09-16,13.2876,nippon_large_cap
2013-09-13,13.3653,nippon_large_cap
2013-09-12,13.3458,nippon_large_cap
2013-09-11,13.4542,nippon_large_cap
2013-09-10,13.3471,nippon_large_cap
2013-09-06,12.9802,nippon_large_cap
2013-09-05,12.8133,nippon_large_cap
2013-09-04,12.564,nippon_large_cap
2013-09-03,12.3669,nippon_large_cap
2013-09-02,12.794,nippon_large_cap
2013-08-30,12.6214,nippon_large_cap
2013-08-29,12.4848,nippon_large_cap
2013-08-28,12.2443,nippon_large_cap
2013-08-27,12.2979,nippon_large_cap
2013-08-26,12.6806,nippon_large_cap
2013-08-23,12.5759,nippon_large_cap
2013-08-22,12.424,nippon_large_cap
2013-08-21,12.2191,nippon_large_cap
2013-08-20,12.4137,nippon_large_cap
2013-08-19,12.4366,nippon_large_cap
2013-08-16,12.6349,nippon_large_cap
2013-08-14,13.0848,nippon_large_cap
2013-08-13,13.0239,nippon_large_cap
2013-08-12,12.8515,nippon_large_cap
2013-08-08,12.7214,nippon_large_cap
2013-08-07,12.4816,nippon_large_cap
2013-08-06,12.3588,nippon_large_cap
2013-08-05,12.7128,nippon_large_cap
2013-08-02,12.6617,nippon_large_cap
2013-08-01,12.766,nippon_large_cap
2013-07-31,12.9014,nippon_large_cap
2013-07-30,12.7471,nippon_large_cap
2013-07-29,13.0033,nippon_large_cap
2013-07-26,13.0735,nippon_large_cap
2013-07-25,13.1914,nippon_large_cap
2013-07-24,13.2616,nippon_large_cap
2013-07-23,13.5137,nippon_large_cap
2013-07-22,13.4323,nippon_large_cap
2013-07-19,13.491,nippon_large_cap
2013-07-18,13.5266,nippon_large_cap
2013-07-17,13.4057,nippon_large_cap
2013-07-16,13.4826,nippon_large_cap
2013-07-15,13.6813,nippon_large_cap
2013-07-12,13.6028,nippon_large_cap
2013-07-11,13.4425,nippon_large_cap
2013-07-10,13.259,nippon_large_cap
2013-07-09,13.3168,nippon_large_cap
2013-07-08,13.2314,nippon_large_cap
2013-07-05,13.4009,nippon_large_cap
2013-07-04,13.3744,nippon_large_cap
2013-07-03,13.2808,nippon_large_cap
2013-07-02,13.5237,nippon_large_cap
2013-07-01,13.6086,nippon_large_cap
2013-06-28,13.445,nippon_large_cap
2013-06-27,13.1137,nippon_large_cap
2013-06-26,12.9478,nippon_large_cap
2013-06-25,12.9839,nippon_large_cap
2013-06-24,12.9791,nippon_large_cap
2013-06-21,13.1933,nippon_large_cap
2013-06-20,13.142,nippon_large_cap
2013-06-19,13.4689,nippon_large_cap
2013-06-18,13.4342,nippon_large_cap
2013-06-17,13.5024,nippon_large_cap
2013-06-14,13.4526,nippon_large_cap
2013-06-13,13.199,nippon_large_cap
2013-06-12,13.3408,nippon_large_cap
2013-06-11,13.3795,nippon_large_cap
2013-06-10,13.6318,nippon_large_cap
2013-06-07,13.7436,nippon_large_cap
2013-06-06,13.8693,nippon_large_cap
2013-06-05,13.8796,nippon_large_cap
2013-06-04,13.8528,nippon_large_cap
2013-06-03,13.8393,nippon_large_cap
2013-05-31,13.9164,nippon_large_cap
2013-05-30,14.1108,nippon_large_cap
2013-05-29,14.1521,nippon_large_cap
2013-05-28,14.2241,nippon_large_cap
2013-05-27,14.1468,nippon_large_cap
2013-05-24,13.9741,nippon_large_cap
2013-05-23,13.9275,nippon_large_cap
2013-05-22,14.2804,nippon_large_cap
2013-05-21,14.395,nippon_large_cap
2013-05-20,14.5075,nippon_large_cap
2013-05-17,14.6518,nippon_large_cap
2013-05-16,14.5877,nippon_large_cap
2013-05-15,14.5276,nippon_large_cap
2013-05-14,14.2231,nippon_large_cap
2013-05-13,14.1432,nippon_large_cap
2013-05-10,14.3731,nippon_large_cap
2013-05-09,14.2864,nippon_large_cap
2013-05-08,14.3518,nippon_large_cap
2013-05-07,14.3852,nippon_large_cap
2013-05-06,14.2356,nippon_large_cap
2013-05-03,14.1115,nippon_large_cap
2013-05-02,14.229,nippon_large_cap
2013-04-30,14.1086,nippon_large_cap
2013-04-29,14.1084,nippon_large_cap
2013-04-26,14.0531,nippon_large_cap
2013-04-25,14.0593,nippon_large_cap
2013-04-23,13.9829,nippon_large_cap
2013-04-22,14.0431,nippon_large_cap
2013-04-18,13.9167,nippon_large_cap
2013-04-17,13.7107,nippon_large_cap
2013-04-16,13.7055,nippon_large_cap
2013-04-15,13.4536,nippon_large_cap
2013-04-12,13.3635,nippon_large_cap
2013-04-11,13.5316,nippon_large_cap
2013-04-10,13.4579,nippon_large_cap
2013-04-09,13.3266,nippon_large_cap
2013-04-08,13.4526,nippon_large_cap
2013-04-05,13.4782,nippon_large_cap
2013-04-04,13.4167,nippon_large_cap
2013-04-03,13.6549,nippon_large_cap
2013-04-02,13.8124,nippon_large_cap
2013-04-01,13.6324,nippon_large_cap
2013-03-28,13.578,nippon_large_cap
2013-03-26,13.4772,nippon_large_cap
2013-03-25,13.4002,nippon_large_cap
2013-03-22,13.4563,nippon_large_cap
2013-03-21,13.4908,nippon_large_cap
2013-03-20,13.4866,nippon_large_cap
2013-03-19,13.7101,nippon_large_cap
2013-03-18,13.9688,nippon_large_cap
2013-03-15,14.0574,nippon_large_cap
2013-03-14,14.1321,nippon_large_cap
2013-03-13,13.9586,nippon_large_cap
2013-03-12,14.1646,nippon_large_cap
2013-03-11,14.2265,nippon_large_cap
2013-03-08,14.2733,nippon_large_cap
2013-03-07,14.1368,nippon_large_cap
2013-03-06,14.0779,nippon_large_cap
2013-03-05,13.9807,nippon_large_cap
2013-03-04,13.7577,nippon_large_cap
2013-03-01,13.8247,nippon_large_cap
2013-02-28,13.7174,nippon_large_cap
2013-02-27,13.9873,nippon_large_cap
2013-02-26,13.8873,nippon_large_cap
2013-02-25,14.0828,nippon_large_cap
2013-02-22,14.0985,nippon_large_cap
2013-02-21,14.0679,nippon_large_cap
2013-02-20,14.2782,nippon_large_cap
2013-02-19,14.2926,nippon_large_cap
2013-02-18,14.1843,nippon_large_cap
2013-02-15,14.1364,nippon_large_cap
2013-02-14,14.1541,nippon_large_cap
2013-02-13,14.3617,nippon_large_cap
2013-02-12,14.3298,nippon_large_cap
2013-02-11,14.2908,nippon_large_cap
2013-02-08,14.3212,nippon_large_cap
2013-02-07,14.4048,nippon_large_cap
2013-02-06,14.4775,nippon_large_cap
2013-02-05,14.4313,nippon_large_cap
2013-02-04,14.5479,nippon_large_cap
2013-02-01,14.5671,nippon_large_cap
2013-01-31,14.6179,nippon_large_cap
2013-01-30,14.6583,nippon_large_cap
2013-01-29,14.681,nippon_large_cap
2013-01-28,14.7737,nippon_large_cap
2013-01-25,14.7605,nippon_large_cap
2013-01-24,14.6226,nippon_large_cap
2013-01-23,14.7986,nippon_large_cap
2013-01-22,14.8574,nippon_large_cap
2013-01-21,14.9285,nippon_large_cap
2013-01-18,14.8654,nippon_large_cap
2013-01-17,14.7703,nippon_large_cap
2013-01-16,14.6876,nippon_large_cap
2013-01-15,14.8315,nippon_large_cap
2013-01-14,14.7844,nippon_large_cap
2013-01-11,14.6421,nippon_large_cap
2013-01-10,14.6784,nippon_large_cap
2013-01-09,14.7249,nippon_large_cap
2013-01-08,14.7197,nippon_large_cap
2013-01-07,14.7718,nippon_large_cap
2013-01-04,14.8037,nippon_large_cap
2013-01-03,14.7305,nippon_large_cap
2013-01-02,14.6967,nippon_large_cap
2026-07-24,106.5961,sbi_bluechip
2026-07-23,106.5851,sbi_bluechip
2026-07-22,106.6107,sbi_bluechip
2026-07-21,106.6567,sbi_bluechip
2026-07-20,106.5737,sbi_bluechip
2026-07-17,106.6001,sbi_bluechip
2026-07-16,106.5829,sbi_bluechip
2026-07-15,106.5116,sbi_bluechip
2026-07-14,106.4609,sbi_bluechip
2026-07-13,106.7026,sbi_bluechip
2026-07-10,106.6946,sbi_bluechip
2026-07-09,106.5776,sbi_bluechip
2026-07-08,106.5587,sbi_bluechip
2026-07-07,106.7977,sbi_bluechip
2026-07-06,106.8431,sbi_bluechip
2026-07-03,106.8042,sbi_bluechip
2026-07-02,106.7721,sbi_bluechip
2026-07-01,106.6451,sbi_bluechip
2026-06-30,106.6225,sbi_bluechip
2026-06-29,106.4648,sbi_bluechip
2026-06-25,106.3057,sbi_bluechip
2026-06-24,106.1268,sbi_bluechip
2026-06-23,106.041,sbi_bluechip
2026-06-22,105.985,sbi_bluechip
2026-06-19,105.9219,sbi_bluechip
2026-06-18,105.9003,sbi_bluechip
2026-06-17,105.8482,sbi_bluechip
2026-06-16,105.8455,sbi_bluechip
2026-06-15,105.8125,sbi_bluechip
2026-06-12,105.6864,sbi_bluechip
2026-06-11,105.5737,sbi_bluechip
2026-06-10,105.6569,sbi_bluechip
2026-06-09,105.5793,sbi_bluechip
2026-06-08,105.3084,sbi_bluechip
2026-06-05,105.107,sbi_bluechip
2026-06-04,104.8095,sbi_bluechip
2026-06-03,104.7496,sbi_bluechip
2026-06-02,104.7663,sbi_bluechip
2026-06-01,104.7025,sbi_bluechip
2026-05-29,104.657,sbi_bluechip
2026-05-27,104.5833,sbi_bluechip
2026-05-26,104.5269,sbi_bluechip
2026-05-25,104.5215,sbi_bluechip
2026-05-22,104.3467,sbi_bluechip
2026-05-21,104.285,sbi_bluechip
2026-05-20,104.3826,sbi_bluechip
2026-05-19,104.4216,sbi_bluechip
2026-05-18,104.3791,sbi_bluechip
2026-05-15,104.5968,sbi_bluechip
2026-05-14,104.7318,sbi_bluechip
2026-05-13,104.7371,sbi_bluechip
2026-05-12,104.7585,sbi_bluechip
2026-05-11,104.8053,sbi_bluechip
2026-05-08,104.8696,sbi_bluechip
2026-05-07,104.8762,sbi_bluechip
2026-05-06,104.8043,sbi_bluechip
2026-05-05,104.6166,sbi_bluechip
2026-05-04,104.6544,sbi_bluechip
2026-04-30,104.5706,sbi_bluechip
2026-04-29,104.6594,sbi_bluechip
2026-04-28,104.7428,sbi_bluechip
2026-04-27,104.7771,sbi_bluechip
2026-04-24,104.7091,sbi_bluechip
2026-04-23,104.7652,sbi_bluechip
2026-04-22,104.8473,sbi_bluechip
2026-04-21,104.847,sbi_bluechip
2026-04-20,104.8369,sbi_bluechip
2026-04-17,104.7821,sbi_bluechip
2026-04-16,104.7959,sbi_bluechip
2026-04-15,104.7901,sbi_bluechip
2026-04-13,104.6113,sbi_bluechip
2026-04-10,104.5956,sbi_bluechip
2026-04-09,104.515,sbi_bluechip
2026-04-08,104.3919,sbi_bluechip
2026-04-07,103.9918,sbi_bluechip
2026-04-06,103.9142,sbi_bluechip
2026-04-02,103.8813,sbi_bluechip
2026-03-31,104.0116,sbi_bluechip
2026-03-30,103.9921,sbi_bluechip
2026-03-27,103.9102,sbi_bluechip
2026-03-25,103.9713,sbi_bluechip
2026-03-24,103.9816,sbi_bluechip
2026-03-23,110.6625,sbi_bluechip
2026-03-20,110.9352,sbi_bluechip
2026-03-18,110.9985,sbi_bluechip
2026-03-17,110.9316,sbi_bluechip
2026-03-16,110.9159,sbi_bluechip
2026-03-13,110.9287,sbi_bluechip
2026-03-12,110.9898,sbi_bluechip
2026-03-11,111.1072,sbi_bluechip
2026-03-10,111.0484,sbi_bluechip
2026-03-09,110.9193,sbi_bluechip
2026-03-06,111.0395,sbi_bluechip
2026-03-05,111.0534,sbi_bluechip
2026-03-04,110.9499,sbi_bluechip
2026-03-02,111.0653,sbi_bluechip
2026-02-27,111.0261,sbi_bluechip
2026-02-26,111.0069,sbi_bluechip
2026-02-25,110.9826,sbi_bluechip
2026-02-24,110.9394,sbi_bluechip
2026-02-23,110.8829,sbi_bluechip
2026-02-20,110.807,sbi_bluechip
2026-02-18,110.8613,sbi_bluechip
2026-02-17,110.8682,sbi_bluechip
2026-02-16,110.8409,sbi_bluechip
2026-02-13,110.7584,sbi_bluechip
2026-02-12,110.6309,sbi_bluechip
2026-02-11,110.5056,sbi_bluechip
2026-02-10,110.4293,sbi_bluechip
2026-02-09,110.4233,sbi_bluechip
2026-02-06,110.4173,sbi_bluechip
2026-02-05,110.5985,sbi_bluechip
2026-02-04,110.4477,sbi_bluechip
2026-02-03,110.296,sbi_bluechip
2026-02-02,110.1537,sbi_bluechip
2026-01-30,110.1903,sbi_bluechip
2026-01-29,110.0922,sbi_bluechip
2026-01-28,110.0855,sbi_bluechip
2026-01-27,110.1078,sbi_bluechip
2026-01-23,110.0766,sbi_bluechip
2026-01-22,110.0539,sbi_bluechip
2026-01-21,109.9438,sbi_bluechip
2026-01-20,109.9385,sbi_bluechip
2026-01-19,109.9742,sbi_bluechip
2026-01-16,110.0107,sbi_bluechip
2026-01-14,110.1286,sbi_bluechip
2026-01-13,110.1878,sbi_bluechip
2026-01-12,110.2974,sbi_bluechip
2026-01-09,110.2327,sbi_bluechip
2026-01-08,110.2218,sbi_bluechip
2026-01-07,110.2175,sbi_bluechip
2026-01-06,110.2647,sbi_bluechip
2026-01-05,110.2498,sbi_bluechip
2026-01-02,110.3333,sbi_bluechip
2026-01-01,110.3493,sbi_bluechip
2025-12-31,110.3212,sbi_bluechip
2025-12-30,110.2176,sbi_bluechip
2025-12-29,110.2799,sbi_bluechip
2025-12-26,110.2247,sbi_bluechip
2025-12-24,110.2079,sbi_bluechip
2025-12-23,109.9954,sbi_bluechip
2025-12-22,110.0241,sbi_bluechip
2025-12-19,110.0403,sbi_bluechip
2025-12-18,110.0195,sbi_bluechip
2025-12-17,110.0266,sbi_bluechip
2025-12-16,110.0261,sbi_bluechip
2025-12-15,109.9944,sbi_bluechip
2025-12-12,110.0652,sbi_bluechip
2025-12-11,110.0609,sbi_bluechip
2025-12-10,110.0466,sbi_bluechip
2025-12-09,110.1852,sbi_bluechip
2025-12-08,110.3299,sbi_bluechip
2025-12-05,110.3373,sbi_bluechip
2025-12-04,110.235,sbi_bluechip
2025-12-03,110.2362,sbi_bluechip
2025-12-02,110.2349,sbi_bluechip
2025-12-01,110.211,sbi_bluechip
2025-11-28,110.2615,sbi_bluechip
2025-11-27,110.2743,sbi_bluechip
2025-11-26,110.2658,sbi_bluechip
2025-11-25,110.1924,sbi_bluechip
2025-11-24,110.1322,sbi_bluechip
2025-11-21,110.0708,sbi_bluechip
2025-11-20,110.0882,sbi_bluechip
2025-11-19,110.0771,sbi_bluechip
2025-11-18,110.0205,sbi_bluechip
2025-11-17,109.9756,sbi_bluechip
2025-11-14,109.9725,sbi_bluechip
2025-11-13,109.9907,sbi_bluechip
2025-11-12,109.9947,sbi_bluechip
2025-11-11,109.961,sbi_bluechip
2025-11-10,109.925,sbi_bluechip
2025-11-07,109.8609,sbi_bluechip
2025-11-06,109.8337,sbi_bluechip
2025-11-04,109.7941,sbi_bluechip
2025-11-03,109.7548,sbi_bluechip
2025-10-31,109.6768,sbi_bluechip
2025-10-30,109.6521,sbi_bluechip
2025-10-29,109.6934,sbi_bluechip
2025-10-28,109.6404,sbi_bluechip
2025-10-27,109.6125,sbi_bluechip
2025-10-24,109.5673,sbi_bluechip
2025-10-23,109.5817,sbi_bluechip
2025-10-20,109.6155,sbi_bluechip
2025-10-17,109.5844,sbi_bluechip
2025-10-16,109.5131,sbi_bluechip
2025-10-15,109.4754,sbi_bluechip
2025-10-14,109.4088,sbi_bluechip
2025-10-13,109.3763,sbi_bluechip
2025-10-10,109.2852,sbi_bluechip
2025-10-09,109.2597,sbi_bluechip
2025-10-08,109.2524,sbi_bluechip
2025-10-07,109.2045,sbi_bluechip
2025-10-06,109.0926,sbi_bluechip
2025-10-03,108.9591,sbi_bluechip
2025-10-01,108.8285,sbi_bluechip
2025-09-30,108.7397,sbi_bluechip
2025-09-26,108.6702,sbi_bluechip
2025-09-25,108.617,sbi_bluechip
2025-09-24,108.5859,sbi_bluechip
2025-09-23,108.5708,sbi_bluechip
2025-09-22,108.5131,sbi_bluechip
2025-09-19,108.4428,sbi_bluechip
2025-09-18,108.4552,sbi_bluechip
2025-09-17,108.4538,sbi_bluechip
2025-09-16,108.3787,sbi_bluechip
2025-09-15,108.3802,sbi_bluechip
2025-09-12,108.4006,sbi_bluechip
2025-09-11,108.369,sbi_bluechip
2025-09-10,108.3574,sbi_bluechip
2025-09-09,108.3519,sbi_bluechip
2025-09-05,108.245,sbi_bluechip
2025-09-04,108.1379,sbi_bluechip
2025-09-03,108.0471,sbi_bluechip
2025-09-02,108.0088,sbi_bluechip
2025-09-01,108.0373,sbi_bluechip
2025-08-29,108.0297,sbi_bluechip
2025-08-28,108.066,sbi_bluechip
2025-08-26,107.9266,sbi_bluechip
2025-08-25,108.1037,sbi_bluechip
2025-08-22,108.1096,sbi_bluechip
2025-08-21,108.0985,sbi_bluechip
2025-08-20,108.0899,sbi_bluechip
2025-08-19,108.0083,sbi_bluechip
2025-08-18,108.1271,sbi_bluechip
2025-08-14,108.1543,sbi_bluechip
2025-08-13,107.9901,sbi_bluechip
2025-08-12,108.049,sbi_bluechip
2025-08-11,108.2018,sbi_bluechip
2025-08-08,108.2726,sbi_bluechip
2025-08-07,108.2611,sbi_bluechip
2025-08-06,108.2153,sbi_bluechip
2025-08-05,108.4412,sbi_bluechip
2025-08-04,108.4355,sbi_bluechip
2025-08-01,108.2952,sbi_bluechip
2025-07-31,108.2167,sbi_bluechip
2025-07-30,108.1757,sbi_bluechip
2025-07-29,108.1828,sbi_bluechip
2025-07-28,108.2193,sbi_bluechip
2025-07-25,108.1982,sbi_bluechip
2025-07-24,108.2573,sbi_bluechip
2025-07-23,108.2277,sbi_bluechip
2025-07-22,108.1979,sbi_bluechip
2025-07-21,108.1729,sbi_bluechip
2025-07-18,108.1161,sbi_bluechip
2025-07-17,108.0272,sbi_bluechip
2025-07-16,107.9658,sbi_bluechip
2025-07-15,107.962,sbi_bluechip
2025-07-14,107.9617,sbi_bluechip
2025-07-11,107.9125,sbi_bluechip
2025-07-10,107.8928,sbi_bluechip
2025-07-09,107.8924,sbi_bluechip
2025-07-08,107.9198,sbi_bluechip
2025-07-07,107.9243,sbi_bluechip
2025-07-04,107.8466,sbi_bluechip
2025-07-03,107.8552,sbi_bluechip
2025-07-02,107.7677,sbi_bluechip
2025-07-01,107.6624,sbi_bluechip
2025-06-30,107.5767,sbi_bluechip
2025-06-27,107.4878,sbi_bluechip
2025-06-26,107.5011,sbi_bluechip
2025-06-25,107.511,sbi_bluechip
2025-06-24,107.5733,sbi_bluechip
2025-06-23,107.4577,sbi_bluechip
2025-06-20,107.4384,sbi_bluechip
2025-06-19,107.4465,sbi_bluechip
2025-06-18,107.5716,sbi_bluechip
2025-06-17,107.5644,sbi_bluechip
2025-06-16,107.4387,sbi_bluechip
2025-06-13,107.3575,sbi_bluechip
2025-06-12,107.4825,sbi_bluechip
2025-06-11,107.5439,sbi_bluechip
2025-06-10,107.6421,sbi_bluechip
2025-06-09,107.886,sbi_bluechip
2025-06-06,108.0092,sbi_bluechip
2025-06-05,107.7812,sbi_bluechip
2025-06-04,107.7469,sbi_bluechip
2025-06-03,107.7345,sbi_bluechip
2025-06-02,107.7103,sbi_bluechip
2025-05-30,107.657,sbi_bluechip
2025-05-29,107.6883,sbi_bluechip
2025-05-28,107.6822,sbi_bluechip
2025-05-27,107.6329,sbi_bluechip
2025-05-26,107.6218,sbi_bluechip
2025-05-23,107.5534,sbi_bluechip
2025-05-22,107.5193,sbi_bluechip
2025-05-21,107.4878,sbi_bluechip
2025-05-20,107.2867,sbi_bluechip
2025-05-19,107.1766,sbi_bluechip
2025-05-16,107.0688,sbi_bluechip
2025-05-15,106.9055,sbi_bluechip
2025-05-14,106.7901,sbi_bluechip
2025-05-13,106.6661,sbi_bluechip
2025-05-09,106.2789,sbi_bluechip
2025-05-08,106.3466,sbi_bluechip
2025-05-07,106.5585,sbi_bluechip
2025-05-06,106.5085,sbi_bluechip
2025-05-05,106.5451,sbi_bluechip
2025-05-02,106.4573,sbi_bluechip
2025-04-30,106.4272,sbi_bluechip
2025-04-29,106.4231,sbi_bluechip
2025-04-28,106.3422,sbi_bluechip
2025-04-25,106.2928,sbi_bluechip
2025-04-24,106.3431,sbi_bluechip
2025-04-23,106.3557,sbi_bluechip
2025-04-22,106.2867,sbi_bluechip
2025-04-21,106.1959,sbi_bluechip
2025-04-17,106.0393,sbi_bluechip
2025-04-16,105.9138,sbi_bluechip
2025-04-15,105.8256,sbi_bluechip
2025-04-11,105.7166,sbi_bluechip
2025-04-09,105.595,sbi_bluechip
2025-04-08,105.4798,sbi_bluechip
2025-04-07,105.4895,sbi_bluechip
2025-04-04,105.4731,sbi_bluechip
2025-04-03,105.407,sbi_bluechip
2025-04-02,105.2693,sbi_bluechip
2025-03-31,104.8517,sbi_bluechip
2025-03-28,104.798,sbi_bluechip
2025-03-27,104.5887,sbi_bluechip
2025-03-26,104.4275,sbi_bluechip
2025-03-25,104.3152,sbi_bluechip
2025-03-24,104.2711,sbi_bluechip
2025-03-21,104.1787,sbi_bluechip
2025-03-20,104.0851,sbi_bluechip
2025-03-19,103.9843,sbi_bluechip
2025-03-18,103.8685,sbi_bluechip
2025-03-17,103.8183,sbi_bluechip
2025-03-13,103.7314,sbi_bluechip
2025-03-12,103.6937,sbi_bluechip
2025-03-11,103.6633,sbi_bluechip
2025-03-10,103.6318,sbi_bluechip
2025-03-07,103.5932,sbi_bluechip
2025-03-06,103.577,sbi_bluechip
2025-03-05,103.5156,sbi_bluechip
2025-03-04,103.4961,sbi_bluechip
2025-03-03,103.4915,sbi_bluechip
2025-02-28,103.4542,sbi_bluechip
2025-02-27,103.475,sbi_bluechip
2025-02-25,103.5311,sbi_bluechip
2025-02-24,103.523,sbi_bluechip
2025-02-21,103.4606,sbi_bluechip
2025-02-20,103.4473,sbi_bluechip
2025-02-18,103.428,sbi_bluechip
2025-02-17,103.4024,sbi_bluechip
2025-02-14,103.3587,sbi_bluechip
2025-02-13,103.3413,sbi_bluechip
2025-02-12,103.3327,sbi_bluechip
2025-02-11,103.3491,sbi_bluechip
2025-02-10,103.3119,sbi_bluechip
2025-02-07,103.2983,sbi_bluechip
2025-02-06,103.3557,sbi_bluechip
2025-02-05,103.2887,sbi_bluechip
2025-02-04,103.2096,sbi_bluechip
2025-02-03,103.2079,sbi_bluechip
2025-01-31,103.1194,sbi_bluechip
2025-01-30,103.0995,sbi_bluechip
2025-01-29,103.0631,sbi_bluechip
2025-01-28,103.0551,sbi_bluechip
2025-01-27,103.0191,sbi_bluechip
2025-01-24,102.9,sbi_bluechip
2025-01-23,102.8828,sbi_bluechip
2025-01-22,102.882,sbi_bluechip
2025-01-21,102.833,sbi_bluechip
2025-01-20,102.7722,sbi_bluechip
2025-01-17,102.6971,sbi_bluechip
2025-01-16,102.6846,sbi_bluechip
2025-01-15,102.5547,sbi_bluechip
2025-01-14,102.5067,sbi_bluechip
2025-01-13,102.479,sbi_bluechip
2025-01-10,102.5788,sbi_bluechip
2025-01-09,102.5669,sbi_bluechip
2025-01-08,102.5842,sbi_bluechip
2025-01-07,102.5942,sbi_bluechip
2025-01-06,102.5428,sbi_bluechip
2025-01-03,102.4734,sbi_bluechip
2025-01-02,102.4411,sbi_bluechip
2025-01-01,102.4373,sbi_bluechip
2024-12-31,102.4261,sbi_bluechip
2024-12-30,102.3935,sbi_bluechip
2024-12-27,102.3377,sbi_bluechip
2024-12-26,102.3057,sbi_bluechip
2024-12-24,102.276,sbi_bluechip
2024-12-23,102.2971,sbi_bluechip
2024-12-20,102.2299,sbi_bluechip
2024-12-19,102.2319,sbi_bluechip
2024-12-18,102.3051,sbi_bluechip
2024-12-17,102.2788,sbi_bluechip
2024-12-16,108.8176,sbi_bluechip
2024-12-13,108.7654,sbi_bluechip
2024-12-12,108.76,sbi_bluechip
2024-12-11,108.7714,sbi_bluechip
2024-12-10,108.7512,sbi_bluechip
2024-12-09,108.7124,sbi_bluechip
2024-12-06,108.6492,sbi_bluechip
2024-12-05,108.7127,sbi_bluechip
2024-12-04,108.6652,sbi_bluechip
2024-12-03,108.5772,sbi_bluechip
2024-12-02,108.547,sbi_bluechip
2024-11-29,108.3481,sbi_bluechip
2024-11-28,108.248,sbi_bluechip
2024-11-27,108.2186,sbi_bluechip
2024-11-26,108.234,sbi_bluechip
2024-11-25,108.2199,sbi_bluechip
2024-11-22,108.1301,sbi_bluechip
2024-11-21,108.1547,sbi_bluechip
2024-11-19,108.1459,sbi_bluechip
2024-11-18,108.1144,sbi_bluechip
2024-11-14,108.0265,sbi_bluechip
2024-11-13,108.0513,sbi_bluechip
2024-11-12,108.0534,sbi_bluechip
2024-11-11,108.0457,sbi_bluechip
2024-11-08,107.9884,sbi_bluechip
2024-11-07,107.9237,sbi_bluechip
2024-11-06,107.8879,sbi_bluechip
2024-11-05,107.8874,sbi_bluechip
2024-11-04,107.8739,sbi_bluechip
2024-10-31,107.8015,sbi_bluechip
2024-10-30,107.7881,sbi_bluechip
2024-10-29,107.725,sbi_bluechip
2024-10-28,107.6861,sbi_bluechip
2024-10-25,107.6909,sbi_bluechip
2024-10-24,107.674,sbi_bluechip
2024-10-23,107.6336,sbi_bluechip
2024-10-22,107.5869,sbi_bluechip
2024-10-21,107.6357,sbi_bluechip
2024-10-18,107.6158,sbi_bluechip
2024-10-17,107.6503,sbi_bluechip
2024-10-16,107.6535,sbi_bluechip
2024-10-15,107.6534,sbi_bluechip
2024-10-14,107.6186,sbi_bluechip
2024-10-11,107.5265,sbi_bluechip
2024-10-10,107.504,sbi_bluechip
2024-10-09,107.4772,sbi_bluechip
2024-10-08,107.3126,sbi_bluechip
2024-10-07,107.2487,sbi_bluechip
2024-10-04,107.2257,sbi_bluechip
2024-10-03,107.3076,sbi_bluechip
2024-10-01,107.3237,sbi_bluechip
2024-09-30,107.225,sbi_bluechip
2024-09-27,107.1769,sbi_bluechip
2024-09-26,107.1966,sbi_bluechip
2024-09-25,107.1126,sbi_bluechip
2024-09-24,107.0466,sbi_bluechip
2024-09-23,107.0237,sbi_bluechip
2024-09-20,106.929,sbi_bluechip
2024-09-19,106.8809,sbi_bluechip
2024-09-17,106.7639,sbi_bluechip
2024-09-16,106.7623,sbi_bluechip
2024-09-13,106.6573,sbi_bluechip
2024-09-12,106.5827,sbi_bluechip
2024-09-11,106.5512,sbi_bluechip
2024-09-10,106.4902,sbi_bluechip
2024-09-09,106.4667,sbi_bluechip
2024-09-06,106.4146,sbi_bluechip
2024-09-05,106.4059,sbi_bluechip
2024-09-04,106.3754,sbi_bluechip
2024-09-03,106.3329,sbi_bluechip
2024-09-02,106.3054,sbi_bluechip
2024-08-30,106.2668,sbi_bluechip
2024-08-29,106.2648,sbi_bluechip
2024-08-28,106.2365,sbi_bluechip
2024-08-27,106.1953,sbi_bluechip
2024-08-26,106.1703,sbi_bluechip
2024-08-23,106.1127,sbi_bluechip
2024-08-22,106.0858,sbi_bluechip
2024-08-21,106.0518,sbi_bluechip
2024-08-20,106.0252,sbi_bluechip
2024-08-19,105.9818,sbi_bluechip
2024-08-16,105.9116,sbi_bluechip
2024-08-14,105.8943,sbi_bluechip
2024-08-13,105.8532,sbi_bluechip
2024-08-12,105.8262,sbi_bluechip
2024-08-09,105.7861,sbi_bluechip
2024-08-08,105.7637,sbi_bluechip
2024-08-07,105.7549,sbi_bluechip
2024-08-06,105.7253,sbi_bluechip
2024-08-05,105.7262,sbi_bluechip
2024-08-02,105.5909,sbi_bluechip
2024-08-01,105.5455,sbi_bluechip
2024-07-31,105.5109,sbi_bluechip
2024-07-30,105.5094,sbi_bluechip
2024-07-29,105.5119,sbi_bluechip
2024-07-26,105.4135,sbi_bluechip
2024-07-25,105.3408,sbi_bluechip
2024-07-24,105.2595,sbi_bluechip
2024-07-23,105.2253,sbi_bluechip
2024-07-22,105.223,sbi_bluechip
2024-07-19,105.1758,sbi_bluechip
2024-07-18,105.1452,sbi_bluechip
2024-07-16,105.0855,sbi_bluechip
2024-07-15,105.0151,sbi_bluechip
2024-07-12,104.9292,sbi_bluechip
2024-07-11,104.9227,sbi_bluechip
2024-07-10,104.9009,sbi_bluechip
2024-07-09,104.8761,sbi_bluechip
2024-07-08,104.8485,sbi_bluechip
2024-07-05,104.7786,sbi_bluechip
2024-07-04,104.745,sbi_bluechip
2024-07-03,104.7114,sbi_bluechip
2024-07-02,104.6724,sbi_bluechip
2024-07-01,104.6276,sbi_bluechip
2024-06-30,104.6136,sbi_bluechip
2024-06-28,104.574,sbi_bluechip
2024-06-27,104.5382,sbi_bluechip
2024-06-26,104.5187,sbi_bluechip
2024-06-25,104.5405,sbi_bluechip
2024-06-24,117.8708,sbi_bluechip
2024-06-21,104.4713,sbi_bluechip
2024-06-20,104.432,sbi_bluechip
2024-06-19,104.3994,sbi_bluechip
2024-06-18,104.3524,sbi_bluechip
2024-06-14,104.2704,sbi_bluechip
2024-06-13,104.2366,sbi_bluechip
2024-06-12,104.1778,sbi_bluechip
2024-06-11,104.1556,sbi_bluechip
2024-06-10,104.0928,sbi_bluechip
2024-06-07,104.0351,sbi_bluechip
2024-06-06,103.9979,sbi_bluechip
2024-06-05,103.9001,sbi_bluechip
2024-06-04,103.8414,sbi_bluechip
2024-06-03,104.0983,sbi_bluechip
2024-05-31,103.9547,sbi_bluechip
2024-05-30,103.9279,sbi_bluechip
2024-05-29,103.8954,sbi_bluechip
2024-05-28,103.9118,sbi_bluechip
2024-05-27,103.9153,sbi_bluechip
2024-05-24,103.871,sbi_bluechip
2024-05-22,103.7992,sbi_bluechip
2024-05-21,103.7247,sbi_bluechip
2024-05-17,103.6086,sbi_bluechip
2024-05-16,103.618,sbi_bluechip
2024-05-15,103.5312,sbi_bluechip
2024-05-14,103.4525,sbi_bluechip
2024-05-13,103.4188,sbi_bluechip
2024-05-10,103.3607,sbi_bluechip
2024-05-09,103.3271,sbi_bluechip
2024-05-08,103.3191,sbi_bluechip
2024-05-07,103.3251,sbi_bluechip
2024-05-06,103.3135,sbi_bluechip
2024-05-03,103.16,sbi_bluechip
2024-05-02,103.1097,sbi_bluechip
2024-04-30,103.0514,sbi_bluechip
2024-04-29,103.0161,sbi_bluechip
2024-04-26,102.9593,sbi_bluechip
2024-04-25,102.9493,sbi_bluechip
2024-04-24,102.9549,sbi_bluechip
2024-04-23,102.9532,sbi_bluechip
2024-04-22,102.8818,sbi_bluechip
2024-04-19,102.785,sbi_bluechip
2024-04-18,102.878,sbi_bluechip
2024-04-16,102.834,sbi_bluechip
2024-04-15,102.8695,sbi_bluechip
2024-04-12,102.7853,sbi_bluechip
2024-04-10,102.8998,sbi_bluechip
2024-04-08,102.7894,sbi_bluechip
2024-04-05,102.8278,sbi_bluechip
2024-04-04,102.831,sbi_bluechip
2024-04-03,102.7932,sbi_bluechip
2024-04-02,102.7608,sbi_bluechip
2024-03-31,102.7632,sbi_bluechip
2024-03-28,102.7096,sbi_bluechip
2024-03-27,102.5361,sbi_bluechip
2024-03-26,110.1903,sbi_bluechip
2024-03-22,110.1729,sbi_bluechip
2024-03-21,110.2046,sbi_bluechip
2024-03-20,110.1485,sbi_bluechip
2024-03-19,110.114,sbi_bluechip
2024-03-18,110.144,sbi_bluechip
2024-03-15,110.1319,sbi_bluechip
2024-03-14,110.1196,sbi_bluechip
2024-03-13,110.1303,sbi_bluechip
2024-03-12,110.1246,sbi_bluechip
2024-03-11,110.12,sbi_bluechip
2024-03-07,109.9624,sbi_bluechip
2024-03-06,109.9177,sbi_bluechip
2024-03-05,109.8552,sbi_bluechip
2024-03-04,109.8436,sbi_bluechip
2024-03-01,109.7834,sbi_bluechip
2024-02-29,109.7711,sbi_bluechip
2024-02-28,109.7569,sbi_bluechip
2024-02-27,109.7147,sbi_bluechip
2024-02-26,109.7161,sbi_bluechip
2024-02-23,109.6186,sbi_bluechip
2024-02-22,109.6091,sbi_bluechip
2024-02-21,109.5846,sbi_bluechip
2024-02-20,109.5383,sbi_bluechip
2024-02-16,109.393,sbi_bluechip
2024-02-15,109.3771,sbi_bluechip
2024-02-14,109.2938,sbi_bluechip
2024-02-13,109.3221,sbi_bluechip
2024-02-12,109.3183,sbi_bluechip
2024-02-09,109.2569,sbi_bluechip
2024-02-08,109.2929,sbi_bluechip
2024-02-07,109.2938,sbi_bluechip
2024-02-06,109.2489,sbi_bluechip
2024-02-05,109.2279,sbi_bluechip
2024-02-02,109.2484,sbi_bluechip
2024-02-01,109.1334,sbi_bluechip
2024-01-31,108.9501,sbi_bluechip
2024-01-30,108.9094,sbi_bluechip
2024-01-29,108.8663,sbi_bluechip
2024-01-25,108.7795,sbi_bluechip
2024-01-24,108.7584,sbi_bluechip
2024-01-23,108.756,sbi_bluechip
2024-01-19,108.6634,sbi_bluechip
2024-01-18,108.6691,sbi_bluechip
2024-01-17,108.6641,sbi_bluechip
2024-01-16,108.6565,sbi_bluechip
2024-01-15,108.6546,sbi_bluechip
2024-01-12,108.5277,sbi_bluechip
2024-01-11,108.4768,sbi_bluechip
2024-01-10,108.4687,sbi_bluechip
2024-01-09,108.4351,sbi_bluechip
2024-01-08,108.4013,sbi_bluechip
2024-01-05,108.2934,sbi_bluechip
2024-01-04,108.3068,sbi_bluechip
2024-01-03,108.3033,sbi_bluechip
2024-01-02,108.302,sbi_bluechip
2024-01-01,108.2962,sbi_bluechip
2023-12-29,108.2404,sbi_bluechip
2023-12-28,116.2869,sbi_bluechip
2023-12-27,116.2785,sbi_bluechip
2023-12-26,116.29,sbi_bluechip
2023-12-22,116.1862,sbi_bluechip
2023-12-21,116.1666,sbi_bluechip
2023-12-20,116.1637,sbi_bluechip
2023-12-19,116.146,sbi_bluechip
2023-12-18,116.1498,sbi_bluechip
2023-12-15,116.0675,sbi_bluechip
2023-12-14,115.9449,sbi_bluechip
2023-12-13,115.7767,sbi_bluechip
2023-12-12,115.7387,sbi_bluechip
2023-12-11,115.7213,sbi_bluechip
2023-12-08,115.6975,sbi_bluechip
2023-12-07,115.7012,sbi_bluechip
2023-12-06,115.6714,sbi_bluechip
2023-12-05,115.6087,sbi_bluechip
2023-12-04,115.5786,sbi_bluechip
2023-12-01,115.4928,sbi_bluechip
2023-11-30,115.5118,sbi_bluechip
2023-11-29,115.5248,sbi_bluechip
2023-11-28,115.4606,sbi_bluechip
2023-11-24,115.3487,sbi_bluechip
2023-11-23,115.3838,sbi_bluechip
2023-11-22,115.3956,sbi_bluechip
2023-11-21,115.3462,sbi_bluechip
2023-11-20,115.4124,sbi_bluechip
2023-11-17,115.4046,sbi_bluechip
2023-11-16,115.359,sbi_bluechip
2023-11-15,115.3184,sbi_bluechip
2023-11-13,115.1762,sbi_bluechip
2023-11-10,115.1099,sbi_bluechip
2023-11-09,115.1482,sbi_bluechip
2023-11-08,115.097,sbi_bluechip
2023-11-07,115.0481,sbi_bluechip
2023-11-06,114.9939,sbi_bluechip
2023-11-03,114.9185,sbi_bluechip
2023-11-02,114.8598,sbi_bluechip
2023-11-01,114.7619,sbi_bluechip
2023-10-31,114.7532,sbi_bluechip
2023-10-30,114.7213,sbi_bluechip
2023-10-27,114.6755,sbi_bluechip
2023-10-26,114.6543,sbi_bluechip
2023-10-25,114.6385,sbi_bluechip
2023-10-23,114.5561,sbi_bluechip
2023-10-20,114.5203,sbi_bluechip
2023-10-19,114.5085,sbi_bluechip
2023-10-18,114.5264,sbi_bluechip
2023-10-17,114.5336,sbi_bluechip
2023-10-16,114.515,sbi_bluechip
2023-10-13,114.4576,sbi_bluechip
2023-10-12,114.4277,sbi_bluechip
2023-10-11,114.3772,sbi_bluechip
2023-10-10,114.2773,sbi_bluechip
2023-10-09,114.2335,sbi_bluechip
2023-10-06,114.2282,sbi_bluechip
2023-10-05,114.5152,sbi_bluechip
2023-10-04,114.4301,sbi_bluechip
2023-10-03,114.4257,sbi_bluechip
2023-09-29,114.3746,sbi_bluechip
2023-09-27,114.4022,sbi_bluechip
2023-09-26,114.3858,sbi_bluechip
2023-09-25,114.3926,sbi_bluechip
2023-09-22,114.3437,sbi_bluechip
2023-09-21,114.3346,sbi_bluechip
2023-09-20,114.3068,sbi_bluechip
2023-09-18,114.2257,sbi_bluechip
2023-09-15,114.1634,sbi_bluechip
2023-09-14,114.2468,sbi_bluechip
2023-09-13,114.1471,sbi_bluechip
2023-09-12,114.0096,sbi_bluechip
2023-09-11,114.0239,sbi_bluechip
2023-09-08,114.0015,sbi_bluechip
2023-09-07,114.0437,sbi_bluechip
2023-09-06,113.9571,sbi_bluechip
2023-09-05,113.9984,sbi_bluechip
2023-09-04,113.9843,sbi_bluechip
2023-09-01,113.9205,sbi_bluechip
2023-08-31,113.9005,sbi_bluechip
2023-08-30,113.8834,sbi_bluechip
2023-08-29,113.8467,sbi_bluechip
2023-08-28,113.8221,sbi_bluechip
2023-08-25,113.708,sbi_bluechip
2023-08-24,113.6982,sbi_bluechip
2023-08-23,113.6358,sbi_bluechip
2023-08-22,113.5608,sbi_bluechip
2023-08-21,113.5726,sbi_bluechip
2023-08-18,113.5055,sbi_bluechip
2023-08-17,113.448,sbi_bluechip
2023-08-14,113.4717,sbi_bluechip
2023-08-11,113.4328,sbi_bluechip
2023-08-10,113.4695,sbi_bluechip
2023-08-09,113.4446,sbi_bluechip
2023-08-08,113.4097,sbi_bluechip
2023-08-07,113.4145,sbi_bluechip
2023-08-04,113.3024,sbi_bluechip
2023-08-03,113.3366,sbi_bluechip
2023-08-02,113.371,sbi_bluechip
2023-08-01,113.3502,sbi_bluechip
2023-07-31,113.2955,sbi_bluechip
2023-07-28,113.2233,sbi_bluechip
2023-07-27,113.302,sbi_bluechip
2023-07-26,113.25,sbi_bluechip
2023-07-25,113.2068,sbi_bluechip
2023-07-24,113.252,sbi_bluechip
2023-07-21,113.1867,sbi_bluechip
2023-07-20,113.2135,sbi_bluechip
2023-07-19,113.185,sbi_bluechip
2023-07-18,113.1539,sbi_bluechip
2023-07-17,113.0933,sbi_bluechip
2023-07-14,113.0224,sbi_bluechip
2023-07-13,112.9794,sbi_bluechip
2023-07-12,112.8785,sbi_bluechip
2023-07-11,112.879,sbi_bluechip
2023-07-10,112.7947,sbi_bluechip
2023-07-07,112.7417,sbi_bluechip
2023-07-06,112.7607,sbi_bluechip
2023-07-05,112.7734,sbi_bluechip
2023-07-04,112.7332,sbi_bluechip
2023-07-03,112.6779,sbi_bluechip
2023-06-30,112.6635,sbi_bluechip
2023-06-28,112.6521,sbi_bluechip
2023-06-27,112.6073,sbi_bluechip
2023-06-26,112.5988,sbi_bluechip
2023-06-23,112.5447,sbi_bluechip
2023-06-22,112.5347,sbi_bluechip
2023-06-21,112.5483,sbi_bluechip
2023-06-20,112.5543,sbi_bluechip
2023-06-19,112.5427,sbi_bluechip
2023-06-16,112.4688,sbi_bluechip
2023-06-15,112.4579,sbi_bluechip
2023-06-14,112.4522,sbi_bluechip
2023-06-13,112.4564,sbi_bluechip
2023-06-12,112.4181,sbi_bluechip
2023-06-09,112.3662,sbi_bluechip
2023-06-08,112.3995,sbi_bluechip
2023-06-07,112.4241,sbi_bluechip
2023-06-06,112.3976,sbi_bluechip
2023-06-05,112.35,sbi_bluechip
2023-06-02,112.3136,sbi_bluechip
2023-06-01,112.3041,sbi_bluechip
2023-05-31,112.2328,sbi_bluechip
2023-05-30,112.2149,sbi_bluechip
2023-05-29,112.1994,sbi_bluechip
2023-05-26,112.1609,sbi_bluechip
2023-05-25,112.1468,sbi_bluechip
2023-05-24,112.1392,sbi_bluechip
2023-05-23,112.1072,sbi_bluechip
2023-05-22,112.1196,sbi_bluechip
2023-05-19,111.9729,sbi_bluechip
2023-05-18,111.9625,sbi_bluechip
2023-05-17,111.8786,sbi_bluechip
2023-05-16,111.8439,sbi_bluechip
2023-05-15,111.8017,sbi_bluechip
2023-05-12,111.7357,sbi_bluechip
2023-05-11,111.6912,sbi_bluechip
2023-05-10,111.6632,sbi_bluechip
2023-05-09,111.6494,sbi_bluechip
2023-05-08,111.6462,sbi_bluechip
2023-05-04,111.556,sbi_bluechip
2023-05-03,111.534,sbi_bluechip
2023-05-02,111.4551,sbi_bluechip
2023-04-28,111.3814,sbi_bluechip
2023-04-27,111.3747,sbi_bluechip
2023-04-26,111.3157,sbi_bluechip
2023-04-25,111.2845,sbi_bluechip
2023-04-24,111.2444,sbi_bluechip
2023-04-21,111.1177,sbi_bluechip
2023-04-20,111.0695,sbi_bluechip
2023-04-19,111.0669,sbi_bluechip
2023-04-18,111.029,sbi_bluechip
2023-04-17,110.9947,sbi_bluechip
2023-04-13,110.9273,sbi_bluechip
2023-04-12,110.9134,sbi_bluechip
2023-04-11,110.847,sbi_bluechip
2023-04-10,110.8339,sbi_bluechip
2023-04-06,110.7692,sbi_bluechip
2023-04-05,110.5493,sbi_bluechip
2023-04-03,110.4369,sbi_bluechip
2023-03-31,110.3887,sbi_bluechip
2023-03-29,110.2525,sbi_bluechip
2023-03-28,110.1156,sbi_bluechip
2023-03-27,110.1469,sbi_bluechip
2023-03-24,110.0794,sbi_bluechip
2023-03-23,110.0625,sbi_bluechip
2023-03-21,109.981,sbi_bluechip
2023-03-20,109.9509,sbi_bluechip
2023-03-17,109.8366,sbi_bluechip
2023-03-16,109.7988,sbi_bluechip
2023-03-15,109.8123,sbi_bluechip
2023-03-14,109.7889,sbi_bluechip
2023-03-13,109.7345,sbi_bluechip
2023-03-10,109.5769,sbi_bluechip
2023-03-09,109.541,sbi_bluechip
2023-03-08,109.5103,sbi_bluechip
2023-03-06,109.5313,sbi_bluechip
2023-03-03,109.4874,sbi_bluechip
2023-03-02,109.447,sbi_bluechip
2023-03-01,109.43,sbi_bluechip
2023-02-28,109.4442,sbi_bluechip
2023-02-27,109.4341,sbi_bluechip
2023-02-24,109.4234,sbi_bluechip
2023-02-23,109.409,sbi_bluechip
2023-02-22,109.3818,sbi_bluechip
2023-02-21,109.4182,sbi_bluechip
2023-02-20,109.378,sbi_bluechip
2023-02-17,109.2924,sbi_bluechip
2023-02-16,109.3243,sbi_bluechip
2023-02-15,109.2929,sbi_bluechip
2023-02-14,109.248,sbi_bluechip
2023-02-13,109.2826,sbi_bluechip
2023-02-10,109.2412,sbi_bluechip
2023-02-09,109.2446,sbi_bluechip
2023-02-08,109.2472,sbi_bluechip
2023-02-07,109.2826,sbi_bluechip
2023-02-06,109.2662,sbi_bluechip
2023-02-03,109.2425,sbi_bluechip
2023-02-02,109.2186,sbi_bluechip
2023-02-01,109.1849,sbi_bluechip
2023-01-31,109.0678,sbi_bluechip
2023-01-30,109.0072,sbi_bluechip
2023-01-27,108.9787,sbi_bluechip
2023-01-25,108.9962,sbi_bluechip
2023-01-24,108.9995,sbi_bluechip
2023-01-23,108.9803,sbi_bluechip
2023-01-20,108.9335,sbi_bluechip
2023-01-19,108.9578,sbi_bluechip
2023-01-18,108.929,sbi_bluechip
2023-01-17,108.9098,sbi_bluechip
2023-01-16,108.8945,sbi_bluechip
2023-01-13,108.8441,sbi_bluechip
2023-01-12,108.8154,sbi_bluechip
2023-01-11,108.7682,sbi_bluechip
2023-01-10,108.7409,sbi_bluechip
2023-01-09,108.7189,sbi_bluechip
2023-01-06,108.6235,sbi_bluechip
2023-01-05,108.6405,sbi_bluechip
2023-01-04,108.6262,sbi_bluechip
2023-01-03,108.627,sbi_bluechip
2023-01-02,108.5922,sbi_bluechip
2022-12-30,108.5225,sbi_bluechip
2022-12-29,108.4982,sbi_bluechip
2022-12-28,108.4921,sbi_bluechip
2022-12-27,108.472,sbi_bluechip
2022-12-26,108.4303,sbi_bluechip
2022-12-23,108.4095,sbi_bluechip
2022-12-22,108.3903,sbi_bluechip
2022-12-21,108.3843,sbi_bluechip
2022-12-20,108.4123,sbi_bluechip
2022-12-19,108.3837,sbi_bluechip
2022-12-16,108.3466,sbi_bluechip
2022-12-15,108.3336,sbi_bluechip
2022-12-14,108.3488,sbi_bluechip
2022-12-13,108.2884,sbi_bluechip
2022-12-12,108.2614,sbi_bluechip
2022-12-09,108.1868,sbi_bluechip
2022-12-08,108.1783,sbi_bluechip
2022-12-07,108.1551,sbi_bluechip
2022-12-06,108.1762,sbi_bluechip
2022-12-05,108.1499,sbi_bluechip
2022-12-02,108.0988,sbi_bluechip
2022-12-01,108.0832,sbi_bluechip
2022-11-30,108.0334,sbi_bluechip
2022-11-29,107.99,sbi_bluechip
2022-11-28,107.9959,sbi_bluechip
2022-11-25,107.9066,sbi_bluechip
2022-11-24,107.8882,sbi_bluechip
2022-11-23,107.8393,sbi_bluechip
2022-11-22,107.8369,sbi_bluechip
2022-11-21,107.8002,sbi_bluechip
2022-11-18,107.7527,sbi_bluechip
2022-11-17,107.7346,sbi_bluechip
2022-11-16,107.7065,sbi_bluechip
2022-11-15,107.709,sbi_bluechip
2022-11-14,107.6593,sbi_bluechip
2022-11-11,107.6105,sbi_bluechip
2022-11-10,107.5243,sbi_bluechip
2022-11-09,107.4581,sbi_bluechip
2022-11-07,107.3633,sbi_bluechip
2022-11-04,107.307,sbi_bluechip
2022-11-03,107.2944,sbi_bluechip
2022-11-02,107.303,sbi_bluechip
2022-11-01,107.2818,sbi_bluechip
2022-10-31,107.2729,sbi_bluechip
2022-10-28,107.2137,sbi_bluechip
2022-10-27,107.2349,sbi_bluechip
2022-10-25,107.112,sbi_bluechip
2022-10-21,106.9649,sbi_bluechip
2022-10-20,106.9757,sbi_bluechip
2022-10-19,106.997,sbi_bluechip
2022-10-18,106.9767,sbi_bluechip
2022-10-17,106.9437,sbi_bluechip
2022-10-14,106.7922,sbi_bluechip
2022-10-13,106.812,sbi_bluechip
2022-10-12,106.808,sbi_bluechip
2022-10-11,106.782,sbi_bluechip
2022-10-10,106.8233,sbi_bluechip
2022-10-07,106.8408,sbi_bluechip
2022-10-06,106.8875,sbi_bluechip
2022-10-04,106.8856,sbi_bluechip
2022-10-03,106.8261,sbi_bluechip
2022-09-30,106.7948,sbi_bluechip
2022-09-29,106.7145,sbi_bluechip
2022-09-28,106.6485,sbi_bluechip
2022-09-27,106.6575,sbi_bluechip
2022-09-26,106.6784,sbi_bluechip
2022-09-23,106.6333,sbi_bluechip
2022-09-22,106.7549,sbi_bluechip
2022-09-21,106.8072,sbi_bluechip
2022-09-20,106.824,sbi_bluechip
2022-09-19,106.8748,sbi_bluechip
2022-09-16,106.8585,sbi_bluechip
2022-09-15,106.9084,sbi_bluechip
2022-09-14,106.9625,sbi_bluechip
2022-09-13,106.9983,sbi_bluechip
2022-09-12,106.954,sbi_bluechip
2022-09-09,106.9116,sbi_bluechip
2022-09-08,106.9005,sbi_bluechip
2022-09-07,106.8681,sbi_bluechip
2022-09-06,106.8291,sbi_bluechip
2022-09-05,106.8191,sbi_bluechip
2022-09-02,106.7705,sbi_bluechip
2022-09-01,106.7475,sbi_bluechip
2022-08-30,106.7038,sbi_bluechip
2022-08-29,106.6906,sbi_bluechip
2022-08-26,106.6296,sbi_bluechip
2022-08-25,106.5824,sbi_bluechip
2022-08-24,106.599,sbi_bluechip
2022-08-23,106.5597,sbi_bluechip
2022-08-22,106.5568,sbi_bluechip
2022-08-19,106.5072,sbi_bluechip
2022-08-18,106.5141,sbi_bluechip
2022-08-17,106.5092,sbi_bluechip
2022-08-12,106.3294,sbi_bluechip
2022-08-11,106.3209,sbi_bluechip
2022-08-10,106.2542,sbi_bluechip
2022-08-08,106.1541,sbi_bluechip
2022-08-05,106.1086,sbi_bluechip
2022-08-04,106.2254,sbi_bluechip
2022-08-03,106.15,sbi_bluechip
2022-08-02,106.1993,sbi_bluechip
2022-08-01,106.1219,sbi_bluechip
2022-07-29,106.0066,sbi_bluechip
2022-07-28,105.9484,sbi_bluechip
2022-07-27,105.9293,sbi_bluechip
2022-07-26,105.9161,sbi_bluechip
2022-07-25,105.9141,sbi_bluechip
2022-07-22,105.8449,sbi_bluechip
2022-07-21,105.8401,sbi_bluechip
2022-07-20,105.8304,sbi_bluechip
2022-07-19,105.7996,sbi_bluechip
2022-07-18,105.788,sbi_bluechip
2022-07-15,105.776,sbi_bluechip
2022-07-14,105.776,sbi_bluechip
2022-07-13,105.7695,sbi_bluechip
2022-07-12,105.7093,sbi_bluechip
2022-07-11,105.672,sbi_bluechip
2022-07-08,105.6723,sbi_bluechip
2022-07-07,105.7041,sbi_bluechip
2022-07-06,105.7065,sbi_bluechip
2022-07-05,105.5371,sbi_bluechip
2022-07-04,105.4884,sbi_bluechip
2022-07-01,105.3963,sbi_bluechip
2022-06-30,105.3199,sbi_bluechip
2022-06-29,105.2859,sbi_bluechip
2022-06-28,105.2771,sbi_bluechip
2022-06-27,105.2922,sbi_bluechip
2022-06-24,105.1971,sbi_bluechip
2022-06-23,105.2106,sbi_bluechip
2022-06-22,105.1767,sbi_bluechip
2022-06-21,112.757,sbi_bluechip
2022-06-20,112.7336,sbi_bluechip
2022-06-17,112.5783,sbi_bluechip
2022-06-16,112.5715,sbi_bluechip
2022-06-15,112.5757,sbi_bluechip
2022-06-14,112.583,sbi_bluechip
2022-06-13,112.5985,sbi_bluechip
2022-06-10,112.6848,sbi_bluechip
2022-06-09,112.6487,sbi_bluechip
2022-06-08,112.5902,sbi_bluechip
2022-06-07,112.4553,sbi_bluechip
2022-06-06,112.53,sbi_bluechip
2022-06-03,112.5469,sbi_bluechip
2022-06-02,112.579,sbi_bluechip
2022-06-01,112.5519,sbi_bluechip
2022-05-31,112.6801,sbi_bluechip
2022-05-30,112.6166,sbi_bluechip
2022-05-27,112.5875,sbi_bluechip
2022-05-26,112.5751,sbi_bluechip
2022-05-25,112.5511,sbi_bluechip
2022-05-24,112.5432,sbi_bluechip
2022-05-23,112.5061,sbi_bluechip
2022-05-20,112.4374,sbi_bluechip
2022-05-19,112.4539,sbi_bluechip
2022-05-18,112.4368,sbi_bluechip
2022-05-17,112.4137,sbi_bluechip
2022-05-13,112.3647,sbi_bluechip
2022-05-12,112.433,sbi_bluechip
2022-05-11,112.3991,sbi_bluechip
2022-05-10,112.3479,sbi_bluechip
2022-05-09,112.2672,sbi_bluechip
2022-05-06,112.244,sbi_bluechip
2022-05-05,112.3588,sbi_bluechip
2022-05-04,112.4331,sbi_bluechip
2022-05-02,113.1319,sbi_bluechip
2022-04-29,113.0956,sbi_bluechip
2022-04-28,113.0848,sbi_bluechip
2022-04-27,113.0954,sbi_bluechip
2022-04-26,113.0579,sbi_bluechip
2022-04-25,113.0615,sbi_bluechip
2022-04-22,112.959,sbi_bluechip
2022-04-21,112.956,sbi_bluechip
2022-04-20,112.936,sbi_bluechip
2022-04-19,112.9046,sbi_bluechip
2022-04-18,112.8584,sbi_bluechip
2022-04-13,112.6844,sbi_bluechip
2022-04-12,112.8405,sbi_bluechip
2022-04-11,112.8479,sbi_bluechip
2022-04-08,112.9062,sbi_bluechip
2022-04-07,113.1825,sbi_bluechip
2022-04-06,113.1607,sbi_bluechip
2022-04-05,113.1661,sbi_bluechip
2022-04-04,113.1171,sbi_bluechip
2022-03-31,113.0782,sbi_bluechip
2022-03-30,113.0255,sbi_bluechip
2022-03-29,112.9912,sbi_bluechip
2022-03-28,112.9448,sbi_bluechip
2022-03-25,112.9034,sbi_bluechip
2022-03-24,112.8542,sbi_bluechip
2022-03-23,112.8231,sbi_bluechip
2022-03-22,121.9441,sbi_bluechip
2022-03-21,121.9474,sbi_bluechip
2022-03-17,121.8816,sbi_bluechip
2022-03-16,121.7919,sbi_bluechip
2022-03-15,121.8177,sbi_bluechip
2022-03-14,121.7179,sbi_bluechip
2022-03-11,121.6652,sbi_bluechip
2022-03-10,121.6699,sbi_bluechip
2022-03-09,121.6144,sbi_bluechip
2022-03-08,121.5935,sbi_bluechip
2022-03-07,121.6023,sbi_bluechip
2022-03-04,121.6603,sbi_bluechip
2022-03-03,121.6296,sbi_bluechip
2022-03-02,121.665,sbi_bluechip
2022-02-28,121.7348,sbi_bluechip
2022-02-25,121.7161,sbi_bluechip
2022-02-24,121.7161,sbi_bluechip
2022-02-23,121.7264,sbi_bluechip
2022-02-22,121.6893,sbi_bluechip
2022-02-21,121.7193,sbi_bluechip
2022-02-18,121.6824,sbi_bluechip
2022-02-17,121.6561,sbi_bluechip
2022-02-16,121.6448,sbi_bluechip
2022-02-15,121.6181,sbi_bluechip
2022-02-14,121.6236,sbi_bluechip
2022-02-11,121.5265,sbi_bluechip
2022-02-10,121.4458,sbi_bluechip
2022-02-09,121.2257,sbi_bluechip
2022-02-08,121.1629,sbi_bluechip
2022-02-04,121.0091,sbi_bluechip
2022-02-03,121.0079,sbi_bluechip
2022-02-02,120.9797,sbi_bluechip
2022-02-01,121.041,sbi_bluechip
2022-01-31,121.2264,sbi_bluechip
2022-01-28,121.1287,sbi_bluechip
2022-01-27,121.1095,sbi_bluechip
2022-01-25,121.1535,sbi_bluechip
2022-01-24,121.1248,sbi_bluechip
2022-01-21,121.133,sbi_bluechip
2022-01-20,121.1056,sbi_bluechip
2022-01-19,121.0829,sbi_bluechip
2022-01-18,121.0769,sbi_bluechip
2022-01-17,121.0746,sbi_bluechip
2022-01-14,121.0906,sbi_bluechip
2022-01-13,121.0679,sbi_bluechip
2022-01-12,121.0236,sbi_bluechip
2022-01-11,120.9723,sbi_bluechip
2022-01-10,120.9198,sbi_bluechip
2022-01-07,120.9547,sbi_bluechip
2022-01-06,120.9577,sbi_bluechip
2022-01-05,120.9314,sbi_bluechip
2022-01-04,120.9326,sbi_bluechip
2022-01-03,120.9791,sbi_bluechip
2021-12-31,120.9424,sbi_bluechip
2021-12-30,120.9049,sbi_bluechip
2021-12-29,120.9039,sbi_bluechip
2021-12-28,120.8977,sbi_bluechip
2021-12-27,120.9367,sbi_bluechip
2021-12-24,120.886,sbi_bluechip
2021-12-23,120.8813,sbi_bluechip
2021-12-22,120.8645,sbi_bluechip
2021-12-21,132.1135,sbi_bluechip
2021-12-20,132.1983,sbi_bluechip
2021-12-17,132.2288,sbi_bluechip
2021-12-16,132.2637,sbi_bluechip
2021-12-15,132.2563,sbi_bluechip
2021-12-14,132.2368,sbi_bluechip
2021-12-13,132.1789,sbi_bluechip
2021-12-10,132.1656,sbi_bluechip
2021-12-09,132.162,sbi_bluechip
2021-12-08,132.1611,sbi_bluechip
2021-12-07,132.0998,sbi_bluechip
2021-12-06,132.0903,sbi_bluechip
2021-12-03,132.0162,sbi_bluechip
2021-12-02,132.0146,sbi_bluechip
2021-12-01,131.9697,sbi_bluechip
2021-11-30,131.9668,sbi_bluechip
2021-11-29,131.9194,sbi_bluechip
2021-11-26,131.8818,sbi_bluechip
2021-11-25,131.8704,sbi_bluechip
2021-11-24,131.8645,sbi_bluechip
2021-11-23,131.8686,sbi_bluechip
2021-11-22,131.858,sbi_bluechip
2021-11-18,131.7944,sbi_bluechip
2021-11-17,131.7489,sbi_bluechip
2021-11-16,131.7479,sbi_bluechip
2021-11-15,131.7417,sbi_bluechip
2021-11-12,131.6894,sbi_bluechip
2021-11-11,131.6866,sbi_bluechip
2021-11-10,131.659,sbi_bluechip
2021-11-09,131.6599,sbi_bluechip
2021-11-08,131.6163,sbi_bluechip
2021-11-03,131.4386,sbi_bluechip
2021-11-02,131.3907,sbi_bluechip
2021-11-01,131.3951,sbi_bluechip
2021-10-29,131.3687,sbi_bluechip
2021-10-28,131.396,sbi_bluechip
2021-10-27,131.4254,sbi_bluechip
2021-10-26,131.4286,sbi_bluechip
2021-10-25,131.5009,sbi_bluechip
2021-10-22,131.4697,sbi_bluechip
2021-10-21,131.4413,sbi_bluechip
2021-10-20,131.3437,sbi_bluechip
2021-10-18,131.3686,sbi_bluechip
2021-10-14,131.3603,sbi_bluechip
2021-10-13,131.3582,sbi_bluechip
2021-10-12,131.2981,sbi_bluechip
2021-10-11,131.2562,sbi_bluechip
2021-10-08,131.2335,sbi_bluechip
2021-10-07,131.2265,sbi_bluechip
2021-10-06,131.2459,sbi_bluechip
2021-10-05,131.2616,sbi_bluechip
2021-10-04,131.3094,sbi_bluechip
2021-10-01,131.2393,sbi_bluechip
2021-09-30,131.2526,sbi_bluechip
2021-09-29,131.2328,sbi_bluechip
2021-09-28,131.3044,sbi_bluechip
2021-09-27,131.258,sbi_bluechip
2021-09-24,131.2694,sbi_bluechip
2021-09-23,131.3554,sbi_bluechip
2021-09-22,131.3513,sbi_bluechip
2021-09-21,131.3316,sbi_bluechip
2021-09-20,131.3222,sbi_bluechip
2021-09-17,131.2591,sbi_bluechip
2021-09-16,131.2345,sbi_bluechip
2021-09-15,131.1996,sbi_bluechip
2021-09-14,144.1251,sbi_bluechip
2021-09-13,144.1118,sbi_bluechip
2021-09-09,144.0574,sbi_bluechip
2021-09-08,144.0275,sbi_bluechip
2021-09-07,144.0042,sbi_bluechip
2021-09-06,144.0148,sbi_bluechip
2021-09-03,143.9699,sbi_bluechip
2021-09-02,143.9444,sbi_bluechip
2021-09-01,143.8746,sbi_bluechip
2021-08-31,143.7984,sbi_bluechip
2021-08-30,143.7535,sbi_bluechip
2021-08-27,143.6277,sbi_bluechip
2021-08-26,143.5893,sbi_bluechip
2021-08-25,143.5853,sbi_bluechip
2021-08-24,143.5629,sbi_bluechip
2021-08-23,143.5597,sbi_bluechip
2021-08-20,143.5164,sbi_bluechip
2021-08-18,143.4818,sbi_bluechip
2021-08-17,143.3696,sbi_bluechip
2021-08-13,143.2392,sbi_bluechip
2021-08-12,143.136,sbi_bluechip
2021-08-11,143.0625,sbi_bluechip
2021-08-10,143.0486,sbi_bluechip
2021-08-09,142.9661,sbi_bluechip
2021-08-06,142.91,sbi_bluechip
2021-08-05,143.021,sbi_bluechip
2021-08-04,142.9647,sbi_bluechip
2021-08-03,142.9404,sbi_bluechip
2021-08-02,142.9005,sbi_bluechip
2021-07-30,142.839,sbi_bluechip
2021-07-29,142.8184,sbi_bluechip
2021-07-28,142.8006,sbi_bluechip
2021-07-27,142.7747,sbi_bluechip
2021-07-26,142.719,sbi_bluechip
2021-07-23,142.6218,sbi_bluechip
2021-07-22,142.6239,sbi_bluechip
2021-07-20,142.6213,sbi_bluechip
2021-07-19,142.5654,sbi_bluechip
2021-07-16,142.5092,sbi_bluechip
2021-07-15,142.3806,sbi_bluechip
2021-07-14,142.2968,sbi_bluechip
2021-07-13,142.2948,sbi_bluechip
2021-07-12,142.1602,sbi_bluechip
2021-07-09,142.2029,sbi_bluechip
2021-07-08,142.1696,sbi_bluechip
2021-07-07,142.0218,sbi_bluechip
2021-07-06,141.942,sbi_bluechip
2021-07-05,142.0229,sbi_bluechip
2021-07-02,141.9245,sbi_bluechip
2021-07-01,141.9515,sbi_bluechip
2021-06-30,141.9021,sbi_bluechip
2021-06-29,155.1137,sbi_bluechip
2021-06-28,155.1258,sbi_bluechip
2021-06-25,155.1462,sbi_bluechip
2021-06-24,155.1814,sbi_bluechip
2021-06-23,155.1573,sbi_bluechip
2021-06-22,155.1506,sbi_bluechip
2021-06-21,155.1952,sbi_bluechip
2021-06-18,155.1221,sbi_bluechip
2021-06-17,155.0726,sbi_bluechip
2021-06-16,155.0843,sbi_bluechip
2021-06-15,155.2961,sbi_bluechip
2021-06-14,155.429,sbi_bluechip
2021-06-11,155.3755,sbi_bluechip
2021-06-10,155.3161,sbi_bluechip
2021-06-09,155.2699,sbi_bluechip
2021-06-08,155.1383,sbi_bluechip
2021-06-07,155.1117,sbi_bluechip
2021-06-04,154.9869,sbi_bluechip
2021-06-03,154.9384,sbi_bluechip
2021-06-02,154.8632,sbi_bluechip
2021-06-01,154.8506,sbi_bluechip
2021-05-31,154.8591,sbi_bluechip
2021-05-28,154.8325,sbi_bluechip
2021-05-27,154.8336,sbi_bluechip
2021-05-25,154.783,sbi_bluechip
2021-05-24,154.7069,sbi_bluechip
2021-05-21,154.6417,sbi_bluechip
2021-05-20,154.6073,sbi_bluechip
2021-05-19,154.599,sbi_bluechip
2021-05-18,154.4638,sbi_bluechip
2021-05-17,154.4002,sbi_bluechip
2021-05-14,154.3309,sbi_bluechip
2021-05-12,154.3311,sbi_bluechip
2021-05-11,154.341,sbi_bluechip
2021-05-10,154.2372,sbi_bluechip
2021-05-07,154.1903,sbi_bluechip
2021-05-06,154.1495,sbi_bluechip
2021-05-05,154.1232,sbi_bluechip
2021-05-04,154.0742,sbi_bluechip
2021-05-03,154.0501,sbi_bluechip
2021-04-30,153.951,sbi_bluechip
2021-04-29,153.8646,sbi_bluechip
2021-04-28,153.8557,sbi_bluechip
2021-04-27,153.7634,sbi_bluechip
2021-04-26,153.6353,sbi_bluechip
2021-04-23,153.459,sbi_bluechip
2021-04-22,153.3766,sbi_bluechip
2021-04-20,153.322,sbi_bluechip
2021-04-19,153.2788,sbi_bluechip
2021-04-16,153.1445,sbi_bluechip
2021-04-15,153.2182,sbi_bluechip
2021-04-12,153.3259,sbi_bluechip
2021-04-09,153.2609,sbi_bluechip
2021-04-08,153.1697,sbi_bluechip
2021-04-07,153.1454,sbi_bluechip
2021-04-06,153.2101,sbi_bluechip
2021-04-05,153.0069,sbi_bluechip
2021-03-31,152.7457,sbi_bluechip
2021-03-30,152.6579,sbi_bluechip
2021-03-26,152.5344,sbi_bluechip
2021-03-25,152.4514,sbi_bluechip
2021-03-24,152.3847,sbi_bluechip
2021-03-23,152.2243,sbi_bluechip
2021-03-22,151.8479,sbi_bluechip
2021-03-19,151.6387,sbi_bluechip
2021-03-18,151.3901,sbi_bluechip
2021-03-17,151.3473,sbi_bluechip
2021-03-16,151.3172,sbi_bluechip
2021-03-15,151.3381,sbi_bluechip
2021-03-12,151.6323,sbi_bluechip
2021-03-10,151.712,sbi_bluechip
2021-03-09,151.7148,sbi_bluechip
2021-03-08,151.7216,sbi_bluechip
2021-03-05,151.6682,sbi_bluechip
2021-03-04,151.6971,sbi_bluechip
2021-03-03,151.6682,sbi_bluechip
2021-03-02,151.6292,sbi_bluechip
2021-03-01,151.5474,sbi_bluechip
2021-02-26,151.4836,sbi_bluechip
2021-02-25,159.5286,sbi_bluechip
2021-02-24,159.5155,sbi_bluechip
2021-02-23,159.4945,sbi_bluechip
2021-02-22,159.5796,sbi_bluechip
2021-02-18,159.7964,sbi_bluechip
2021-02-17,159.8489,sbi_bluechip
2021-02-16,159.8868,sbi_bluechip
2021-02-15,159.817,sbi_bluechip
2021-02-12,159.745,sbi_bluechip
2021-02-11,159.676,sbi_bluechip
2021-02-10,159.5324,sbi_bluechip
2021-02-09,159.5233,sbi_bluechip
2021-02-08,159.6672,sbi_bluechip
2021-02-05,159.5631,sbi_bluechip
2021-02-04,159.7473,sbi_bluechip
2021-02-03,159.7469,sbi_bluechip
2021-02-02,159.6745,sbi_bluechip
2021-02-01,160.0612,sbi_bluechip
2021-01-29,160.5977,sbi_bluechip
2021-01-28,160.5833,sbi_bluechip
2021-01-27,160.5509,sbi_bluechip
2021-01-25,160.5232,sbi_bluechip
2021-01-22,160.4748,sbi_bluechip
2021-01-21,160.5205,sbi_bluechip
2021-01-20,160.4846,sbi_bluechip
2021-01-19,160.3918,sbi_bluechip
2021-01-18,160.3776,sbi_bluechip
2021-01-15,160.6112,sbi_bluechip
2021-01-14,160.6885,sbi_bluechip
2021-01-13,160.9046,sbi_bluechip
2021-01-12,160.9495,sbi_bluechip
2021-01-11,161.1259,sbi_bluechip
2021-01-08,161.3775,sbi_bluechip
2021-01-07,161.2821,sbi_bluechip
2021-01-06,161.2295,sbi_bluechip
2021-01-05,161.2313,sbi_bluechip
2021-01-04,161.0439,sbi_bluechip
2021-01-01,160.8997,sbi_bluechip
2020-12-31,160.8071,sbi_bluechip
2020-12-30,160.7819,sbi_bluechip
2020-12-29,160.7133,sbi_bluechip
2020-12-28,160.6676,sbi_bluechip
2020-12-24,160.516,sbi_bluechip
2020-12-23,160.4658,sbi_bluechip
2020-12-22,160.403,sbi_bluechip
2020-12-21,160.3923,sbi_bluechip
2020-12-18,160.4386,sbi_bluechip
2020-12-17,160.4015,sbi_bluechip
2020-12-16,160.3832,sbi_bluechip
2020-12-15,160.3865,sbi_bluechip
2020-12-14,160.3316,sbi_bluechip
2020-12-11,160.2922,sbi_bluechip
2020-12-10,160.344,sbi_bluechip
2020-12-09,160.3147,sbi_bluechip
2020-12-08,160.3514,sbi_bluechip
2020-12-07,160.3502,sbi_bluechip
2020-12-04,160.3103,sbi_bluechip
2020-12-03,160.1281,sbi_bluechip
2020-12-02,160.1204,sbi_bluechip
2020-12-01,160.2519,sbi_bluechip
2020-11-27,160.2778,sbi_bluechip
2020-11-26,160.2708,sbi_bluechip
2020-11-25,160.1039,sbi_bluechip
2020-11-24,159.983,sbi_bluechip
2020-11-23,159.9304,sbi_bluechip
2020-11-20,159.8527,sbi_bluechip
2020-11-19,159.7636,sbi_bluechip
2020-11-18,159.5898,sbi_bluechip
2020-11-17,159.5333,sbi_bluechip
2020-11-13,159.4146,sbi_bluechip
2020-11-12,159.3624,sbi_bluechip
2020-11-11,159.2531,sbi_bluechip
2020-11-10,159.229,sbi_bluechip
2020-11-09,159.2568,sbi_bluechip
2020-11-06,159.2468,sbi_bluechip
2020-11-05,159.1355,sbi_bluechip
2020-11-04,158.9374,sbi_bluechip
2020-11-03,158.9366,sbi_bluechip
2020-11-02,158.9295,sbi_bluechip
2020-10-29,158.8367,sbi_bluechip
2020-10-28,158.857,sbi_bluechip
2020-10-27,158.8713,sbi_bluechip
2020-10-26,158.8975,sbi_bluechip
2020-10-23,158.6936,sbi_bluechip
2020-10-22,158.5705,sbi_bluechip
2020-10-21,158.5983,sbi_bluechip
2020-10-20,158.5896,sbi_bluechip
2020-10-19,158.4601,sbi_bluechip
2020-10-16,158.3327,sbi_bluechip
2020-10-15,158.3381,sbi_bluechip
2020-10-14,158.1982,sbi_bluechip
2020-10-13,158.0762,sbi_bluechip
2020-10-12,157.882,sbi_bluechip
2020-10-09,157.7498,sbi_bluechip
2020-10-08,157.086,sbi_bluechip
2020-10-07,156.9459,sbi_bluechip
2020-10-06,156.8394,sbi_bluechip
2020-10-05,156.763,sbi_bluechip
2020-10-01,156.6388,sbi_bluechip
2020-09-30,156.4483,sbi_bluechip
2020-09-29,156.3187,sbi_bluechip
2020-09-28,156.3511,sbi_bluechip
2020-09-25,156.3293,sbi_bluechip
2020-09-24,156.37,sbi_bluechip
2020-09-23,156.4026,sbi_bluechip
2020-09-22,156.3459,sbi_bluechip
2020-09-21,156.2995,sbi_bluechip
2020-09-18,156.2039,sbi_bluechip
2020-09-17,156.1649,sbi_bluechip
2020-09-16,156.1146,sbi_bluechip
2020-09-15,156.0004,sbi_bluechip
2020-09-14,156.1284,sbi_bluechip
2020-09-11,156.1152,sbi_bluechip
2020-09-10,156.1513,sbi_bluechip
2020-09-09,156.2123,sbi_bluechip
2020-09-08,156.1916,sbi_bluechip
2020-09-07,156.5535,sbi_bluechip
2020-09-04,156.774,sbi_bluechip
2020-09-03,156.7417,sbi_bluechip
2020-09-02,156.5163,sbi_bluechip
2020-09-01,156.4621,sbi_bluechip
2020-08-31,155.7972,sbi_bluechip
2020-08-28,155.1542,sbi_bluechip
2020-08-27,155.293,sbi_bluechip
2020-08-26,155.3989,sbi_bluechip
2020-08-25,155.4841,sbi_bluechip
2020-08-24,155.3393,sbi_bluechip
2020-08-21,155.6426,sbi_bluechip
2020-08-20,156.1183,sbi_bluechip
2020-08-19,156.0408,sbi_bluechip
2020-08-18,156.0848,sbi_bluechip
2020-08-17,156.1178,sbi_bluechip
2020-08-14,156.1109,sbi_bluechip
2020-08-13,156.2204,sbi_bluechip
2020-08-12,156.1023,sbi_bluechip
2020-08-11,156.1703,sbi_bluechip
2020-08-10,156.1579,sbi_bluechip
2020-08-07,156.1963,sbi_bluechip
2020-08-06,156.273,sbi_bluechip
2020-08-05,156.4515,sbi_bluechip
2020-08-04,156.4151,sbi_bluechip
2020-08-03,156.3569,sbi_bluechip
2020-07-31,156.2908,sbi_bluechip
2020-07-30,156.1385,sbi_bluechip
2020-07-29,156.0698,sbi_bluechip
2020-07-28,156.0234,sbi_bluechip
2020-07-27,156.1419,sbi_bluechip
2020-07-24,156.2363,sbi_bluechip
2020-07-23,156.2261,sbi_bluechip
2020-07-22,156.1462,sbi_bluechip
2020-07-21,156.218,sbi_bluechip
2020-07-20,156.312,sbi_bluechip
2020-07-17,156.2261,sbi_bluechip
2020-07-16,156.1683,sbi_bluechip
2020-07-15,156.1332,sbi_bluechip
2020-07-14,155.9369,sbi_bluechip
2020-07-13,156.0307,sbi_bluechip
2020-07-10,155.929,sbi_bluechip
2020-07-09,155.6112,sbi_bluechip
2020-07-08,155.4959,sbi_bluechip
2020-07-07,155.2208,sbi_bluechip
2020-07-06,154.9799,sbi_bluechip
2020-07-03,154.7628,sbi_bluechip
2020-07-02,154.6381,sbi_bluechip
2020-07-01,154.4707,sbi_bluechip
2020-06-30,154.3407,sbi_bluechip
2020-06-29,154.1954,sbi_bluechip
2020-06-26,154.0384,sbi_bluechip
2020-06-25,153.8658,sbi_bluechip
2020-06-24,153.6871,sbi_bluechip
2020-06-23,153.6661,sbi_bluechip
2020-06-22,153.438,sbi_bluechip
2020-06-19,153.2792,sbi_bluechip
2020-06-18,152.9942,sbi_bluechip
2020-06-17,152.6873,sbi_bluechip
2020-06-16,152.463,sbi_bluechip
2020-06-15,152.2922,sbi_bluechip
2020-06-12,152.1202,sbi_bluechip
2020-06-11,152.0797,sbi_bluechip
2020-06-10,151.9285,sbi_bluechip
2020-06-09,151.8323,sbi_bluechip
2020-06-08,151.7545,sbi_bluechip
2020-06-05,151.7947,sbi_bluechip
2020-06-04,151.7144,sbi_bluechip
2020-06-03,151.7291,sbi_bluechip
2020-06-02,151.5887,sbi_bluechip
2020-06-01,151.7027,sbi_bluechip
2020-05-29,151.8458,sbi_bluechip
2020-05-28,151.8499,sbi_bluechip
2020-05-27,151.8831,sbi_bluechip
2020-05-26,151.9123,sbi_bluechip
2020-05-22,151.835,sbi_bluechip
2020-05-21,151.1568,sbi_bluechip
2020-05-20,151.0347,sbi_bluechip
2020-05-19,150.8998,sbi_bluechip
2020-05-18,150.7375,sbi_bluechip
2020-05-15,150.5483,sbi_bluechip
2020-05-14,150.5497,sbi_bluechip
2020-05-13,150.1633,sbi_bluechip
2020-05-12,149.9687,sbi_bluechip
2020-05-11,149.6699,sbi_bluechip
2020-05-08,150.1326,sbi_bluechip
2020-05-06,149.8549,sbi_bluechip
2020-05-05,149.4229,sbi_bluechip
2020-05-04,149.0855,sbi_bluechip
2020-04-30,148.6556,sbi_bluechip
2020-04-29,148.549,sbi_bluechip
2020-04-28,148.5148,sbi_bluechip
2020-04-27,148.6922,sbi_bluechip
2020-04-24,148.6647,sbi_bluechip
2020-04-23,149.5527,sbi_bluechip
2020-04-22,149.0793,sbi_bluechip
2020-04-21,149.0212,sbi_bluechip
2020-04-20,148.7201,sbi_bluechip
2020-04-17,147.947,sbi_bluechip
2020-04-16,147.1239,sbi_bluechip
2020-04-15,146.8633,sbi_bluechip
2020-04-13,146.5785,sbi_bluechip
2020-04-09,146.4196,sbi_bluechip
2020-04-08,146.4112,sbi_bluechip
2020-04-07,147.1769,sbi_bluechip
2020-04-03,147.8815,sbi_bluechip
2020-03-31,148.1709,sbi_bluechip
2020-03-30,147.6988,sbi_bluechip
2020-03-27,147.851,sbi_bluechip
2020-03-26,144.1796,sbi_bluechip
2020-03-24,143.8304,sbi_bluechip
2020-03-23,143.7194,sbi_bluechip
2020-03-20,144.6272,sbi_bluechip
2020-03-19,143.9765,sbi_bluechip
2020-03-18,145.1779,sbi_bluechip
2020-03-17,145.7796,sbi_bluechip
2020-03-16,146.3857,sbi_bluechip
2020-03-13,146.4248,sbi_bluechip
2020-03-12,147.1302,sbi_bluechip
2020-03-11,147.9299,sbi_bluechip
2020-03-09,148.1911,sbi_bluechip
2020-03-06,148.22,sbi_bluechip
2020-03-05,148.039,sbi_bluechip
2020-03-04,148.0648,sbi_bluechip
2020-03-03,147.6457,sbi_bluechip
2020-03-02,147.6198,sbi_bluechip
2020-02-28,147.542,sbi_bluechip
2020-02-27,147.6783,sbi_bluechip
2020-02-26,147.7681,sbi_bluechip
2020-02-25,157.0423,sbi_bluechip
2020-02-24,157.1105,sbi_bluechip
2020-02-20,156.9353,sbi_bluechip
2020-02-18,156.9444,sbi_bluechip
2020-02-17,157.0124,sbi_bluechip
2020-02-14,156.828,sbi_bluechip
2020-02-13,156.7233,sbi_bluechip
2020-02-12,156.5516,sbi_bluechip
2020-02-11,156.5581,sbi_bluechip
2020-02-10,156.5138,sbi_bluechip
2020-02-07,156.3627,sbi_bluechip
2020-02-06,155.9182,sbi_bluechip
2020-02-05,155.3768,sbi_bluechip
2020-02-04,155.3587,sbi_bluechip
2020-02-03,155.2432,sbi_bluechip
2020-01-31,154.9392,sbi_bluechip
2020-01-30,154.9146,sbi_bluechip
2020-01-29,154.8904,sbi_bluechip
2020-01-28,154.9202,sbi_bluechip
2020-01-27,154.8703,sbi_bluechip
2020-01-24,154.749,sbi_bluechip
2020-01-23,154.6714,sbi_bluechip
2020-01-22,154.5903,sbi_bluechip
2020-01-21,154.4776,sbi_bluechip
2020-01-20,154.4228,sbi_bluechip
2020-01-17,154.3249,sbi_bluechip
2020-01-16,154.2713,sbi_bluechip
2020-01-15,154.1889,sbi_bluechip
2020-01-14,154.1151,sbi_bluechip
2020-01-13,154.2362,sbi_bluechip
2020-01-10,154.1672,sbi_bluechip
2020-01-09,154.2202,sbi_bluechip
2020-01-08,154.127,sbi_bluechip
2020-01-07,154.0751,sbi_bluechip
2020-01-06,154.0036,sbi_bluechip
2020-01-03,154.0323,sbi_bluechip
2020-01-02,153.8742,sbi_bluechip
2020-01-01,153.8193,sbi_bluechip
2019-12-31,153.7054,sbi_bluechip
2019-12-30,153.701,sbi_bluechip
2019-12-27,153.6346,sbi_bluechip
2019-12-26,153.5576,sbi_bluechip
2019-12-24,153.5626,sbi_bluechip
2019-12-23,153.5537,sbi_bluechip
2019-12-20,153.4572,sbi_bluechip
2019-12-19,153.1526,sbi_bluechip
2019-12-18,153.1337,sbi_bluechip
2019-12-17,153.0346,sbi_bluechip
2019-12-16,152.9814,sbi_bluechip
2019-12-13,152.8576,sbi_bluechip
2019-12-12,152.9682,sbi_bluechip
2019-12-11,152.9832,sbi_bluechip
2019-12-10,153.0738,sbi_bluechip
2019-12-09,153.1183,sbi_bluechip
2019-12-06,153.1405,sbi_bluechip
2019-12-05,153.2483,sbi_bluechip
2019-12-04,153.7405,sbi_bluechip
2019-12-03,153.6259,sbi_bluechip
2019-12-02,153.6046,sbi_bluechip
2019-11-29,153.5381,sbi_bluechip
2019-11-28,153.4934,sbi_bluechip
2019-11-27,153.3903,sbi_bluechip
2019-11-26,153.3485,sbi_bluechip
2019-11-25,153.296,sbi_bluechip
2019-11-22,153.1436,sbi_bluechip
2019-11-21,153.0927,sbi_bluechip
2019-11-20,153.0708,sbi_bluechip
2019-11-19,152.9853,sbi_bluechip
2019-11-18,152.9316,sbi_bluechip
2019-11-15,152.7979,sbi_bluechip
2019-11-14,152.6957,sbi_bluechip
2019-11-13,152.5581,sbi_bluechip
2019-11-11,152.4214,sbi_bluechip
2019-11-08,152.3985,sbi_bluechip
2019-11-07,152.4911,sbi_bluechip
2019-11-06,152.4607,sbi_bluechip
2019-11-05,152.4692,sbi_bluechip
2019-11-04,152.4901,sbi_bluechip
2019-11-01,152.4285,sbi_bluechip
2019-10-31,152.3324,sbi_bluechip
2019-10-30,152.1072,sbi_bluechip
2019-10-29,151.965,sbi_bluechip
2019-10-25,151.8433,sbi_bluechip
2019-10-24,151.7896,sbi_bluechip
2019-10-23,151.6974,sbi_bluechip
2019-10-22,151.5632,sbi_bluechip
2019-10-18,151.4029,sbi_bluechip
2019-10-17,151.266,sbi_bluechip
2019-10-16,151.2289,sbi_bluechip
2019-10-15,151.1294,sbi_bluechip
2019-10-14,151.0676,sbi_bluechip
2019-10-11,150.938,sbi_bluechip
2019-10-10,150.8965,sbi_bluechip
2019-10-09,150.861,sbi_bluechip
2019-10-07,150.8064,sbi_bluechip
2019-10-04,150.7287,sbi_bluechip
2019-10-03,150.7936,sbi_bluechip
2019-10-01,150.5812,sbi_bluechip
2019-09-30,150.4539,sbi_bluechip
2019-09-27,150.2231,sbi_bluechip
2019-09-26,150.2039,sbi_bluechip
2019-09-25,150.1731,sbi_bluechip
2019-09-24,150.1503,sbi_bluechip
2019-09-23,150.1778,sbi_bluechip
2019-09-20,150.0993,sbi_bluechip
2019-09-19,150.6828,sbi_bluechip
2019-09-18,150.6191,sbi_bluechip
2019-09-17,150.3688,sbi_bluechip
2019-09-16,150.4476,sbi_bluechip
2019-09-13,150.4937,sbi_bluechip
2019-09-12,150.3828,sbi_bluechip
2019-09-11,150.4797,sbi_bluechip
2019-09-09,150.5778,sbi_bluechip
2019-09-06,150.3414,sbi_bluechip
2019-09-05,150.4076,sbi_bluechip
2019-09-04,150.4906,sbi_bluechip
2019-09-03,150.4088,sbi_bluechip
2019-08-30,150.1076,sbi_bluechip
2019-08-29,150.0625,sbi_bluechip
2019-08-28,150.1914,sbi_bluechip
2019-08-27,150.2496,sbi_bluechip
2019-08-26,150.2418,sbi_bluechip
2019-08-23,149.9347,sbi_bluechip
2019-08-22,149.8404,sbi_bluechip
2019-08-21,149.6765,sbi_bluechip
2019-08-20,149.4864,sbi_bluechip
2019-08-19,149.373,sbi_bluechip
2019-08-16,149.3311,sbi_bluechip
2019-08-14,149.0809,sbi_bluechip
2019-08-13,149.4511,sbi_bluechip
2019-08-09,149.4248,sbi_bluechip
2019-08-08,149.6843,sbi_bluechip
2019-08-07,149.5577,sbi_bluechip
2019-08-06,149.4147,sbi_bluechip
2019-08-05,149.2155,sbi_bluechip
2019-08-02,149.3724,sbi_bluechip
2019-08-01,149.0367,sbi_bluechip
2019-07-31,149.0512,sbi_bluechip
2019-07-30,148.892,sbi_bluechip
2019-07-29,148.7487,sbi_bluechip
2019-07-26,148.3704,sbi_bluechip
2019-07-25,148.3413,sbi_bluechip
2019-07-24,148.6858,sbi_bluechip
2019-07-23,148.6097,sbi_bluechip
2019-07-22,148.7174,sbi_bluechip
2019-07-19,148.8542,sbi_bluechip
2019-07-18,148.8109,sbi_bluechip
2019-07-17,148.8778,sbi_bluechip
2019-07-16,148.9102,sbi_bluechip
2019-07-15,148.5678,sbi_bluechip
2019-07-12,148.2944,sbi_bluechip
2019-07-11,148.2166,sbi_bluechip
2019-07-10,148.0034,sbi_bluechip
2019-07-09,147.8228,sbi_bluechip
2019-07-08,147.8277,sbi_bluechip
2019-07-05,147.2972,sbi_bluechip
2019-07-04,146.9134,sbi_bluechip
2019-07-03,146.678,sbi_bluechip
2019-07-02,146.4817,sbi_bluechip
2019-07-01,146.3903,sbi_bluechip
2019-06-28,146.3797,sbi_bluechip
2019-06-27,146.3061,sbi_bluechip
2019-06-26,146.2151,sbi_bluechip
2019-06-25,146.3663,sbi_bluechip
2019-06-24,146.4771,sbi_bluechip
2019-06-21,146.4745,sbi_bluechip
2019-06-20,146.6796,sbi_bluechip
2019-06-19,146.5025,sbi_bluechip
2019-06-18,146.4654,sbi_bluechip
2019-06-17,146.1223,sbi_bluechip
2019-06-14,146.087,sbi_bluechip
2019-06-13,145.8517,sbi_bluechip
2019-06-12,145.775,sbi_bluechip
2019-06-11,145.6404,sbi_bluechip
2019-06-10,145.5955,sbi_bluechip
2019-06-07,145.8035,sbi_bluechip
2019-06-06,146.0295,sbi_bluechip
2019-06-04,145.6843,sbi_bluechip
2019-06-03,145.7548,sbi_bluechip
2019-05-31,145.5041,sbi_bluechip
2019-05-30,145.1312,sbi_bluechip
2019-05-29,145.1587,sbi_bluechip
2019-05-28,145.1418,sbi_bluechip
2019-05-27,145.0011,sbi_bluechip
2019-05-24,144.51,sbi_bluechip
2019-05-23,144.3538,sbi_bluechip
2019-05-22,144.0646,sbi_bluechip
2019-05-21,144.0003,sbi_bluechip
2019-05-20,143.9976,sbi_bluechip
2019-05-17,143.6887,sbi_bluechip
2019-05-16,143.5546,sbi_bluechip
2019-05-15,143.5038,sbi_bluechip
2019-05-14,143.4783,sbi_bluechip
2019-05-13,143.3346,sbi_bluechip
2019-05-10,143.2079,sbi_bluechip
2019-05-09,143.18,sbi_bluechip
2019-05-08,143.1504,sbi_bluechip
2019-05-07,143.0787,sbi_bluechip
2019-05-06,143.0201,sbi_bluechip
2019-05-03,142.9162,sbi_bluechip
2019-05-02,142.9669,sbi_bluechip
2019-04-30,142.9462,sbi_bluechip
2019-04-26,142.8116,sbi_bluechip
2019-04-25,142.7254,sbi_bluechip
2019-04-24,142.817,sbi_bluechip
2019-04-23,142.717,sbi_bluechip
2019-04-22,142.7099,sbi_bluechip
2019-04-18,142.8003,sbi_bluechip
2019-04-16,142.7755,sbi_bluechip
2019-04-15,142.7628,sbi_bluechip
2019-04-12,142.8054,sbi_bluechip
2019-04-11,142.8471,sbi_bluechip
2019-04-10,142.9046,sbi_bluechip
2019-04-09,142.8298,sbi_bluechip
2019-04-08,142.8229,sbi_bluechip
2019-04-05,142.9577,sbi_bluechip
2019-04-04,143.0993,sbi_bluechip
2019-04-03,143.216,sbi_bluechip
2019-04-02,143.2454,sbi_bluechip
2019-03-29,142.8143,sbi_bluechip
2019-03-28,142.444,sbi_bluechip
2019-03-27,142.4266,sbi_bluechip
2019-03-26,142.4063,sbi_bluechip
2019-03-25,142.4171,sbi_bluechip
2019-03-22,152.9006,sbi_bluechip
2019-03-20,152.7699,sbi_bluechip
2019-03-19,152.7005,sbi_bluechip
2019-03-18,152.7412,sbi_bluechip
2019-03-15,152.5838,sbi_bluechip
2019-03-14,152.4552,sbi_bluechip
2019-03-13,152.2831,sbi_bluechip
2019-03-12,152.2662,sbi_bluechip
2019-03-11,152.1524,sbi_bluechip
2019-03-08,151.9735,sbi_bluechip
2019-03-07,151.8551,sbi_bluechip
2019-03-06,151.7285,sbi_bluechip
2019-03-05,151.6357,sbi_bluechip
2019-03-01,151.443,sbi_bluechip
2019-02-28,151.357,sbi_bluechip
2019-02-27,151.2991,sbi_bluechip
2019-02-26,151.362,sbi_bluechip
2019-02-25,151.3599,sbi_bluechip
2019-02-22,151.2599,sbi_bluechip
2019-02-21,151.2293,sbi_bluechip
2019-02-20,151.2149,sbi_bluechip
2019-02-18,151.131,sbi_bluechip
2019-02-15,151.1932,sbi_bluechip
2019-02-14,151.2698,sbi_bluechip
2019-02-13,151.3451,sbi_bluechip
2019-02-12,151.05,sbi_bluechip
2019-02-11,151.0908,sbi_bluechip
2019-02-08,151.009,sbi_bluechip
2019-02-07,150.9077,sbi_bluechip
2019-02-06,150.6666,sbi_bluechip
2019-02-05,150.5966,sbi_bluechip
2019-02-04,150.5633,sbi_bluechip
2019-02-01,150.5492,sbi_bluechip
2019-01-31,150.7049,sbi_bluechip
2019-01-30,150.6693,sbi_bluechip
2019-01-29,150.6845,sbi_bluechip
2019-01-28,150.6576,sbi_bluechip
2019-01-25,150.5547,sbi_bluechip
2019-01-24,150.5348,sbi_bluechip
2019-01-23,150.5101,sbi_bluechip
2019-01-22,150.5028,sbi_bluechip
2019-01-21,150.3954,sbi_bluechip
2019-01-18,150.4759,sbi_bluechip
2019-01-17,150.4768,sbi_bluechip
2019-01-16,150.4555,sbi_bluechip
2019-01-15,150.4854,sbi_bluechip
2019-01-14,150.456,sbi_bluechip
2019-01-11,150.2791,sbi_bluechip
2019-01-10,150.1803,sbi_bluechip
2019-01-09,150.1373,sbi_bluechip
2019-01-08,150.0955,sbi_bluechip
2019-01-07,149.9279,sbi_bluechip
2019-01-04,149.8954,sbi_bluechip
2019-01-03,149.8859,sbi_bluechip
2019-01-02,149.9431,sbi_bluechip
2019-01-01,149.8452,sbi_bluechip
2018-12-31,149.9206,sbi_bluechip
2018-12-28,149.7844,sbi_bluechip
2018-12-27,149.9247,sbi_bluechip
2018-12-26,149.8596,sbi_bluechip
2018-12-24,149.6544,sbi_bluechip
2018-12-21,149.563,sbi_bluechip
2018-12-20,149.5464,sbi_bluechip
2018-12-19,149.5278,sbi_bluechip
2018-12-18,149.195,sbi_bluechip
2018-12-17,149.0283,sbi_bluechip
2018-12-14,148.9564,sbi_bluechip
2018-12-13,149.0154,sbi_bluechip
2018-12-12,149.0278,sbi_bluechip
2018-12-11,148.8009,sbi_bluechip
2018-12-10,148.7642,sbi_bluechip
2018-12-07,149.0015,sbi_bluechip
2018-12-06,149.0535,sbi_bluechip
2018-12-05,148.846,sbi_bluechip
2018-12-04,148.5429,sbi_bluechip
2018-12-03,148.4128,sbi_bluechip
2018-11-30,148.3579,sbi_bluechip
2018-11-29,148.2735,sbi_bluechip
2018-11-28,148.1433,sbi_bluechip
2018-11-27,147.9633,sbi_bluechip
2018-11-26,147.9388,sbi_bluechip
2018-11-22,147.8603,sbi_bluechip
2018-11-20,147.635,sbi_bluechip
2018-11-19,147.5923,sbi_bluechip
2018-11-16,147.4611,sbi_bluechip
2018-11-15,147.5302,sbi_bluechip
2018-11-14,147.492,sbi_bluechip
2018-11-13,147.3771,sbi_bluechip
2018-11-12,147.2561,sbi_bluechip
2018-11-09,147.2208,sbi_bluechip
2018-11-06,147.0712,sbi_bluechip
2018-11-05,147.0216,sbi_bluechip
2018-11-02,146.9597,sbi_bluechip
2018-11-01,146.8128,sbi_bluechip
2018-10-31,146.7339,sbi_bluechip
2018-10-30,146.7452,sbi_bluechip
2018-10-29,146.7445,sbi_bluechip
2018-10-26,146.59,sbi_bluechip
2018-10-25,146.6004,sbi_bluechip
2018-10-24,146.6004,sbi_bluechip
2018-10-23,146.5481,sbi_bluechip
2018-10-22,146.5009,sbi_bluechip
2018-10-19,146.4328,sbi_bluechip
2018-10-17,146.3738,sbi_bluechip
2018-10-16,146.3846,sbi_bluechip
2018-10-15,146.2801,sbi_bluechip
2018-10-12,146.0817,sbi_bluechip
2018-10-11,146.0455,sbi_bluechip
2018-10-10,145.9908,sbi_bluechip
2018-10-09,145.9393,sbi_bluechip
2018-10-08,146.0791,sbi_bluechip
2018-10-05,145.947,sbi_bluechip
2018-10-04,145.5923,sbi_bluechip
2018-10-03,145.7273,sbi_bluechip
2018-10-01,145.82,sbi_bluechip
2018-09-28,145.6347,sbi_bluechip
2018-09-27,145.5014,sbi_bluechip
2018-09-26,145.1397,sbi_bluechip
2018-09-25,145.0404,sbi_bluechip
2018-09-24,145.129,sbi_bluechip
2018-09-21,145.2703,sbi_bluechip
2018-09-19,145.2511,sbi_bluechip
2018-09-18,145.1769,sbi_bluechip
2018-09-17,145.1591,sbi_bluechip
2018-09-14,145.0718,sbi_bluechip
2018-09-12,144.9921,sbi_bluechip
2018-09-11,144.9724,sbi_bluechip
2018-09-10,145.0029,sbi_bluechip
2018-09-07,145.1503,sbi_bluechip
2018-09-06,145.0798,sbi_bluechip
2018-09-05,145.064,sbi_bluechip
2018-09-04,145.091,sbi_bluechip
2018-09-03,145.1981,sbi_bluechip
2018-08-31,145.157,sbi_bluechip
2018-08-30,145.153,sbi_bluechip
2018-08-29,145.1777,sbi_bluechip
2018-08-28,145.1743,sbi_bluechip
2018-08-27,145.1487,sbi_bluechip
2018-08-24,145.0713,sbi_bluechip
2018-08-23,145.063,sbi_bluechip
2018-08-21,145.0737,sbi_bluechip
2018-08-20,145.0363,sbi_bluechip
2018-08-16,144.8889,sbi_bluechip
2018-08-14,144.8983,sbi_bluechip
2018-08-13,144.8638,sbi_bluechip
2018-08-10,144.8834,sbi_bluechip
2018-08-09,144.8547,sbi_bluechip
2018-08-08,144.7751,sbi_bluechip
2018-08-07,144.736,sbi_bluechip
2018-08-06,144.7287,sbi_bluechip
2018-08-03,144.6829,sbi_bluechip
2018-08-02,144.717,sbi_bluechip
2018-08-01,144.6898,sbi_bluechip
2018-07-31,144.5473,sbi_bluechip
2018-07-30,144.4708,sbi_bluechip
2018-07-27,144.3967,sbi_bluechip
2018-07-26,144.3561,sbi_bluechip
2018-07-25,144.2857,sbi_bluechip
2018-07-24,144.2543,sbi_bluechip
2018-07-23,144.2217,sbi_bluechip
2018-07-20,144.1651,sbi_bluechip
2018-07-19,144.1604,sbi_bluechip
2018-07-18,144.1784,sbi_bluechip
2018-07-17,144.1534,sbi_bluechip
2018-07-16,144.0332,sbi_bluechip
2018-07-13,143.9932,sbi_bluechip
2018-07-12,143.9137,sbi_bluechip
2018-07-11,143.7636,sbi_bluechip
2018-07-10,143.7153,sbi_bluechip
2018-07-09,143.6666,sbi_bluechip
2018-07-06,143.5656,sbi_bluechip
2018-07-05,143.5272,sbi_bluechip
2018-07-04,143.5283,sbi_bluechip
2018-07-03,143.418,sbi_bluechip
2018-07-02,143.3715,sbi_bluechip
2018-06-29,143.2428,sbi_bluechip
2018-06-28,143.195,sbi_bluechip
2018-06-27,143.2581,sbi_bluechip
2018-06-26,143.3068,sbi_bluechip
2018-06-25,143.2898,sbi_bluechip
2018-06-22,143.2155,sbi_bluechip
2018-06-21,143.2127,sbi_bluechip
2018-06-20,143.0785,sbi_bluechip
2018-06-19,142.9936,sbi_bluechip
2018-06-18,142.9393,sbi_bluechip
2018-06-15,142.7832,sbi_bluechip
2018-06-14,142.6874,sbi_bluechip
2018-06-13,142.5907,sbi_bluechip
2018-06-12,142.4837,sbi_bluechip
2018-06-11,142.4551,sbi_bluechip
2018-06-08,142.4035,sbi_bluechip
2018-06-07,142.2812,sbi_bluechip
2018-06-06,142.3972,sbi_bluechip
2018-06-05,142.4665,sbi_bluechip
2018-06-04,142.3998,sbi_bluechip
2018-06-01,142.3674,sbi_bluechip
2018-05-31,142.42,sbi_bluechip
2018-05-30,142.5296,sbi_bluechip
2018-05-29,142.4726,sbi_bluechip
2018-05-28,142.4224,sbi_bluechip
2018-05-25,142.2487,sbi_bluechip
2018-05-24,142.1165,sbi_bluechip
2018-05-23,142.1357,sbi_bluechip
2018-05-22,142.1472,sbi_bluechip
2018-05-21,142.1174,sbi_bluechip
2018-05-18,142.0857,sbi_bluechip
2018-05-17,141.9005,sbi_bluechip
2018-05-16,141.9575,sbi_bluechip
2018-05-15,142.0914,sbi_bluechip
2018-05-14,142.2398,sbi_bluechip
2018-05-11,142.2857,sbi_bluechip
2018-05-10,142.3077,sbi_bluechip
2018-05-09,142.3563,sbi_bluechip
2018-05-08,142.5187,sbi_bluechip
2018-05-07,142.4808,sbi_bluechip
2018-05-04,142.3165,sbi_bluechip
2018-05-03,142.3179,sbi_bluechip
2018-05-02,142.3015,sbi_bluechip
2018-04-27,142.0784,sbi_bluechip
2018-04-26,142.1109,sbi_bluechip
2018-04-25,142.2185,sbi_bluechip
2018-04-24,142.3569,sbi_bluechip
2018-04-23,142.3797,sbi_bluechip
2018-04-20,142.3818,sbi_bluechip
2018-04-19,142.5817,sbi_bluechip
2018-04-18,142.8035,sbi_bluechip
2018-04-17,142.9028,sbi_bluechip
2018-04-16,142.9083,sbi_bluechip
2018-04-13,142.8596,sbi_bluechip
2018-04-12,142.8123,sbi_bluechip
2018-04-11,142.7892,sbi_bluechip
2018-04-10,142.9838,sbi_bluechip
2018-04-09,143.1851,sbi_bluechip
2018-04-06,143.1533,sbi_bluechip
2018-04-05,143.1275,sbi_bluechip
2018-04-04,142.7382,sbi_bluechip
2018-04-03,142.7428,sbi_bluechip
2018-03-28,142.4392,sbi_bluechip
2018-03-27,142.3556,sbi_bluechip
2018-03-26,141.858,sbi_bluechip
2018-03-23,141.8272,sbi_bluechip
2018-03-22,141.7848,sbi_bluechip
2018-03-21,141.7391,sbi_bluechip
2018-03-20,141.7269,sbi_bluechip
2018-03-19,141.7148,sbi_bluechip
2018-03-16,141.6912,sbi_bluechip
2018-03-15,141.4873,sbi_bluechip
2018-03-14,141.3686,sbi_bluechip
2018-03-13,141.3517,sbi_bluechip
2018-03-12,141.271,sbi_bluechip
2018-03-09,141.0964,sbi_bluechip
2018-03-08,141.0882,sbi_bluechip
2018-03-07,140.9803,sbi_bluechip
2018-03-06,140.77,sbi_bluechip
2018-03-05,140.7265,sbi_bluechip
2018-03-01,140.6243,sbi_bluechip
2018-02-28,140.6412,sbi_bluechip
2018-02-27,140.649,sbi_bluechip
2018-02-26,149.9922,sbi_bluechip
2018-02-23,149.9491,sbi_bluechip
2018-02-22,149.8158,sbi_bluechip
2018-02-21,149.9303,sbi_bluechip
2018-02-20,149.9696,sbi_bluechip
2018-02-16,150.0015,sbi_bluechip
2018-02-15,149.9765,sbi_bluechip
2018-02-14,150.0741,sbi_bluechip
2018-02-12,149.9962,sbi_bluechip
2018-02-09,149.9118,sbi_bluechip
2018-02-08,149.8999,sbi_bluechip
2018-02-07,149.7571,sbi_bluechip
2018-02-06,149.6109,sbi_bluechip
2018-02-05,149.5419,sbi_bluechip
2018-02-02,149.4766,sbi_bluechip
2018-02-01,149.4309,sbi_bluechip
2018-01-31,149.7354,sbi_bluechip
2018-01-30,149.6944,sbi_bluechip
2018-01-29,149.7264,sbi_bluechip
2018-01-25,149.7498,sbi_bluechip
2018-01-24,149.783,sbi_bluechip
2018-01-23,149.8059,sbi_bluechip
2018-01-22,149.6942,sbi_bluechip
2018-01-19,149.6247,sbi_bluechip
2018-01-18,149.6057,sbi_bluechip
2018-01-17,149.6553,sbi_bluechip
2018-01-16,149.44,sbi_bluechip
2018-01-15,149.6009,sbi_bluechip
2018-01-12,149.4891,sbi_bluechip
2018-01-11,149.4769,sbi_bluechip
2018-01-10,149.4919,sbi_bluechip
2018-01-09,149.6376,sbi_bluechip
2018-01-08,149.663,sbi_bluechip
2018-01-05,149.6129,sbi_bluechip
2018-01-04,149.4562,sbi_bluechip
2018-01-03,149.5011,sbi_bluechip
2018-01-02,149.4785,sbi_bluechip
2018-01-01,149.4635,sbi_bluechip
2017-12-29,149.4545,sbi_bluechip
2017-12-28,149.1113,sbi_bluechip
2017-12-27,149.3157,sbi_bluechip
2017-12-26,149.2864,sbi_bluechip
2017-12-22,149.2793,sbi_bluechip
2017-12-21,149.3699,sbi_bluechip
2017-12-20,149.4474,sbi_bluechip
2017-12-19,149.559,sbi_bluechip
2017-12-18,149.5292,sbi_bluechip
2017-12-15,149.4853,sbi_bluechip
2017-12-14,149.5076,sbi_bluechip
2017-12-13,149.4922,sbi_bluechip
2017-12-12,149.544,sbi_bluechip
2017-12-11,149.5962,sbi_bluechip
2017-12-08,149.6701,sbi_bluechip
2017-12-07,149.6687,sbi_bluechip
2017-12-06,149.6636,sbi_bluechip
2017-12-05,149.6015,sbi_bluechip
2017-12-04,149.5704,sbi_bluechip
2017-11-30,149.4913,sbi_bluechip
2017-11-29,149.4737,sbi_bluechip
2017-11-28,149.4371,sbi_bluechip
2017-11-27,149.4131,sbi_bluechip
2017-11-24,149.3708,sbi_bluechip
2017-11-23,149.3581,sbi_bluechip
2017-11-22,149.4299,sbi_bluechip
2017-11-21,149.5741,sbi_bluechip
2017-11-20,149.5677,sbi_bluechip
2017-11-17,149.2227,sbi_bluechip
2017-11-16,149.1355,sbi_bluechip
2017-11-15,149.2653,sbi_bluechip
2017-11-14,149.2009,sbi_bluechip
2017-11-13,149.3946,sbi_bluechip
2017-11-10,149.3439,sbi_bluechip
2017-11-09,149.335,sbi_bluechip
2017-11-08,149.2964,sbi_bluechip
2017-11-07,149.2845,sbi_bluechip
2017-11-06,149.3344,sbi_bluechip
2017-11-03,149.2935,sbi_bluechip
2017-11-02,149.2423,sbi_bluechip
2017-11-01,149.1872,sbi_bluechip
2017-10-31,149.166,sbi_bluechip
2017-10-30,149.1095,sbi_bluechip
2017-10-27,149.116,sbi_bluechip
2017-10-26,149.1089,sbi_bluechip
2017-10-25,149.0757,sbi_bluechip
2017-10-24,149.0872,sbi_bluechip
2017-10-23,149.0299,sbi_bluechip
2017-10-18,148.9933,sbi_bluechip
2017-10-17,148.9725,sbi_bluechip
2017-10-16,148.9557,sbi_bluechip
2017-10-13,148.8495,sbi_bluechip
2017-10-12,148.7248,sbi_bluechip
2017-10-11,148.6958,sbi_bluechip
2017-10-10,148.6506,sbi_bluechip
2017-10-09,148.6113,sbi_bluechip
2017-10-06,148.5744,sbi_bluechip
2017-10-05,148.5783,sbi_bluechip
2017-10-04,148.6351,sbi_bluechip
2017-10-03,148.7205,sbi_bluechip
2017-09-29,148.491,sbi_bluechip
2017-09-28,148.4835,sbi_bluechip
2017-09-27,148.3767,sbi_bluechip
2017-09-26,148.362,sbi_bluechip
2017-09-25,148.4371,sbi_bluechip
2017-09-22,148.2649,sbi_bluechip
2017-09-21,148.2842,sbi_bluechip
2017-09-20,148.5343,sbi_bluechip
2017-09-19,148.4897,sbi_bluechip
2017-09-18,148.4466,sbi_bluechip
2017-09-15,148.4365,sbi_bluechip
2017-09-14,148.4631,sbi_bluechip
2017-09-13,148.4446,sbi_bluechip
2017-09-12,148.48,sbi_bluechip
2017-09-11,148.5133,sbi_bluechip
2017-09-08,148.4706,sbi_bluechip
2017-09-07,148.4821,sbi_bluechip
2017-09-06,148.4973,sbi_bluechip
2017-09-05,148.4461,sbi_bluechip
2017-09-04,148.4419,sbi_bluechip
2017-09-01,148.359,sbi_bluechip
2017-08-31,148.181,sbi_bluechip
2017-08-30,148.1091,sbi_bluechip
2017-08-29,148.0933,sbi_bluechip
2017-08-28,148.0222,sbi_bluechip
2017-08-24,147.945,sbi_bluechip
2017-08-23,147.9146,sbi_bluechip
2017-08-22,147.9018,sbi_bluechip
2017-08-21,147.903,sbi_bluechip
2017-08-18,147.8182,sbi_bluechip
2017-08-16,147.7053,sbi_bluechip
2017-08-14,147.7087,sbi_bluechip
2017-08-11,147.6561,sbi_bluechip
2017-08-10,147.6744,sbi_bluechip
2017-08-09,147.7244,sbi_bluechip
2017-08-08,147.7057,sbi_bluechip
2017-08-07,147.6821,sbi_bluechip
2017-08-04,147.6495,sbi_bluechip
2017-08-03,147.6212,sbi_bluechip
2017-08-02,147.3359,sbi_bluechip
2017-08-01,147.2654,sbi_bluechip
2017-07-31,147.1981,sbi_bluechip
2017-07-28,147.1604,sbi_bluechip
2017-07-27,147.1708,sbi_bluechip
2017-07-26,147.0997,sbi_bluechip
2017-07-25,147.1373,sbi_bluechip
2017-07-24,147.1328,sbi_bluechip
2017-07-21,146.9821,sbi_bluechip
2017-07-20,146.8157,sbi_bluechip
2017-07-19,146.7668,sbi_bluechip
2017-07-18,146.6789,sbi_bluechip
2017-07-17,146.6141,sbi_bluechip
2017-07-14,146.4802,sbi_bluechip
2017-07-13,146.4568,sbi_bluechip
2017-07-12,146.3824,sbi_bluechip
2017-07-11,146.3105,sbi_bluechip
2017-07-10,146.2443,sbi_bluechip
2017-07-07,145.9888,sbi_bluechip
2017-07-06,145.9371,sbi_bluechip
2017-07-05,145.8498,sbi_bluechip
2017-07-04,145.7582,sbi_bluechip
2017-07-03,145.6663,sbi_bluechip
2017-06-30,145.8394,sbi_bluechip
2017-06-29,145.8476,sbi_bluechip
2017-06-28,145.8491,sbi_bluechip
2017-06-27,145.9449,sbi_bluechip
2017-06-23,145.8813,sbi_bluechip
2017-06-22,145.8735,sbi_bluechip
2017-06-21,145.8889,sbi_bluechip
2017-06-20,145.8016,sbi_bluechip
2017-06-19,145.7742,sbi_bluechip
2017-06-16,145.6798,sbi_bluechip
2017-06-15,145.6979,sbi_bluechip
2017-06-14,145.6607,sbi_bluechip
2017-06-13,145.6403,sbi_bluechip
2017-06-12,145.5341,sbi_bluechip
2017-06-09,145.4447,sbi_bluechip
2017-06-08,145.3316,sbi_bluechip
2017-06-07,144.9507,sbi_bluechip
2017-06-06,144.5701,sbi_bluechip
2017-06-05,144.5409,sbi_bluechip
2017-06-02,144.495,sbi_bluechip
2017-06-01,144.4377,sbi_bluechip
2017-05-31,144.2526,sbi_bluechip
2017-05-30,144.1695,sbi_bluechip
2017-05-29,144.139,sbi_bluechip
2017-05-26,144.139,sbi_bluechip
2017-05-25,144.0182,sbi_bluechip
2017-05-24,143.9093,sbi_bluechip
2017-05-23,143.8682,sbi_bluechip
2017-05-22,143.7899,sbi_bluechip
2017-05-19,143.6111,sbi_bluechip
2017-05-18,143.5992,sbi_bluechip
2017-05-17,143.5683,sbi_bluechip
2017-05-16,143.5436,sbi_bluechip
2017-05-15,143.5718,sbi_bluechip
2017-05-12,143.191,sbi_bluechip
2017-05-11,143.0782,sbi_bluechip
2017-05-09,143.0225,sbi_bluechip
2017-05-08,143.0171,sbi_bluechip
2017-05-05,142.8881,sbi_bluechip
2017-05-04,142.781,sbi_bluechip
2017-05-03,142.7804,sbi_bluechip
2017-05-02,142.7261,sbi_bluechip
2017-04-28,142.7091,sbi_bluechip
2017-04-27,142.7118,sbi_bluechip
2017-04-26,142.7088,sbi_bluechip
2017-04-25,142.8376,sbi_bluechip
2017-04-24,142.7063,sbi_bluechip
2017-04-21,142.6345,sbi_bluechip
2017-04-20,142.7991,sbi_bluechip
2017-04-19,142.7966,sbi_bluechip
2017-04-18,142.6525,sbi_bluechip
2017-04-17,142.6317,sbi_bluechip
2017-04-13,142.5844,sbi_bluechip
2017-04-12,142.4196,sbi_bluechip
2017-04-11,142.2557,sbi_bluechip
2017-04-10,142.0721,sbi_bluechip
2017-04-07,141.9749,sbi_bluechip
2017-04-06,142.0344,sbi_bluechip
2017-04-05,142.456,sbi_bluechip
2017-04-03,142.491,sbi_bluechip
2017-03-31,142.3365,sbi_bluechip
2017-03-30,142.2701,sbi_bluechip
2017-03-29,142.1405,sbi_bluechip
2017-03-27,142.1702,sbi_bluechip
2017-03-24,141.7796,sbi_bluechip
2017-03-23,141.7341,sbi_bluechip
2017-03-22,141.6441,sbi_bluechip
2017-03-21,141.1567,sbi_bluechip
2017-03-20,141.0427,sbi_bluechip
2017-03-17,141.0134,sbi_bluechip
2017-03-16,141.011,sbi_bluechip
2017-03-15,140.8803,sbi_bluechip
2017-03-14,140.4476,sbi_bluechip
2017-03-10,140.3602,sbi_bluechip
2017-03-09,140.5925,sbi_bluechip
2017-03-08,140.6217,sbi_bluechip
2017-03-07,140.6715,sbi_bluechip
2017-03-06,140.7214,sbi_bluechip
2017-03-03,140.8939,sbi_bluechip
2017-03-02,140.6931,sbi_bluechip
2017-03-01,140.6291,sbi_bluechip
2017-02-28,140.8785,sbi_bluechip
2017-02-27,140.8612,sbi_bluechip
2017-02-23,140.656,sbi_bluechip
2017-02-22,140.5482,sbi_bluechip
2017-02-20,140.7201,sbi_bluechip
2017-02-17,140.8544,sbi_bluechip
2017-02-16,140.855,sbi_bluechip
2017-02-15,140.7425,sbi_bluechip
2017-02-14,140.6769,sbi_bluechip
2017-02-13,140.7741,sbi_bluechip
2017-02-10,140.6958,sbi_bluechip
2017-02-09,140.3961,sbi_bluechip
2017-02-08,141.0498,sbi_bluechip
2017-02-07,142.8426,sbi_bluechip
2017-02-06,142.8673,sbi_bluechip
2017-02-03,142.8411,sbi_bluechip
2017-02-02,142.8498,sbi_bluechip
2017-02-01,142.708,sbi_bluechip
2017-01-31,142.6513,sbi_bluechip
2017-01-30,142.6424,sbi_bluechip
2017-01-27,142.5803,sbi_bluechip
2017-01-25,142.5021,sbi_bluechip
2017-01-24,142.4236,sbi_bluechip
2017-01-23,142.362,sbi_bluechip
2017-01-20,142.294,sbi_bluechip
2017-01-19,142.2584,sbi_bluechip
2017-01-18,142.3467,sbi_bluechip
2017-01-17,142.4058,sbi_bluechip
2017-01-16,142.3247,sbi_bluechip
2017-01-13,142.3455,sbi_bluechip
2017-01-12,142.4383,sbi_bluechip
2017-01-11,142.2559,sbi_bluechip
2017-01-10,142.2226,sbi_bluechip
2017-01-09,142.1957,sbi_bluechip
2017-01-06,142.1645,sbi_bluechip
2017-01-05,142.1662,sbi_bluechip
2017-01-04,142.1884,sbi_bluechip
2017-01-03,141.8637,sbi_bluechip
2017-01-02,142.0128,sbi_bluechip
2016-12-30,141.0653,sbi_bluechip
2016-12-29,140.8539,sbi_bluechip
2016-12-28,140.4799,sbi_bluechip
2016-12-27,140.4635,sbi_bluechip
2016-12-26,140.5763,sbi_bluechip
2016-12-23,140.754,sbi_bluechip
2016-12-22,140.8922,sbi_bluechip
2016-12-21,141.1187,sbi_bluechip
2016-12-20,141.0514,sbi_bluechip
2016-12-19,140.9731,sbi_bluechip
2016-12-16,140.9144,sbi_bluechip
2016-12-15,140.9543,sbi_bluechip
2016-12-14,141.4995,sbi_bluechip
2016-12-13,141.4149,sbi_bluechip
2016-12-09,141.2674,sbi_bluechip
2016-12-08,141.328,sbi_bluechip
2016-12-07,141.4759,sbi_bluechip
2016-12-06,142.7747,sbi_bluechip
2016-12-05,142.6727,sbi_bluechip
2016-12-02,142.5539,sbi_bluechip
2016-12-01,142.6678,sbi_bluechip
2016-11-30,142.5417,sbi_bluechip
2016-11-29,142.2212,sbi_bluechip
2016-11-28,142.3286,sbi_bluechip
2016-11-25,142.7966,sbi_bluechip
2016-11-24,142.9418,sbi_bluechip
2016-11-23,142.3794,sbi_bluechip
2016-11-22,142.0614,sbi_bluechip
2016-11-21,142.0013,sbi_bluechip
2016-11-18,141.2116,sbi_bluechip
2016-11-17,141.2957,sbi_bluechip
2016-11-16,141.2151,sbi_bluechip
2016-11-15,140.6312,sbi_bluechip
2016-11-11,139.5813,sbi_bluechip
2016-11-10,139.7669,sbi_bluechip
2016-11-09,139.5353,sbi_bluechip
2016-11-08,139.0289,sbi_bluechip
2016-11-07,138.9342,sbi_bluechip
2016-11-04,138.8435,sbi_bluechip
2016-11-03,138.9047,sbi_bluechip
2016-11-02,138.9201,sbi_bluechip
2016-11-01,138.9285,sbi_bluechip
2016-10-28,138.9002,sbi_bluechip
2016-10-27,138.8932,sbi_bluechip
2016-10-26,138.9324,sbi_bluechip
2016-10-25,138.917,sbi_bluechip
2016-10-24,138.9892,sbi_bluechip
2016-10-21,138.9252,sbi_bluechip
2016-10-20,138.92,sbi_bluechip
2016-10-19,138.9686,sbi_bluechip
2016-10-18,138.9771,sbi_bluechip
2016-10-17,138.8696,sbi_bluechip
2016-10-14,138.8584,sbi_bluechip
2016-10-13,138.9711,sbi_bluechip
2016-10-10,139.0035,sbi_bluechip
2016-10-07,138.7764,sbi_bluechip
2016-10-06,138.8924,sbi_bluechip
2016-10-05,138.9268,sbi_bluechip
2016-10-04,138.5007,sbi_bluechip
2016-10-03,138.2415,sbi_bluechip
2016-09-30,137.8665,sbi_bluechip
2016-09-29,137.7307,sbi_bluechip
2016-09-28,138.0284,sbi_bluechip
2016-09-27,137.947,sbi_bluechip
2016-09-26,137.8324,sbi_bluechip
2016-09-23,137.5601,sbi_bluechip
2016-09-22,137.4241,sbi_bluechip
2016-09-21,137.097,sbi_bluechip
2016-09-20,136.9986,sbi_bluechip
2016-09-19,137.0139,sbi_bluechip
2016-09-16,136.971,sbi_bluechip
2016-09-15,136.8926,sbi_bluechip
2016-09-14,136.8219,sbi_bluechip
2016-09-12,136.85,sbi_bluechip
2016-09-09,136.9063,sbi_bluechip
2016-09-08,136.8589,sbi_bluechip
2016-09-07,136.7979,sbi_bluechip
2016-09-06,136.541,sbi_bluechip
2016-09-02,136.3517,sbi_bluechip
2016-09-01,136.3584,sbi_bluechip
2016-08-31,136.3515,sbi_bluechip
2016-08-30,136.312,sbi_bluechip
2016-08-29,136.2205,sbi_bluechip
2016-08-26,136.0743,sbi_bluechip
2016-08-25,136.0296,sbi_bluechip
2016-08-24,135.9112,sbi_bluechip
2016-08-23,135.7506,sbi_bluechip
2016-08-22,135.7183,sbi_bluechip
2016-08-19,135.8687,sbi_bluechip
2016-08-18,135.7343,sbi_bluechip
2016-08-16,135.8902,sbi_bluechip
2016-08-12,135.8182,sbi_bluechip
2016-08-11,135.8291,sbi_bluechip
2016-08-10,135.5838,sbi_bluechip
2016-08-09,135.3606,sbi_bluechip
2016-08-08,135.0387,sbi_bluechip
2016-08-05,134.9377,sbi_bluechip
2016-08-04,134.8655,sbi_bluechip
2016-08-03,134.7377,sbi_bluechip
2016-08-02,134.8488,sbi_bluechip
2016-08-01,134.9712,sbi_bluechip
2016-07-29,134.7325,sbi_bluechip
2016-07-28,134.5985,sbi_bluechip
2016-07-27,134.1788,sbi_bluechip
2016-07-26,134.1531,sbi_bluechip
2016-07-25,134.0989,sbi_bluechip
2016-07-22,133.9622,sbi_bluechip
2016-07-21,133.8544,sbi_bluechip
2016-07-20,133.7495,sbi_bluechip
2016-07-19,133.6134,sbi_bluechip
2016-07-18,133.4825,sbi_bluechip
2016-07-15,133.4658,sbi_bluechip
2016-07-14,133.3927,sbi_bluechip
2016-07-13,133.3212,sbi_bluechip
2016-07-12,133.0156,sbi_bluechip
2016-07-11,132.6835,sbi_bluechip
2016-07-08,132.5679,sbi_bluechip
2016-07-07,132.5112,sbi_bluechip
2016-07-05,132.3858,sbi_bluechip
2016-07-04,132.1492,sbi_bluechip
2016-07-01,132.0459,sbi_bluechip
2016-06-30,131.8646,sbi_bluechip
2016-06-29,131.8008,sbi_bluechip
2016-06-28,131.7077,sbi_bluechip
2016-06-27,131.6653,sbi_bluechip
2016-06-24,131.4875,sbi_bluechip
2016-06-23,131.4681,sbi_bluechip
2016-06-22,131.4024,sbi_bluechip
2016-06-21,131.3168,sbi_bluechip
2016-06-20,131.2455,sbi_bluechip
2016-06-17,131.1983,sbi_bluechip
2016-06-16,131.1648,sbi_bluechip
2016-06-15,131.088,sbi_bluechip
2016-06-14,131.0472,sbi_bluechip
2016-06-13,131.0126,sbi_bluechip
2016-06-10,131.0328,sbi_bluechip
2016-06-09,131.006,sbi_bluechip
2016-06-08,130.9713,sbi_bluechip
2016-06-07,130.9498,sbi_bluechip
2016-06-06,130.9418,sbi_bluechip
2016-06-03,130.8097,sbi_bluechip
2016-06-02,130.7746,sbi_bluechip
2016-06-01,130.7344,sbi_bluechip
2016-05-31,130.7549,sbi_bluechip
2016-05-30,130.7441,sbi_bluechip
2016-05-27,130.6615,sbi_bluechip
2016-05-26,130.6326,sbi_bluechip
2016-05-25,130.6325,sbi_bluechip
2016-05-24,130.6043,sbi_bluechip
2016-05-23,130.5755,sbi_bluechip
2016-05-20,130.4614,sbi_bluechip
2016-05-19,130.4821,sbi_bluechip
2016-05-18,130.4225,sbi_bluechip
2016-05-17,130.4413,sbi_bluechip
2016-05-16,130.426,sbi_bluechip
2016-05-13,130.3528,sbi_bluechip
2016-05-12,130.371,sbi_bluechip
2016-05-11,130.3016,sbi_bluechip
2016-05-10,130.2617,sbi_bluechip
2016-05-09,130.2163,sbi_bluechip
2016-05-06,130.0972,sbi_bluechip
2016-05-05,130.0702,sbi_bluechip
2016-05-04,130.0353,sbi_bluechip
2016-05-03,129.9719,sbi_bluechip
2016-05-02,129.9765,sbi_bluechip
2016-04-29,129.9119,sbi_bluechip
2016-04-28,129.8405,sbi_bluechip
2016-04-27,129.7993,sbi_bluechip
2016-04-26,129.7797,sbi_bluechip
2016-04-25,129.7723,sbi_bluechip
2016-04-22,129.7155,sbi_bluechip
2016-04-21,129.6356,sbi_bluechip
2016-04-20,129.7601,sbi_bluechip
2016-04-18,129.752,sbi_bluechip
2016-04-13,129.5595,sbi_bluechip
2016-04-12,129.6858,sbi_bluechip
2016-04-11,129.6038,sbi_bluechip
2016-04-07,129.3494,sbi_bluechip
2016-04-06,129.1903,sbi_bluechip
2016-04-05,129.0831,sbi_bluechip
2016-04-04,129.038,sbi_bluechip
2016-03-31,128.5789,sbi_bluechip
2016-03-30,128.2653,sbi_bluechip
2016-03-29,128.2341,sbi_bluechip
2016-03-28,128.3103,sbi_bluechip
2016-03-23,128.0675,sbi_bluechip
2016-03-22,128.0579,sbi_bluechip
2016-03-21,128.0543,sbi_bluechip
2016-03-18,127.7673,sbi_bluechip
2016-03-17,127.7124,sbi_bluechip
2016-03-16,127.3719,sbi_bluechip
2016-03-15,127.1887,sbi_bluechip
2016-03-14,127.0352,sbi_bluechip
2016-03-11,126.7653,sbi_bluechip
2016-03-10,126.723,sbi_bluechip
2016-03-09,126.6695,sbi_bluechip
2016-03-08,126.6189,sbi_bluechip
2016-03-04,126.4923,sbi_bluechip
2016-03-03,126.2671,sbi_bluechip
2016-03-02,126.329,sbi_bluechip
2016-03-01,126.3215,sbi_bluechip
2016-02-29,126.2203,sbi_bluechip
2016-02-26,125.1214,sbi_bluechip
2016-02-25,124.949,sbi_bluechip
2016-02-24,125.2591,sbi_bluechip
2016-02-23,125.3408,sbi_bluechip
2016-02-22,125.6262,sbi_bluechip
2016-02-18,125.6948,sbi_bluechip
2016-02-17,125.6237,sbi_bluechip
2016-02-16,125.7149,sbi_bluechip
2016-02-15,125.8746,sbi_bluechip
2016-02-12,125.9254,sbi_bluechip
2016-02-11,125.9517,sbi_bluechip
2016-02-10,125.9592,sbi_bluechip
2016-02-09,125.937,sbi_bluechip
2016-02-08,125.9596,sbi_bluechip
2016-02-05,125.9207,sbi_bluechip
2016-02-04,125.8428,sbi_bluechip
2016-02-03,125.7466,sbi_bluechip
2016-02-02,125.809,sbi_bluechip
2016-02-01,125.9933,sbi_bluechip
2016-01-29,125.9632,sbi_bluechip
2016-01-28,125.8512,sbi_bluechip
2016-01-27,125.8925,sbi_bluechip
2016-01-25,125.8071,sbi_bluechip
2016-01-22,125.8176,sbi_bluechip
2016-01-21,125.8865,sbi_bluechip
2016-01-20,125.7354,sbi_bluechip
2016-01-19,125.6369,sbi_bluechip
2016-01-18,125.4931,sbi_bluechip
2016-01-15,125.4498,sbi_bluechip
2016-01-14,125.5527,sbi_bluechip
2016-01-13,125.6079,sbi_bluechip
2016-01-12,125.6591,sbi_bluechip
2016-01-11,125.7259,sbi_bluechip
2016-01-08,125.7146,sbi_bluechip
2016-01-07,125.6648,sbi_bluechip
2016-01-06,125.5842,sbi_bluechip
2016-01-05,125.538,sbi_bluechip
2016-01-04,125.4695,sbi_bluechip
2016-01-01,125.3359,sbi_bluechip
2015-12-31,125.202,sbi_bluechip
2015-12-30,125.18,sbi_bluechip
2015-12-29,125.097,sbi_bluechip
2015-12-28,125.1004,sbi_bluechip
2015-12-23,125.0151,sbi_bluechip
2015-12-22,124.8958,sbi_bluechip
2015-12-21,124.826,sbi_bluechip
2015-12-18,124.8784,sbi_bluechip
2015-12-17,124.9378,sbi_bluechip
2015-12-16,124.852,sbi_bluechip
2015-12-15,124.6736,sbi_bluechip
2015-12-14,124.6657,sbi_bluechip
2015-12-11,124.7011,sbi_bluechip
2015-12-10,124.6787,sbi_bluechip
2015-12-09,124.6578,sbi_bluechip
2015-12-08,124.6356,sbi_bluechip
2015-12-07,124.7185,sbi_bluechip
2015-12-04,124.672,sbi_bluechip
2015-12-03,124.7928,sbi_bluechip
2015-12-02,124.6293,sbi_bluechip
2015-12-01,124.6288,sbi_bluechip
2015-11-30,124.4419,sbi_bluechip
2015-11-27,124.423,sbi_bluechip
2015-11-26,124.5172,sbi_bluechip
2015-11-24,124.5215,sbi_bluechip
2015-11-23,124.4523,sbi_bluechip
2015-11-20,124.4288,sbi_bluechip
2015-11-19,124.5005,sbi_bluechip
2015-11-18,124.4731,sbi_bluechip
2015-11-17,124.471,sbi_bluechip
2015-11-16,124.5039,sbi_bluechip
2015-11-13,124.4146,sbi_bluechip
2015-11-10,124.236,sbi_bluechip
2015-11-09,124.1346,sbi_bluechip
2015-11-06,124.1927,sbi_bluechip
2015-11-05,124.1902,sbi_bluechip
2015-11-04,124.2333,sbi_bluechip
2015-11-03,124.2894,sbi_bluechip
2015-11-02,124.2771,sbi_bluechip
2015-10-30,124.1571,sbi_bluechip
2015-10-29,124.1596,sbi_bluechip
2015-10-28,124.2162,sbi_bluechip
2015-10-27,124.1443,sbi_bluechip
2015-10-26,124.0884,sbi_bluechip
2015-10-23,124.1065,sbi_bluechip
2015-10-21,124.0459,sbi_bluechip
2015-10-20,124.0561,sbi_bluechip
2015-10-19,124.0158,sbi_bluechip
2015-10-16,123.9423,sbi_bluechip
2015-10-15,123.9272,sbi_bluechip
2015-10-14,123.8612,sbi_bluechip
2015-10-13,123.7951,sbi_bluechip
2015-10-12,123.7532,sbi_bluechip
2015-10-09,123.8076,sbi_bluechip
2015-10-08,123.7508,sbi_bluechip
2015-10-07,123.6703,sbi_bluechip
2015-10-06,123.7049,sbi_bluechip
2015-10-05,123.7102,sbi_bluechip
2015-10-01,123.4236,sbi_bluechip
2015-09-30,123.4889,sbi_bluechip
2015-09-29,123.1053,sbi_bluechip
2015-09-28,122.4558,sbi_bluechip
2015-09-24,122.3672,sbi_bluechip
2015-09-23,122.3206,sbi_bluechip
2015-09-22,122.3174,sbi_bluechip
2015-09-21,122.338,sbi_bluechip
2015-09-18,122.2648,sbi_bluechip
2015-09-16,121.9789,sbi_bluechip
2015-09-15,121.9858,sbi_bluechip
2015-09-14,121.9531,sbi_bluechip
2015-09-11,121.8402,sbi_bluechip
2015-09-10,121.8109,sbi_bluechip
2015-09-09,121.8833,sbi_bluechip
2015-09-08,121.8281,sbi_bluechip
2015-09-07,121.7402,sbi_bluechip
2015-09-04,121.7976,sbi_bluechip
2015-09-03,121.8344,sbi_bluechip
2015-09-02,121.8592,sbi_bluechip
2015-09-01,121.8545,sbi_bluechip
2015-08-31,121.7255,sbi_bluechip
2015-08-28,121.688,sbi_bluechip
2015-08-27,121.6848,sbi_bluechip
2015-08-26,121.5738,sbi_bluechip
2015-08-25,121.4763,sbi_bluechip
2015-08-24,121.2877,sbi_bluechip
2015-08-21,121.5475,sbi_bluechip
2015-08-20,121.6568,sbi_bluechip
2015-08-19,121.6068,sbi_bluechip
2015-08-17,121.5407,sbi_bluechip
2015-08-14,121.4723,sbi_bluechip
2015-08-13,121.3935,sbi_bluechip
2015-08-12,121.1846,sbi_bluechip
2015-08-11,121.1502,sbi_bluechip
2015-08-10,121.1234,sbi_bluechip
2015-08-07,120.9962,sbi_bluechip
2015-08-06,120.9792,sbi_bluechip
2015-08-05,120.864,sbi_bluechip
2015-08-04,120.8481,sbi_bluechip
2015-08-03,120.9192,sbi_bluechip
2015-07-31,120.858,sbi_bluechip
2015-07-30,120.7773,sbi_bluechip
2015-07-29,120.7768,sbi_bluechip
2015-07-28,120.7053,sbi_bluechip
2015-07-27,120.5074,sbi_bluechip
2015-07-24,120.411,sbi_bluechip
2015-07-23,120.4142,sbi_bluechip
2015-07-22,120.3286,sbi_bluechip
2015-07-21,120.2742,sbi_bluechip
2015-07-20,120.227,sbi_bluechip
2015-07-17,120.1974,sbi_bluechip
2015-07-16,120.1474,sbi_bluechip
2015-07-15,120.1371,sbi_bluechip
2015-07-14,120.0999,sbi_bluechip
2015-07-13,119.9544,sbi_bluechip
2015-07-10,120.1484,sbi_bluechip
2015-07-09,120.0964,sbi_bluechip
2015-07-08,120.0759,sbi_bluechip
2015-07-07,120.0419,sbi_bluechip
2015-07-06,120.0581,sbi_bluechip
2015-07-03,119.8612,sbi_bluechip
2015-07-02,119.7538,sbi_bluechip
2015-07-01,119.6428,sbi_bluechip
2015-06-30,119.4628,sbi_bluechip
2015-06-29,119.3389,sbi_bluechip
2015-06-26,119.5192,sbi_bluechip
2015-06-25,119.4568,sbi_bluechip
2015-06-24,119.586,sbi_bluechip
2015-06-23,119.7242,sbi_bluechip
2015-06-22,119.7631,sbi_bluechip
2015-06-19,119.761,sbi_bluechip
2015-06-18,119.5056,sbi_bluechip
2015-06-17,119.1569,sbi_bluechip
2015-06-16,118.9396,sbi_bluechip
2015-06-15,119.029,sbi_bluechip
2015-06-12,118.8557,sbi_bluechip
2015-06-11,118.8986,sbi_bluechip
2015-06-10,119.091,sbi_bluechip
2015-06-09,119.1989,sbi_bluechip
2015-06-08,119.0629,sbi_bluechip
2015-06-05,119.0347,sbi_bluechip
2015-06-04,118.9151,sbi_bluechip
2015-06-03,119.0994,sbi_bluechip
2015-06-02,119.1982,sbi_bluechip
2015-06-01,119.5416,sbi_bluechip
2015-05-29,119.4459,sbi_bluechip
2015-05-28,119.3367,sbi_bluechip
2015-05-27,119.2361,sbi_bluechip
2015-05-26,119.1981,sbi_bluechip
2015-05-25,119.2195,sbi_bluechip
2015-05-22,119.1641,sbi_bluechip
2015-05-21,119.0962,sbi_bluechip
2015-05-20,119.0625,sbi_bluechip
2015-05-19,119.0042,sbi_bluechip
2015-05-18,118.8277,sbi_bluechip
2015-05-15,118.638,sbi_bluechip
2015-05-14,118.5984,sbi_bluechip
2015-05-13,118.5796,sbi_bluechip
2015-05-12,118.5949,sbi_bluechip
2015-05-11,118.671,sbi_bluechip
2015-05-08,118.3858,sbi_bluechip
2015-05-07,118.376,sbi_bluechip
2015-05-06,118.6148,sbi_bluechip
2015-05-05,118.7349,sbi_bluechip
2015-04-30,118.6387,sbi_bluechip
2015-04-29,118.7676,sbi_bluechip
2015-04-28,118.8214,sbi_bluechip
2015-04-27,118.7981,sbi_bluechip
2015-04-24,118.7424,sbi_bluechip
2015-04-23,118.7552,sbi_bluechip
2015-04-22,118.7833,sbi_bluechip
2015-04-21,118.7199,sbi_bluechip
2015-04-20,118.6696,sbi_bluechip
2015-04-17,118.6016,sbi_bluechip
2015-04-16,118.6022,sbi_bluechip
2015-04-15,118.5848,sbi_bluechip
2015-04-13,118.5303,sbi_bluechip
2015-04-10,118.4427,sbi_bluechip
2015-04-09,118.4202,sbi_bluechip
2015-04-08,118.3201,sbi_bluechip
2015-04-07,118.3426,sbi_bluechip
2015-04-06,118.3359,sbi_bluechip
2015-03-31,118.0538,sbi_bluechip
2015-03-30,117.8781,sbi_bluechip
2015-03-27,117.7888,sbi_bluechip
2015-03-26,117.7366,sbi_bluechip
2015-03-25,117.721,sbi_bluechip
2015-03-24,117.7014,sbi_bluechip
2015-03-23,117.6634,sbi_bluechip
2015-03-20,117.6167,sbi_bluechip
2015-03-19,117.5422,sbi_bluechip
2015-03-18,117.4713,sbi_bluechip
2015-03-17,117.4812,sbi_bluechip
2015-03-16,117.4257,sbi_bluechip
2015-03-13,117.3557,sbi_bluechip
2015-03-12,117.4767,sbi_bluechip
2015-03-11,117.412,sbi_bluechip
2015-03-10,117.4224,sbi_bluechip
2015-03-09,117.449,sbi_bluechip
2015-03-05,117.4822,sbi_bluechip
2015-03-04,117.4492,sbi_bluechip
2015-03-03,117.2102,sbi_bluechip
2015-03-02,117.2585,sbi_bluechip
2015-02-27,117.1873,sbi_bluechip
2015-02-26,117.1316,sbi_bluechip
2015-02-25,117.136,sbi_bluechip
2015-02-24,117.0714,sbi_bluechip
2015-02-23,116.9984,sbi_bluechip
2015-02-20,116.9274,sbi_bluechip
2015-02-18,116.8588,sbi_bluechip
2015-02-16,116.8223,sbi_bluechip
2015-02-13,116.7452,sbi_bluechip
2015-02-12,116.6546,sbi_bluechip
2015-02-11,116.669,sbi_bluechip
2015-02-10,116.6639,sbi_bluechip
2015-02-09,116.6428,sbi_bluechip
2015-02-06,116.6382,sbi_bluechip
2015-02-05,116.6397,sbi_bluechip
2015-02-04,116.6401,sbi_bluechip
2015-02-03,116.6952,sbi_bluechip
2015-02-02,116.7716,sbi_bluechip
2015-01-30,116.5922,sbi_bluechip
2015-01-29,116.583,sbi_bluechip
2015-01-28,116.5474,sbi_bluechip
2015-01-27,116.4896,sbi_bluechip
2015-01-23,116.4146,sbi_bluechip
2015-01-22,116.3811,sbi_bluechip
2015-01-21,116.3456,sbi_bluechip
2015-01-20,116.2527,sbi_bluechip
2015-01-19,116.243,sbi_bluechip
2015-01-16,116.1579,sbi_bluechip
2015-01-15,115.9938,sbi_bluechip
2015-01-14,115.6112,sbi_bluechip
2015-01-13,115.5874,sbi_bluechip
2015-01-12,115.4215,sbi_bluechip
2015-01-09,115.2179,sbi_bluechip
2015-01-08,115.1534,sbi_bluechip
2015-01-07,115.0964,sbi_bluechip
2015-01-06,115.0098,sbi_bluechip
2015-01-05,115.0697,sbi_bluechip
2015-01-02,115.0298,sbi_bluechip
2015-01-01,115.0622,sbi_bluechip
2014-12-31,115.0256,sbi_bluechip
2014-12-30,114.9108,sbi_bluechip
2014-12-29,114.7535,sbi_bluechip
2014-12-26,114.5973,sbi_bluechip
2014-12-24,114.5759,sbi_bluechip
2014-12-23,114.6022,sbi_bluechip
2014-12-22,114.5061,sbi_bluechip
2014-12-19,114.4116,sbi_bluechip
2014-12-18,114.4956,sbi_bluechip
2014-12-17,114.3381,sbi_bluechip
2014-12-16,114.3427,sbi_bluechip
2014-12-15,114.8848,sbi_bluechip
2014-12-12,114.7909,sbi_bluechip
2014-12-11,114.6519,sbi_bluechip
2014-12-10,114.5532,sbi_bluechip
2014-12-09,114.6075,sbi_bluechip
2014-12-08,114.5229,sbi_bluechip
2014-12-05,114.4292,sbi_bluechip
2014-12-04,114.375,sbi_bluechip
2014-12-03,114.3739,sbi_bluechip
2014-12-02,114.3339,sbi_bluechip
2014-12-01,114.0367,sbi_bluechip
2014-11-28,113.8838,sbi_bluechip
2014-11-27,113.6867,sbi_bluechip
2014-11-26,113.6632,sbi_bluechip
2014-11-25,113.6379,sbi_bluechip
2014-11-24,113.5794,sbi_bluechip
2014-11-21,113.5065,sbi_bluechip
2014-11-20,113.4823,sbi_bluechip
2014-11-19,113.4418,sbi_bluechip
2014-11-18,113.4102,sbi_bluechip
2014-11-17,113.3374,sbi_bluechip
2014-11-14,113.1821,sbi_bluechip
2014-11-13,113.1662,sbi_bluechip
2014-11-12,113.2863,sbi_bluechip
2014-11-11,113.233,sbi_bluechip
2014-11-10,113.2158,sbi_bluechip
2014-11-07,113.0631,sbi_bluechip
2014-11-05,113.0,sbi_bluechip
2014-11-03,112.7413,sbi_bluechip
2014-10-31,112.549,sbi_bluechip
2014-10-30,112.3874,sbi_bluechip
2014-10-29,112.2563,sbi_bluechip
2014-10-28,112.18,sbi_bluechip
2014-10-27,112.0815,sbi_bluechip
2014-10-22,111.8628,sbi_bluechip
2014-10-21,111.7859,sbi_bluechip
2014-10-20,111.6753,sbi_bluechip
2014-10-17,111.5184,sbi_bluechip
2014-10-16,111.4989,sbi_bluechip
2014-10-14,111.3032,sbi_bluechip
2014-10-13,111.165,sbi_bluechip
2014-10-10,111.0732,sbi_bluechip
2014-10-09,110.9422,sbi_bluechip
2014-10-08,110.9817,sbi_bluechip
2014-10-07,110.878,sbi_bluechip
2014-10-01,110.6379,sbi_bluechip
2014-09-30,110.6084,sbi_bluechip
2014-09-29,110.6058,sbi_bluechip
2014-09-26,110.5813,sbi_bluechip
2014-09-25,110.4443,sbi_bluechip
2014-09-24,110.4004,sbi_bluechip
2014-09-23,110.361,sbi_bluechip
2014-09-22,110.3306,sbi_bluechip
2014-09-19,110.2016,sbi_bluechip
2014-09-18,110.1537,sbi_bluechip
2014-09-17,110.0495,sbi_bluechip
2014-09-16,109.9902,sbi_bluechip
2014-09-15,109.9641,sbi_bluechip
2014-09-12,109.8922,sbi_bluechip
2014-09-11,109.8546,sbi_bluechip
2014-09-10,109.8244,sbi_bluechip
2014-09-09,109.721,sbi_bluechip
2014-09-08,109.8163,sbi_bluechip
2014-09-05,109.6985,sbi_bluechip
2014-09-04,109.6473,sbi_bluechip
2014-09-03,109.6166,sbi_bluechip
2014-09-02,109.5448,sbi_bluechip
2014-09-01,109.5116,sbi_bluechip
2014-08-28,109.3934,sbi_bluechip
2014-08-27,109.3655,sbi_bluechip
2014-08-26,109.2961,sbi_bluechip
2014-08-25,109.2596,sbi_bluechip
2014-08-22,109.2192,sbi_bluechip
2014-08-21,109.1791,sbi_bluechip
2014-08-20,109.199,sbi_bluechip
2014-08-19,109.1381,sbi_bluechip
2014-08-14,108.9888,sbi_bluechip
2014-08-13,108.9453,sbi_bluechip
2014-08-12,108.8541,sbi_bluechip
2014-08-11,108.8297,sbi_bluechip
2014-08-08,108.7279,sbi_bluechip
2014-08-07,108.7486,sbi_bluechip
2014-08-06,108.6927,sbi_bluechip
2014-08-05,108.7745,sbi_bluechip
2014-08-04,108.8673,sbi_bluechip
2014-08-01,108.7849,sbi_bluechip
2014-07-31,108.8084,sbi_bluechip
2014-07-30,108.7581,sbi_bluechip
2014-07-28,108.7696,sbi_bluechip
2014-07-25,108.7179,sbi_bluechip
2014-07-24,108.6962,sbi_bluechip
2014-07-23,108.5746,sbi_bluechip
2014-07-22,108.4712,sbi_bluechip
2014-07-21,108.3794,sbi_bluechip
2014-07-18,108.2555,sbi_bluechip
2014-07-17,108.2175,sbi_bluechip
2014-07-16,108.1362,sbi_bluechip
2014-07-15,108.0604,sbi_bluechip
2014-07-14,107.9854,sbi_bluechip
2014-07-11,108.1137,sbi_bluechip
2014-07-10,108.4249,sbi_bluechip
2014-07-09,108.4151,sbi_bluechip
2014-07-08,108.3878,sbi_bluechip
2014-07-07,108.3898,sbi_bluechip
2014-07-04,108.3324,sbi_bluechip
2014-07-03,108.2774,sbi_bluechip
2014-07-02,108.251,sbi_bluechip
2014-06-30,108.1211,sbi_bluechip
2014-06-27,108.0211,sbi_bluechip
2014-06-26,108.0195,sbi_bluechip
2014-06-25,107.9552,sbi_bluechip
2014-06-24,107.9086,sbi_bluechip
2014-06-23,107.8791,sbi_bluechip
2014-06-20,107.8502,sbi_bluechip
2014-06-19,107.9016,sbi_bluechip
2014-06-18,107.9489,sbi_bluechip
2014-06-17,107.9426,sbi_bluechip
2014-06-16,107.9536,sbi_bluechip
2014-06-13,107.976,sbi_bluechip
2014-06-12,107.9228,sbi_bluechip
2014-06-11,107.8761,sbi_bluechip
2014-06-10,107.878,sbi_bluechip
2014-06-09,107.8767,sbi_bluechip
2014-06-06,107.7408,sbi_bluechip
2014-06-05,107.6529,sbi_bluechip
2014-06-04,107.5222,sbi_bluechip
2014-06-03,107.4231,sbi_bluechip
2014-06-02,107.236,sbi_bluechip
2014-05-30,107.1905,sbi_bluechip
2014-05-29,107.1021,sbi_bluechip
2014-05-28,107.0496,sbi_bluechip
2014-05-27,107.0365,sbi_bluechip
2014-05-26,106.9784,sbi_bluechip
2014-05-23,106.9316,sbi_bluechip
2014-05-22,106.7537,sbi_bluechip
2014-05-21,106.6686,sbi_bluechip
2014-05-20,106.5899,sbi_bluechip
2014-05-19,106.5839,sbi_bluechip
2014-05-16,106.578,sbi_bluechip
2014-05-15,106.371,sbi_bluechip
2014-05-13,106.2773,sbi_bluechip
2014-05-12,106.283,sbi_bluechip
2014-05-09,106.1508,sbi_bluechip
2014-05-08,106.0486,sbi_bluechip
2014-05-07,106.0297,sbi_bluechip
2014-05-06,106.009,sbi_bluechip
2014-05-05,105.9859,sbi_bluechip
2014-05-02,105.7909,sbi_bluechip
2014-04-30,105.6958,sbi_bluechip
2014-04-29,105.6008,sbi_bluechip
2014-04-28,105.5157,sbi_bluechip
2014-04-25,105.4519,sbi_bluechip
2014-04-23,105.3895,sbi_bluechip
2014-04-22,105.3231,sbi_bluechip
2014-04-21,105.1503,sbi_bluechip
2014-04-17,104.9728,sbi_bluechip
2014-04-16,104.979,sbi_bluechip
2014-04-15,104.8973,sbi_bluechip
2014-04-11,104.7961,sbi_bluechip
2014-04-10,104.7079,sbi_bluechip
2014-04-09,104.6926,sbi_bluechip
2014-04-07,104.6708,sbi_bluechip
2014-04-04,104.6173,sbi_bluechip
2014-04-03,104.6613,sbi_bluechip
2014-04-02,104.6459,sbi_bluechip
2014-03-31,104.7403,sbi_bluechip
2014-03-28,104.6408,sbi_bluechip
2014-03-27,104.4245,sbi_bluechip
2014-03-26,104.3934,sbi_bluechip
2014-03-25,104.4319,sbi_bluechip
2014-03-24,104.3035,sbi_bluechip
2014-03-21,104.2069,sbi_bluechip
2014-03-20,104.0972,sbi_bluechip
2014-03-19,104.0916,sbi_bluechip
2014-03-18,104.0619,sbi_bluechip
2014-03-14,103.9564,sbi_bluechip
2014-03-13,103.9202,sbi_bluechip
2014-03-12,103.8563,sbi_bluechip
2014-03-11,103.8533,sbi_bluechip
2014-03-10,103.746,sbi_bluechip
2014-03-07,103.6353,sbi_bluechip
2014-03-06,103.5859,sbi_bluechip
2014-03-05,103.5515,sbi_bluechip
2014-03-04,103.4922,sbi_bluechip
2014-03-03,103.4879,sbi_bluechip
2014-02-28,103.7646,sbi_bluechip
2014-02-26,103.7081,sbi_bluechip
2014-02-25,103.687,sbi_bluechip
2014-02-24,103.6626,sbi_bluechip
2014-02-21,103.5927,sbi_bluechip
2014-02-20,103.5667,sbi_bluechip
2014-02-18,103.5059,sbi_bluechip
2014-02-17,103.4821,sbi_bluechip
2014-02-14,103.785,sbi_bluechip
2014-02-13,103.7594,sbi_bluechip
2014-02-12,103.7487,sbi_bluechip
2014-02-11,103.7273,sbi_bluechip
2014-02-10,103.7039,sbi_bluechip
2014-02-07,103.6364,sbi_bluechip
2014-02-06,103.6157,sbi_bluechip
2014-02-05,103.5806,sbi_bluechip
2014-02-04,103.5533,sbi_bluechip
2014-02-03,103.5223,sbi_bluechip
2014-01-31,103.4429,sbi_bluechip
2014-01-30,103.4259,sbi_bluechip
2014-01-29,103.4118,sbi_bluechip
2014-01-28,103.6757,sbi_bluechip
2014-01-27,103.6718,sbi_bluechip
2014-01-24,103.6008,sbi_bluechip
2014-01-23,103.5792,sbi_bluechip
2014-01-22,103.5532,sbi_bluechip
2014-01-21,103.5305,sbi_bluechip
2014-01-20,103.4895,sbi_bluechip
2014-01-17,103.4134,sbi_bluechip
2014-01-16,103.3942,sbi_bluechip
2014-01-15,103.7752,sbi_bluechip
2014-01-13,103.721,sbi_bluechip
2014-01-10,103.6477,sbi_bluechip
2014-01-09,103.5989,sbi_bluechip
2014-01-08,103.5945,sbi_bluechip
2014-01-07,103.5881,sbi_bluechip
2014-01-06,103.5815,sbi_bluechip
2014-01-03,103.506,sbi_bluechip
2014-01-02,103.4808,sbi_bluechip
2014-01-01,103.446,sbi_bluechip
2013-12-31,103.3941,sbi_bluechip
2013-12-30,103.6429,sbi_bluechip
2013-12-27,103.5893,sbi_bluechip
2013-12-26,103.5763,sbi_bluechip
2013-12-24,103.534,sbi_bluechip
2013-12-23,103.5236,sbi_bluechip
2013-12-20,103.4584,sbi_bluechip
2013-12-19,103.4336,sbi_bluechip
2013-12-18,103.4075,sbi_bluechip
2013-12-17,103.3699,sbi_bluechip
2013-12-16,103.8019,sbi_bluechip
2013-12-13,103.7247,sbi_bluechip
2013-12-12,103.7351,sbi_bluechip
2013-12-11,103.6643,sbi_bluechip
2013-12-10,103.6308,sbi_bluechip
2013-12-09,103.618,sbi_bluechip
2013-12-06,103.5593,sbi_bluechip
2013-12-05,103.5545,sbi_bluechip
2013-12-04,103.4962,sbi_bluechip
2013-12-03,103.4693,sbi_bluechip
2013-12-02,103.4284,sbi_bluechip
2013-11-29,103.3436,sbi_bluechip
2013-11-28,103.7346,sbi_bluechip
2013-11-27,103.7259,sbi_bluechip
2013-11-26,103.6402,sbi_bluechip
2013-11-25,103.6001,sbi_bluechip
2013-11-22,103.5041,sbi_bluechip
2013-11-21,103.474,sbi_bluechip
2013-11-20,103.4681,sbi_bluechip
2013-11-19,103.4355,sbi_bluechip
2013-11-18,103.396,sbi_bluechip
2013-11-14,103.6701,sbi_bluechip
2013-11-13,103.6314,sbi_bluechip
2013-11-12,103.6068,sbi_bluechip
2013-11-11,103.5975,sbi_bluechip
2013-11-08,103.5326,sbi_bluechip
2013-11-07,103.5073,sbi_bluechip
2013-11-06,103.5239,sbi_bluechip
2013-11-05,103.4962,sbi_bluechip
2013-11-01,103.3966,sbi_bluechip
2013-10-31,103.3858,sbi_bluechip
2013-10-30,103.3571,sbi_bluechip
2013-10-29,103.332,sbi_bluechip
2013-10-28,103.6375,sbi_bluechip
2013-10-25,103.5569,sbi_bluechip
2013-10-24,103.5248,sbi_bluechip
2013-10-23,103.4986,sbi_bluechip
2013-10-22,103.4859,sbi_bluechip
2013-10-21,103.4516,sbi_bluechip
2013-10-18,103.3672,sbi_bluechip
2013-10-17,103.3326,sbi_bluechip
2013-10-15,103.2589,sbi_bluechip
2013-10-14,103.8303,sbi_bluechip
2013-10-11,103.7572,sbi_bluechip
2013-10-10,103.7396,sbi_bluechip
2013-10-09,103.7191,sbi_bluechip
2013-10-08,103.7122,sbi_bluechip
2013-10-07,103.5211,sbi_bluechip
2013-10-04,103.4092,sbi_bluechip
2013-10-03,103.3443,sbi_bluechip
2013-10-01,103.2655,sbi_bluechip
2013-09-30,103.7595,sbi_bluechip
2013-09-27,103.724,sbi_bluechip
2013-09-26,103.6866,sbi_bluechip
2013-09-25,103.6534,sbi_bluechip
2013-09-24,103.6,sbi_bluechip
2013-09-23,103.594,sbi_bluechip
2013-09-20,103.5346,sbi_bluechip
2013-09-19,103.4545,sbi_bluechip
2013-09-18,103.3108,sbi_bluechip
2013-09-17,103.2261,sbi_bluechip
2013-09-16,103.8949,sbi_bluechip
2013-09-13,103.8036,sbi_bluechip
2013-09-12,103.7831,sbi_bluechip
2013-09-11,103.7462,sbi_bluechip
2013-09-10,103.7133,sbi_bluechip
2013-09-06,103.5778,sbi_bluechip
2013-09-05,103.5445,sbi_bluechip
2013-09-04,103.4408,sbi_bluechip
2013-09-03,103.3815,sbi_bluechip
2013-09-02,103.3253,sbi_bluechip
2013-08-30,103.214,sbi_bluechip
2013-08-29,103.1588,sbi_bluechip
2013-08-28,103.4713,sbi_bluechip
2013-08-27,103.4881,sbi_bluechip
2013-08-26,103.4776,sbi_bluechip
2013-08-23,103.3768,sbi_bluechip
2013-08-22,103.3345,sbi_bluechip
2013-08-21,103.3135,sbi_bluechip
2013-08-20,103.2086,sbi_bluechip
2013-08-19,103.207,sbi_bluechip
2013-08-16,103.1558,sbi_bluechip
2013-08-14,103.364,sbi_bluechip
2013-08-13,103.3152,sbi_bluechip
2013-08-12,103.2958,sbi_bluechip
2013-08-08,103.2116,sbi_bluechip
2013-08-07,103.1785,sbi_bluechip
2013-08-06,103.1471,sbi_bluechip
2013-08-05,103.1389,sbi_bluechip
2013-08-02,103.0101,sbi_bluechip
2013-08-01,102.9596,sbi_bluechip
2013-07-31,102.9055,sbi_bluechip
2013-07-30,102.8875,sbi_bluechip
2013-07-29,102.8554,sbi_bluechip
2013-07-26,102.7573,sbi_bluechip
2013-07-25,102.6991,sbi_bluechip
2013-07-24,102.6244,sbi_bluechip
2013-07-23,102.8344,sbi_bluechip
2013-07-22,102.9274,sbi_bluechip
2013-07-19,102.8672,sbi_bluechip
2013-07-18,102.8496,sbi_bluechip
2013-07-17,102.7023,sbi_bluechip
2013-07-16,102.6046,sbi_bluechip
2013-07-15,103.4995,sbi_bluechip
2013-07-12,103.4314,sbi_bluechip
2013-07-11,103.4083,sbi_bluechip
2013-07-10,103.3886,sbi_bluechip
2013-07-09,103.368,sbi_bluechip
2013-07-08,103.3431,sbi_bluechip
2013-07-05,103.2854,sbi_bluechip
2013-07-04,103.265,sbi_bluechip
2013-07-03,103.2267,sbi_bluechip
2013-07-02,103.2075,sbi_bluechip
2013-06-28,103.4072,sbi_bluechip
2013-06-27,103.3957,sbi_bluechip
2013-06-26,103.3772,sbi_bluechip
2013-06-25,103.3595,sbi_bluechip
2013-06-24,103.3469,sbi_bluechip
2013-06-21,103.2992,sbi_bluechip
2013-06-20,103.2642,sbi_bluechip
2013-06-19,103.2602,sbi_bluechip
2013-06-18,103.221,sbi_bluechip
2013-06-17,103.154,sbi_bluechip
2013-06-14,103.4267,sbi_bluechip
2013-06-13,103.4056,sbi_bluechip
2013-06-12,103.3913,sbi_bluechip
2013-06-11,103.3832,sbi_bluechip
2013-06-10,103.3704,sbi_bluechip
2013-06-07,103.3194,sbi_bluechip
2013-06-06,103.2957,sbi_bluechip
2013-06-05,103.2598,sbi_bluechip
2013-06-04,103.225,sbi_bluechip
2013-06-03,103.1984,sbi_bluechip
2013-05-31,103.1296,sbi_bluechip
2013-05-30,103.1152,sbi_bluechip
2013-05-29,103.0877,sbi_bluechip
2013-05-28,103.3617,sbi_bluechip
2013-05-27,103.349,sbi_bluechip
2013-05-24,103.2834,sbi_bluechip
2013-05-23,103.2705,sbi_bluechip
2013-05-22,103.2698,sbi_bluechip
2013-05-21,103.2444,sbi_bluechip
2013-05-20,103.2356,sbi_bluechip
2013-05-17,103.1745,sbi_bluechip
2013-05-16,103.141,sbi_bluechip
2013-05-15,103.113,sbi_bluechip
2013-05-14,103.5159,sbi_bluechip
2013-05-13,103.4824,sbi_bluechip
2013-05-10,103.4157,sbi_bluechip
2013-05-09,103.3949,sbi_bluechip
2013-05-08,103.3404,sbi_bluechip
2013-05-07,103.3087,sbi_bluechip
2013-05-06,103.2821,sbi_bluechip
2013-05-03,103.2082,sbi_bluechip
2013-05-02,103.2057,sbi_bluechip
2013-04-30,103.0655,sbi_bluechip
2013-04-29,103.3845,sbi_bluechip
2013-04-26,103.3139,sbi_bluechip
2013-04-25,103.2947,sbi_bluechip
2013-04-23,103.2481,sbi_bluechip
2013-04-22,103.216,sbi_bluechip
2013-04-18,103.1589,sbi_bluechip
2013-04-17,103.0866,sbi_bluechip
2013-04-16,103.0719,sbi_bluechip
2013-04-15,103.6711,sbi_bluechip
2013-04-12,103.5704,sbi_bluechip
2013-04-10,103.4653,sbi_bluechip
2013-04-09,103.4716,sbi_bluechip
2013-04-08,103.462,sbi_bluechip
2013-04-05,103.4164,sbi_bluechip
2013-04-04,103.4096,sbi_bluechip
2013-04-03,103.3274,sbi_bluechip
2013-04-02,103.2626,sbi_bluechip
2013-03-28,103.2633,sbi_bluechip
2013-03-26,103.2285,sbi_bluechip
2013-03-25,103.2114,sbi_bluechip
2013-03-22,103.1891,sbi_bluechip
2013-03-21,103.157,sbi_bluechip
2013-03-20,103.1016,sbi_bluechip
2013-03-19,103.0632,sbi_bluechip
2013-03-18,103.0355,sbi_bluechip
2013-03-15,102.9975,sbi_bluechip
2013-03-14,103.34,sbi_bluechip
2013-03-13,103.2884,sbi_bluechip
2013-03-12,103.251,sbi_bluechip
2013-03-11,103.2199,sbi_bluechip
2013-03-08,103.1462,sbi_bluechip
2013-03-07,103.129,sbi_bluechip
2013-03-06,103.1012,sbi_bluechip
2013-03-05,103.0786,sbi_bluechip
2013-03-04,103.0478,sbi_bluechip
2013-03-01,102.9714,sbi_bluechip
2013-02-28,103.254,sbi_bluechip
2013-02-27,103.2322,sbi_bluechip
2013-02-26,103.2097,sbi_bluechip
2013-02-25,103.1919,sbi_bluechip
2013-02-22,103.1226,sbi_bluechip
2013-02-21,103.0965,sbi_bluechip
2013-02-20,103.0725,sbi_bluechip
2013-02-18,103.0229,sbi_bluechip
2013-02-15,102.9522,sbi_bluechip
2013-02-14,103.2937,sbi_bluechip
2013-02-13,103.2745,sbi_bluechip
2013-02-12,103.2523,sbi_bluechip
2013-02-11,103.2303,sbi_bluechip
2013-02-08,103.1594,sbi_bluechip
2013-02-07,103.1356,sbi_bluechip
2013-02-06,103.1119,sbi_bluechip
2013-02-05,103.0886,sbi_bluechip
2013-02-04,103.0659,sbi_bluechip
2013-02-01,102.9976,sbi_bluechip
2013-01-31,102.9778,sbi_bluechip
2013-01-30,102.959,sbi_bluechip
2013-01-29,102.9384,sbi_bluechip
2013-01-28,103.2351,sbi_bluechip
2013-01-24,103.1411,sbi_bluechip
2013-01-23,103.1145,sbi_bluechip
2013-01-22,103.0909,sbi_bluechip
2013-01-21,103.0662,sbi_bluechip
2013-01-18,102.9932,sbi_bluechip
2013-01-17,102.9691,sbi_bluechip
2013-01-16,102.9421,sbi_bluechip
2013-01-15,102.9223,sbi_bluechip
2013-01-14,103.3225,sbi_bluechip
2013-01-11,103.2385,sbi_bluechip
2013-01-10,103.2132,sbi_bluechip
2013-01-09,103.1897,sbi_bluechip
2013-01-08,103.1663,sbi_bluechip
2013-01-07,103.1408,sbi_bluechip
2013-01-04,103.0619,sbi_bluechip
2013-01-03,103.0306,sbi_bluechip
2013-01-02,103.0059,sbi_bluechip
